2026-09-18 22:05:11 [main] INFO  c.tic.tac.toe.presentation.http.Http - http inizialidooo
2026-09-18 22:05:11 [WebSocketSelector-28] INFO  c.t.t.t.p.socket.SocketServer - websocket inicializado
2026-09-18 22:15:58 [main] INFO  c.tic.tac.toe.presentation.http.Http - http inizialidooo
2026-09-18 22:15:58 [WebSocketSelector-28] INFO  c.t.t.t.p.socket.SocketServer - websocket inicializado
2026-09-18 22:16:12 [main] INFO  c.tic.tac.toe.presentation.http.Http - http inizialidooo
2026-09-18 22:16:12 [WebSocketSelector-28] INFO  c.t.t.t.p.socket.SocketServer - websocket inicializado
2026-09-18 22:16:27 [main] INFO  c.tic.tac.toe.presentation.http.Http - http inizialidooo
2026-09-18 22:16:27 [WebSocketSelector-28] INFO  c.t.t.t.p.socket.SocketServer - websocket inicializado
2026-09-18 22:28:47 [main] INFO  c.tic.tac.toe.presentation.http.Http - http inizialidooo
2026-09-18 22:28:47 [main] INFO  c.t.t.t.p.socket.SocketManager - SocketManager successfully instantiated.
2026-09-18 22:28:47 [main] INFO  c.t.t.t.p.socket.RoomManager - RoomManager successfully instantiated.
2026-09-18 22:28:47 [WebSocketSelector-28] INFO  c.t.t.t.p.socket.SocketServer - WebSocket server started successfully. [port=8081] [url=ws://localhost:8081]
2026-09-18 22:31:55 [main] INFO  c.tic.tac.toe.presentation.http.Http - HttpServer started successfully. [port=8080] [url=http://localhost:8080]
2026-09-18 22:31:55 [main] INFO  c.t.t.t.p.socket.SocketManager - SocketManager successfully instantiated.
2026-09-18 22:31:55 [main] INFO  c.t.t.t.p.socket.RoomManager - RoomManager successfully instantiated.
2026-09-18 22:31:55 [WebSocketSelector-28] INFO  c.t.t.t.p.socket.SocketServer - WebSocketServer started successfully. [port=8081] [url=ws://localhost:8081]
2026-09-19 00:35:51 [main] INFO  c.tic.tac.toe.presentation.http.Http - HttpServer started successfully. [port=8080] [url=http://localhost:8080]
2026-09-19 00:35:51 [main] INFO  c.t.t.t.p.socket.SocketManager - SocketManager successfully instantiated.
2026-09-19 00:35:51 [main] INFO  c.t.t.t.p.socket.RoomManager - RoomManager successfully instantiated.
2026-09-19 00:35:51 [WebSocketSelector-28] INFO  c.t.t.t.p.socket.SocketServer - WebSocketServer started successfully. [port=8081] [url=ws://localhost:8081]
2026-09-19 01:04:44 [main] INFO  io.javalin.Javalin - 
       __                      __ _            __ __
      / /____ _ _   __ ____ _ / /(_)____      / // /
 __  / // __ `/| | / // __ `// // // __ \    / // /_
/ /_/ // /_/ / | |/ // /_/ // // // / / /   /__  __/
\____/ \__,_/  |___/ \__,_//_//_//_/ /_/      /_/

          https://javalin.io/documentation

2026-09-19 01:04:44 [main] INFO  org.eclipse.jetty.util.log - Logging initialized @418ms to org.eclipse.jetty.util.log.Slf4jLog
2026-09-19 01:04:44 [main] INFO  io.javalin.Javalin - Starting Javalin ...
2026-09-19 01:04:44 [main] INFO  io.javalin.Javalin - You are running Javalin 4.6.8 (released May 4, 2023. Your Javalin version is 1233 days old. Consider checking for a newer version.).
2026-09-19 01:04:44 [main] INFO  io.javalin.Javalin - Listening on http://localhost:8080/
2026-09-19 01:04:44 [main] INFO  io.javalin.Javalin - Javalin started in 164ms \o/
2026-09-19 01:04:44 [main] INFO  c.t.t.t.presentation.http.HttpServer - HttpServer started successfully. [port=8080] [url=http://localhost:8080]
2026-09-19 01:04:44 [main] INFO  c.t.t.t.p.socket.SocketManager - SocketManager successfully instantiated.
2026-09-19 01:04:44 [main] INFO  c.t.t.t.p.socket.RoomManager - RoomManager successfully instantiated.
2026-09-19 01:04:44 [WebSocketSelector-40] INFO  c.t.t.t.p.socket.SocketServer - WebSocketServer started successfully. [port=8081] [url=ws://localhost:8081]
2026-09-19 01:09:37 [main] INFO  org.eclipse.jetty.util.log - Logging initialized @422ms to org.eclipse.jetty.util.log.Slf4jLog
2026-09-19 01:09:37 [main] INFO  io.javalin.Javalin - Starting Javalin ...
2026-09-19 01:09:37 [main] INFO  io.javalin.Javalin - You are running Javalin 4.6.8 (released May 4, 2023. Your Javalin version is 1233 days old. Consider checking for a newer version.).
2026-09-19 01:09:37 [main] INFO  io.javalin.Javalin - Listening on http://localhost:8080/
2026-09-19 01:09:37 [main] INFO  io.javalin.Javalin - Javalin started in 161ms \o/
2026-09-19 01:09:37 [main] INFO  c.t.t.t.presentation.http.HttpServer - HttpServer started successfully. [port=8080] [url=http://localhost:8080]
2026-09-19 01:09:37 [main] INFO  c.t.t.t.p.socket.SocketManager - SocketManager successfully instantiated.
2026-09-19 01:09:37 [main] INFO  c.t.t.t.p.socket.RoomManager - RoomManager successfully instantiated.
2026-09-19 01:09:37 [WebSocketSelector-40] INFO  c.t.t.t.p.socket.SocketServer - WebSocketServer started successfully. [port=8081] [url=ws://localhost:8081]
2026-09-19 11:01:00 [main] INFO  org.eclipse.jetty.util.log - Logging initialized @2352ms to org.eclipse.jetty.util.log.Slf4jLog
2026-09-19 11:01:00 [main] INFO  io.javalin.Javalin - Starting Javalin ...
2026-09-19 11:01:00 [main] INFO  io.javalin.Javalin - You are running Javalin 4.6.8 (released May 4, 2023. Your Javalin version is 1233 days old. Consider checking for a newer version.).
2026-09-19 11:01:00 [main] INFO  io.javalin.Javalin - Listening on http://localhost:8080/
2026-09-19 11:01:00 [main] INFO  io.javalin.Javalin - Javalin started in 247ms \o/
2026-09-19 11:01:00 [main] INFO  c.t.t.t.presentation.http.HttpServer - HttpServer started successfully. [port=8080] [url=http://localhost:8080]
2026-09-19 11:01:00 [main] INFO  c.t.t.t.p.socket.SocketManager - SocketManager successfully instantiated.
2026-09-19 11:01:00 [main] INFO  c.t.t.t.p.socket.RoomManager - RoomManager successfully instantiated.
2026-09-19 11:01:00 [WebSocketSelector-40] INFO  c.t.t.t.p.socket.SocketServer - WebSocketServer started successfully. [port=8081] [url=ws://localhost:8081]
2026-09-19 11:03:42 [main] INFO  org.eclipse.jetty.util.log - Logging initialized @443ms to org.eclipse.jetty.util.log.Slf4jLog
2026-09-19 11:03:42 [main] INFO  io.javalin.Javalin - Starting Javalin ...
2026-09-19 11:03:42 [main] INFO  io.javalin.Javalin - You are running Javalin 4.6.8 (released May 4, 2023. Your Javalin version is 1233 days old. Consider checking for a newer version.).
2026-09-19 11:03:42 [main] INFO  io.javalin.Javalin - Listening on http://localhost:8080/
2026-09-19 11:03:42 [main] INFO  io.javalin.Javalin - Javalin started in 183ms \o/
2026-09-19 11:03:42 [main] INFO  c.t.t.t.presentation.http.HttpServer - HttpServer started successfully. [port=8080] [url=http://localhost:8080]
2026-09-19 11:03:42 [main] INFO  c.t.t.t.p.socket.SocketManager - SocketManager successfully instantiated.
2026-09-19 11:03:42 [main] INFO  c.t.t.t.p.socket.RoomManager - RoomManager successfully instantiated.
2026-09-19 11:03:42 [WebSocketSelector-40] INFO  c.t.t.t.p.socket.SocketServer - WebSocketServer started successfully. [port=8081] [url=ws://localhost:8081]
2026-09-19 11:04:16 [main] INFO  org.eclipse.jetty.util.log - Logging initialized @440ms to org.eclipse.jetty.util.log.Slf4jLog
2026-09-19 11:04:16 [main] INFO  io.javalin.Javalin - Starting Javalin ...
2026-09-19 11:04:16 [main] INFO  io.javalin.Javalin - You are running Javalin 4.6.8 (released May 4, 2023. Your Javalin version is 1233 days old. Consider checking for a newer version.).
2026-09-19 11:04:16 [main] INFO  io.javalin.Javalin - Listening on http://localhost:8080/
2026-09-19 11:04:16 [main] INFO  io.javalin.Javalin - Javalin started in 170ms \o/
2026-09-19 11:04:16 [main] INFO  c.t.t.t.presentation.http.HttpServer - HttpServer started successfully. [port=8080] [url=http://localhost:8080]
2026-09-19 11:04:16 [main] INFO  c.t.t.t.p.socket.SocketManager - SocketManager successfully instantiated.
2026-09-19 11:04:16 [main] INFO  c.t.t.t.p.socket.RoomManager - RoomManager successfully instantiated.
2026-09-19 11:04:16 [WebSocketSelector-40] INFO  c.t.t.t.p.socket.SocketServer - WebSocketServer started successfully. [port=8081] [url=ws://localhost:8081]
2026-09-19 11:40:13 [main] INFO  org.eclipse.jetty.util.log - Logging initialized @435ms to org.eclipse.jetty.util.log.Slf4jLog
2026-09-19 11:40:13 [main] INFO  io.javalin.Javalin - Starting Javalin ...
2026-09-19 11:40:13 [main] INFO  io.javalin.Javalin - You are running Javalin 4.6.8 (released May 4, 2023. Your Javalin version is 1234 days old. Consider checking for a newer version.).
2026-09-19 11:40:13 [main] INFO  io.javalin.Javalin - Listening on http://localhost:8080/
2026-09-19 11:40:13 [main] INFO  io.javalin.Javalin - Javalin started in 178ms \o/
2026-09-19 11:40:13 [main] INFO  c.t.t.t.presentation.http.HttpServer - HttpServer started successfully. [port=8080] [url=http://localhost:8080]
2026-09-19 11:40:13 [main] INFO  c.t.t.t.p.socket.SocketManager - SocketManager successfully instantiated.
2026-09-19 11:40:13 [main] INFO  c.t.t.t.p.socket.RoomManager - RoomManager successfully instantiated.
2026-09-19 11:40:13 [WebSocketSelector-40] INFO  c.t.t.t.p.socket.SocketServer - WebSocketServer started successfully. [port=8081] [url=ws://localhost:8081]
2026-09-19 17:16:43 [main] INFO  org.eclipse.jetty.util.log - Logging initialized @911ms to org.eclipse.jetty.util.log.Slf4jLog
2026-09-19 17:16:43 [main] INFO  io.javalin.Javalin - Starting Javalin ...
2026-09-19 17:16:44 [main] INFO  io.javalin.Javalin - You are running Javalin 4.6.8 (released May 4, 2023. Your Javalin version is 1234 days old. Consider checking for a newer version.).
2026-09-19 17:16:44 [main] INFO  io.javalin.Javalin - Listening on http://localhost:8080/
2026-09-19 17:16:44 [main] INFO  io.javalin.Javalin - Javalin started in 204ms \o/
2026-09-19 17:16:44 [main] INFO  c.t.t.t.presentation.http.HttpServer - HttpServer started successfully. [port=8080] [url=http://localhost:8080]
2026-09-19 17:16:44 [main] INFO  c.t.t.t.p.socket.SocketManager - SocketManager successfully instantiated.
2026-09-19 17:16:44 [main] INFO  c.t.t.t.p.socket.RoomManager - RoomManager successfully instantiated.
2026-09-19 17:16:44 [WebSocketSelector-43] INFO  c.t.t.t.p.socket.SocketServer - WebSocketServer started successfully. [port=8081] [url=ws://localhost:8081]
2026-09-19 18:13:09 [main] INFO  org.eclipse.jetty.util.log - Logging initialized @424ms to org.eclipse.jetty.util.log.Slf4jLog
2026-09-19 18:13:09 [main] INFO  io.javalin.Javalin - Starting Javalin ...
2026-09-19 18:13:09 [main] INFO  io.javalin.Javalin - You are running Javalin 4.6.8 (released May 4, 2023. Your Javalin version is 1234 days old. Consider checking for a newer version.).
2026-09-19 18:13:09 [main] INFO  io.javalin.Javalin - Listening on http://localhost:8080/
2026-09-19 18:13:09 [main] INFO  io.javalin.Javalin - Javalin started in 164ms \o/
2026-09-19 18:13:09 [main] INFO  c.t.t.t.presentation.http.HttpServer - HttpServer started successfully. [port=8080] [url=http://localhost:8080]
2026-09-19 18:13:09 [main] INFO  c.t.t.t.p.socket.SocketManager - SocketManager successfully instantiated.
2026-09-19 18:13:09 [main] INFO  c.t.t.t.p.socket.RoomManager - RoomManager successfully instantiated.
2026-09-19 18:13:09 [WebSocketSelector-40] INFO  c.t.t.t.p.socket.SocketServer - WebSocketServer started successfully. [port=8081] [url=ws://localhost:8081]
2026-09-19 18:19:16 [main] INFO  org.eclipse.jetty.util.log - Logging initialized @399ms to org.eclipse.jetty.util.log.Slf4jLog
2026-09-19 18:19:16 [main] INFO  io.javalin.Javalin - Starting Javalin ...
2026-09-19 18:19:16 [main] INFO  io.javalin.Javalin - You are running Javalin 4.6.8 (released May 4, 2023. Your Javalin version is 1234 days old. Consider checking for a newer version.).
2026-09-19 18:19:16 [main] INFO  io.javalin.Javalin - Listening on http://localhost:8080/
2026-09-19 18:19:16 [main] INFO  io.javalin.Javalin - Javalin started in 164ms \o/
2026-09-19 18:19:17 [main] INFO  c.t.t.t.presentation.http.HttpServer - HttpServer started successfully. [port=8080] [url=http://localhost:8080]
2026-09-19 18:19:17 [main] INFO  c.t.t.t.p.socket.SocketManager - SocketManager successfully instantiated.
2026-09-19 18:19:17 [main] INFO  c.t.t.t.p.socket.RoomManager - RoomManager successfully instantiated.
2026-09-19 18:19:17 [WebSocketSelector-40] INFO  c.t.t.t.p.socket.SocketServer - WebSocketServer started successfully. [port=8081] [url=ws://localhost:8081]
2026-09-19 18:19:35 [main] INFO  org.eclipse.jetty.util.log - Logging initialized @529ms to org.eclipse.jetty.util.log.Slf4jLog
2026-09-19 18:19:35 [main] INFO  io.javalin.Javalin - Starting Javalin ...
2026-09-19 18:19:35 [main] INFO  io.javalin.Javalin - You are running Javalin 4.6.8 (released May 4, 2023. Your Javalin version is 1234 days old. Consider checking for a newer version.).
2026-09-19 18:19:36 [main] INFO  io.javalin.Javalin - Listening on http://localhost:8080/
2026-09-19 18:19:36 [main] INFO  io.javalin.Javalin - Javalin started in 186ms \o/
2026-09-19 18:20:21 [main] INFO  org.eclipse.jetty.util.log - Logging initialized @426ms to org.eclipse.jetty.util.log.Slf4jLog
2026-09-19 18:20:21 [main] INFO  io.javalin.Javalin - Starting Javalin ...
2026-09-19 18:20:21 [main] INFO  io.javalin.Javalin - You are running Javalin 4.6.8 (released May 4, 2023. Your Javalin version is 1234 days old. Consider checking for a newer version.).
2026-09-19 18:20:21 [main] INFO  io.javalin.Javalin - Listening on http://localhost:8080/
2026-09-19 18:20:21 [main] INFO  io.javalin.Javalin - Javalin started in 165ms \o/
2026-09-19 18:21:46 [main] INFO  org.eclipse.jetty.util.log - Logging initialized @396ms to org.eclipse.jetty.util.log.Slf4jLog
2026-09-19 18:21:46 [main] INFO  io.javalin.Javalin - Starting Javalin ...
2026-09-19 18:21:46 [main] INFO  io.javalin.Javalin - You are running Javalin 4.6.8 (released May 4, 2023. Your Javalin version is 1234 days old. Consider checking for a newer version.).
2026-09-19 18:21:46 [main] INFO  io.javalin.Javalin - Listening on http://localhost:8080/
2026-09-19 18:21:46 [main] INFO  io.javalin.Javalin - Javalin started in 162ms \o/
2026-09-19 18:21:46 [main] INFO  c.t.t.t.presentation.http.HttpServer - HttpServer started successfully. [port=8080] [url=http://localhost:8080]
2026-09-19 18:21:46 [main] INFO  c.t.t.t.p.socket.SocketManager - SocketManager successfully instantiated.
2026-09-19 18:21:46 [main] INFO  c.t.t.t.p.socket.RoomManager - RoomManager successfully instantiated.
2026-09-19 18:21:46 [WebSocketSelector-40] INFO  c.t.t.t.p.socket.SocketServer - WebSocketServer started successfully. [port=8081] [url=ws://localhost:8081]
2026-09-19 18:43:03 [main] INFO  org.eclipse.jetty.util.log - Logging initialized @562ms to org.eclipse.jetty.util.log.Slf4jLog
2026-09-19 18:43:03 [main] INFO  io.javalin.Javalin - Starting Javalin ...
2026-09-19 18:43:03 [main] INFO  io.javalin.Javalin - You are running Javalin 4.6.8 (released May 4, 2023. Your Javalin version is 1234 days old. Consider checking for a newer version.).
2026-09-19 18:43:03 [main] INFO  io.javalin.Javalin - Listening on http://localhost:8080/
2026-09-19 18:43:03 [main] INFO  io.javalin.Javalin - Javalin started in 207ms \o/
2026-09-19 18:43:22 [main] INFO  org.eclipse.jetty.util.log - Logging initialized @473ms to org.eclipse.jetty.util.log.Slf4jLog
2026-09-19 18:43:22 [main] INFO  io.javalin.Javalin - Starting Javalin ...
2026-09-19 18:43:22 [main] INFO  io.javalin.Javalin - You are running Javalin 4.6.8 (released May 4, 2023. Your Javalin version is 1234 days old. Consider checking for a newer version.).
2026-09-19 18:43:22 [main] INFO  io.javalin.Javalin - Listening on http://localhost:8080/
2026-09-19 18:43:22 [main] INFO  io.javalin.Javalin - Javalin started in 185ms \o/
2026-09-19 18:43:23 [main] INFO  c.t.t.t.presentation.http.HttpServer - HttpServer started successfully. [port=8080] [url=http://localhost:8080]
2026-09-19 18:43:23 [main] INFO  c.t.t.t.p.socket.SocketManager - SocketManager successfully instantiated.
2026-09-19 18:43:23 [main] INFO  c.t.t.t.p.socket.RoomManager - RoomManager successfully instantiated.
2026-09-19 18:43:23 [WebSocketSelector-40] INFO  c.t.t.t.p.socket.SocketServer - WebSocketServer started successfully. [port=8081] [url=ws://localhost:8081]
2026-09-19 18:46:03 [main] INFO  org.eclipse.jetty.util.log - Logging initialized @437ms to org.eclipse.jetty.util.log.Slf4jLog
2026-09-19 18:46:03 [main] INFO  io.javalin.Javalin - Starting Javalin ...
2026-09-19 18:46:03 [main] INFO  io.javalin.Javalin - You are running Javalin 4.6.8 (released May 4, 2023. Your Javalin version is 1234 days old. Consider checking for a newer version.).
2026-09-19 18:46:03 [main] INFO  io.javalin.Javalin - Listening on http://localhost:8080/
2026-09-19 18:46:03 [main] INFO  io.javalin.Javalin - Javalin started in 173ms \o/
2026-09-19 18:46:04 [main] INFO  c.t.t.t.presentation.http.HttpServer - HttpServer started successfully. [port=8080] [url=http://localhost:8080]
2026-09-19 18:46:04 [main] INFO  c.t.t.t.p.socket.SocketManager - SocketManager successfully instantiated.
2026-09-19 18:46:04 [main] INFO  c.t.t.t.p.socket.RoomManager - RoomManager successfully instantiated.
2026-09-19 18:46:04 [WebSocketSelector-40] INFO  c.t.t.t.p.socket.SocketServer - WebSocketServer started successfully. [port=8081] [url=ws://localhost:8081]
2026-09-19 18:46:48 [JettyServerThreadPool-44] WARN  io.javalin.Javalin - Uncaught exception
com.fasterxml.jackson.databind.exc.InvalidDefinitionException: Cannot construct instance of `com.tic.tac.toe.application.dto.request.CreateUserRequestDto` (no Creators, like default constructor, exist): cannot deserialize from Object value (no delegate- or property-based Creator)
 at [Source: REDACTED (`StreamReadFeature.INCLUDE_SOURCE_IN_LOCATION` disabled); line: 2, column: 5]
	at com.fasterxml.jackson.databind.exc.InvalidDefinitionException.from(InvalidDefinitionException.java:67)
	at com.fasterxml.jackson.databind.DeserializationContext.reportBadDefinition(DeserializationContext.java:1935)
	at com.fasterxml.jackson.databind.DatabindContext.reportBadDefinition(DatabindContext.java:481)
	at com.fasterxml.jackson.databind.DeserializationContext.handleMissingInstantiator(DeserializationContext.java:1422)
	at com.fasterxml.jackson.databind.deser.BeanDeserializerBase.deserializeFromObjectUsingNonDefault(BeanDeserializerBase.java:1517)
	at com.fasterxml.jackson.databind.deser.BeanDeserializer.deserializeFromObject(BeanDeserializer.java:340)
	at com.fasterxml.jackson.databind.deser.BeanDeserializer.deserialize(BeanDeserializer.java:177)
	at com.fasterxml.jackson.databind.deser.DefaultDeserializationContext.readRootValue(DefaultDeserializationContext.java:342)
	at com.fasterxml.jackson.databind.ObjectMapper._readMapAndClose(ObjectMapper.java:5052)
	at com.fasterxml.jackson.databind.ObjectMapper.readValue(ObjectMapper.java:3954)
	at com.fasterxml.jackson.databind.ObjectMapper.readValue(ObjectMapper.java:3922)
	at io.javalin.plugin.json.JavalinJackson.fromJsonString(JavalinJackson.kt:37)
	at io.javalin.http.Context.bodyAsClass(Context.kt:113)
	at com.tic.tac.toe.presentation.http.controller.UserController.create(UserController.java:36)
	at io.javalin.core.security.SecurityUtil.noopAccessManager(SecurityUtil.kt:20)
	at io.javalin.http.JavalinServlet.addHandler$lambda-0(JavalinServlet.kt:96)
	at io.javalin.http.JavalinServlet$lifecycle$2$1$1.invoke(JavalinServlet.kt:43)
	at io.javalin.http.JavalinServlet$lifecycle$2$1$1.invoke(JavalinServlet.kt:43)
	at io.javalin.http.JavalinServletHandler.executeNextTask(JavalinServletHandler.kt:99)
	at io.javalin.http.JavalinServletHandler.queueNextTaskOrFinish$lambda-1(JavalinServletHandler.kt:85)
	at java.util.concurrent.CompletableFuture.uniComposeStage(CompletableFuture.java:995)
	at java.util.concurrent.CompletableFuture.thenCompose(CompletableFuture.java:2137)
	at io.javalin.http.JavalinServletHandler.queueNextTaskOrFinish$javalin(JavalinServletHandler.kt:85)
	at io.javalin.http.JavalinServletHandler.executeNextTask$lambda-11$lambda-10(JavalinServletHandler.kt:119)
	at java.util.concurrent.CompletableFuture.uniApply(CompletableFuture.java:616)
	at java.util.concurrent.CompletableFuture.uniApplyStage(CompletableFuture.java:628)
	at java.util.concurrent.CompletableFuture.thenApply(CompletableFuture.java:1996)
	at io.javalin.http.JavalinServletHandler.executeNextTask(JavalinServletHandler.kt:119)
	at io.javalin.http.JavalinServletHandler.queueNextTaskOrFinish$lambda-1(JavalinServletHandler.kt:85)
	at java.util.concurrent.CompletableFuture.uniComposeStage(CompletableFuture.java:995)
	at java.util.concurrent.CompletableFuture.thenCompose(CompletableFuture.java:2137)
	at io.javalin.http.JavalinServletHandler.queueNextTaskOrFinish$javalin(JavalinServletHandler.kt:85)
	at io.javalin.http.JavalinServlet.service(JavalinServlet.kt:89)
	at javax.servlet.http.HttpServlet.service(HttpServlet.java:790)
	at io.javalin.jetty.JavalinJettyServlet.service(JavalinJettyServlet.kt:58)
	at javax.servlet.http.HttpServlet.service(HttpServlet.java:790)
	at org.eclipse.jetty.servlet.ServletHolder.handle(ServletHolder.java:799)
	at org.eclipse.jetty.servlet.ServletHandler.doHandle(ServletHandler.java:554)
	at org.eclipse.jetty.server.handler.ScopedHandler.nextHandle(ScopedHandler.java:233)
	at org.eclipse.jetty.server.session.SessionHandler.doHandle(SessionHandler.java:1624)
	at org.eclipse.jetty.server.handler.ScopedHandler.nextHandle(ScopedHandler.java:233)
	at io.javalin.jetty.JettyServer$start$wsAndHttpHandler$1.doHandle(JettyServer.kt:52)
	at org.eclipse.jetty.server.handler.ScopedHandler.nextScope(ScopedHandler.java:188)
	at org.eclipse.jetty.servlet.ServletHandler.doScope(ServletHandler.java:505)
	at org.eclipse.jetty.server.session.SessionHandler.doScope(SessionHandler.java:1594)
	at org.eclipse.jetty.server.handler.ScopedHandler.nextScope(ScopedHandler.java:186)
	at org.eclipse.jetty.server.handler.ContextHandler.doScope(ContextHandler.java:1355)
	at org.eclipse.jetty.server.handler.ScopedHandler.handle(ScopedHandler.java:141)
	at org.eclipse.jetty.server.handler.StatisticsHandler.handle(StatisticsHandler.java:181)
	at org.eclipse.jetty.server.handler.HandlerWrapper.handle(HandlerWrapper.java:127)
	at org.eclipse.jetty.server.Server.handle(Server.java:516)
	at org.eclipse.jetty.server.HttpChannel.lambda$handle$1(HttpChannel.java:487)
	at org.eclipse.jetty.server.HttpChannel.dispatch(HttpChannel.java:732)
	at org.eclipse.jetty.server.HttpChannel.handle(HttpChannel.java:479)
	at org.eclipse.jetty.server.HttpConnection.onFillable(HttpConnection.java:277)
	at org.eclipse.jetty.io.AbstractConnection$ReadCallback.succeeded(AbstractConnection.java:311)
	at org.eclipse.jetty.io.FillInterest.fillable(FillInterest.java:105)
	at org.eclipse.jetty.io.ChannelEndPoint$1.run(ChannelEndPoint.java:104)
	at org.eclipse.jetty.util.thread.strategy.EatWhatYouKill.runTask(EatWhatYouKill.java:338)
	at org.eclipse.jetty.util.thread.strategy.EatWhatYouKill.doProduce(EatWhatYouKill.java:315)
	at org.eclipse.jetty.util.thread.strategy.EatWhatYouKill.tryProduce(EatWhatYouKill.java:173)
	at org.eclipse.jetty.util.thread.strategy.EatWhatYouKill.run(EatWhatYouKill.java:131)
	at org.eclipse.jetty.util.thread.ReservedThreadExecutor$ReservedThread.run(ReservedThreadExecutor.java:409)
	at org.eclipse.jetty.util.thread.QueuedThreadPool.runJob(QueuedThreadPool.java:883)
	at org.eclipse.jetty.util.thread.QueuedThreadPool$Runner.run(QueuedThreadPool.java:1034)
	at java.lang.Thread.run(Thread.java:750)
2026-09-19 18:49:27 [main] INFO  org.eclipse.jetty.util.log - Logging initialized @434ms to org.eclipse.jetty.util.log.Slf4jLog
2026-09-19 18:49:27 [main] INFO  io.javalin.Javalin - Starting Javalin ...
2026-09-19 18:49:27 [main] INFO  io.javalin.Javalin - You are running Javalin 4.6.8 (released May 4, 2023. Your Javalin version is 1234 days old. Consider checking for a newer version.).
2026-09-19 18:49:27 [main] INFO  io.javalin.Javalin - Listening on http://localhost:8080/
2026-09-19 18:49:27 [main] INFO  io.javalin.Javalin - Javalin started in 169ms \o/
2026-09-19 18:49:28 [main] INFO  c.t.t.t.presentation.http.HttpServer - HttpServer started successfully. [port=8080] [url=http://localhost:8080]
2026-09-19 18:49:28 [main] INFO  c.t.t.t.p.socket.SocketManager - SocketManager successfully instantiated.
2026-09-19 18:49:28 [main] INFO  c.t.t.t.p.socket.RoomManager - RoomManager successfully instantiated.
2026-09-19 18:49:28 [WebSocketSelector-40] INFO  c.t.t.t.p.socket.SocketServer - WebSocketServer started successfully. [port=8081] [url=ws://localhost:8081]
2026-09-19 18:49:29 [JettyServerThreadPool-44] WARN  io.javalin.Javalin - Uncaught exception
com.fasterxml.jackson.databind.exc.InvalidDefinitionException: Cannot construct instance of `com.tic.tac.toe.application.dto.request.CreateUserRequestDto` (no Creators, like default constructor, exist): cannot deserialize from Object value (no delegate- or property-based Creator)
 at [Source: REDACTED (`StreamReadFeature.INCLUDE_SOURCE_IN_LOCATION` disabled); line: 2, column: 5]
	at com.fasterxml.jackson.databind.exc.InvalidDefinitionException.from(InvalidDefinitionException.java:67)
	at com.fasterxml.jackson.databind.DeserializationContext.reportBadDefinition(DeserializationContext.java:1935)
	at com.fasterxml.jackson.databind.DatabindContext.reportBadDefinition(DatabindContext.java:481)
	at com.fasterxml.jackson.databind.DeserializationContext.handleMissingInstantiator(DeserializationContext.java:1422)
	at com.fasterxml.jackson.databind.deser.BeanDeserializerBase.deserializeFromObjectUsingNonDefault(BeanDeserializerBase.java:1517)
	at com.fasterxml.jackson.databind.deser.BeanDeserializer.deserializeFromObject(BeanDeserializer.java:340)
	at com.fasterxml.jackson.databind.deser.BeanDeserializer.deserialize(BeanDeserializer.java:177)
	at com.fasterxml.jackson.databind.deser.DefaultDeserializationContext.readRootValue(DefaultDeserializationContext.java:342)
	at com.fasterxml.jackson.databind.ObjectMapper._readMapAndClose(ObjectMapper.java:5052)
	at com.fasterxml.jackson.databind.ObjectMapper.readValue(ObjectMapper.java:3954)
	at com.fasterxml.jackson.databind.ObjectMapper.readValue(ObjectMapper.java:3922)
	at io.javalin.plugin.json.JavalinJackson.fromJsonString(JavalinJackson.kt:37)
	at io.javalin.http.Context.bodyAsClass(Context.kt:113)
	at com.tic.tac.toe.presentation.http.controller.UserController.create(UserController.java:36)
	at io.javalin.core.security.SecurityUtil.noopAccessManager(SecurityUtil.kt:20)
	at io.javalin.http.JavalinServlet.addHandler$lambda-0(JavalinServlet.kt:96)
	at io.javalin.http.JavalinServlet$lifecycle$2$1$1.invoke(JavalinServlet.kt:43)
	at io.javalin.http.JavalinServlet$lifecycle$2$1$1.invoke(JavalinServlet.kt:43)
	at io.javalin.http.JavalinServletHandler.executeNextTask(JavalinServletHandler.kt:99)
	at io.javalin.http.JavalinServletHandler.queueNextTaskOrFinish$lambda-1(JavalinServletHandler.kt:85)
	at java.util.concurrent.CompletableFuture.uniComposeStage(CompletableFuture.java:995)
	at java.util.concurrent.CompletableFuture.thenCompose(CompletableFuture.java:2137)
	at io.javalin.http.JavalinServletHandler.queueNextTaskOrFinish$javalin(JavalinServletHandler.kt:85)
	at io.javalin.http.JavalinServletHandler.executeNextTask$lambda-11$lambda-10(JavalinServletHandler.kt:119)
	at java.util.concurrent.CompletableFuture.uniApply(CompletableFuture.java:616)
	at java.util.concurrent.CompletableFuture.uniApplyStage(CompletableFuture.java:628)
	at java.util.concurrent.CompletableFuture.thenApply(CompletableFuture.java:1996)
	at io.javalin.http.JavalinServletHandler.executeNextTask(JavalinServletHandler.kt:119)
	at io.javalin.http.JavalinServletHandler.queueNextTaskOrFinish$lambda-1(JavalinServletHandler.kt:85)
	at java.util.concurrent.CompletableFuture.uniComposeStage(CompletableFuture.java:995)
	at java.util.concurrent.CompletableFuture.thenCompose(CompletableFuture.java:2137)
	at io.javalin.http.JavalinServletHandler.queueNextTaskOrFinish$javalin(JavalinServletHandler.kt:85)
	at io.javalin.http.JavalinServlet.service(JavalinServlet.kt:89)
	at javax.servlet.http.HttpServlet.service(HttpServlet.java:790)
	at io.javalin.jetty.JavalinJettyServlet.service(JavalinJettyServlet.kt:58)
	at javax.servlet.http.HttpServlet.service(HttpServlet.java:790)
	at org.eclipse.jetty.servlet.ServletHolder.handle(ServletHolder.java:799)
	at org.eclipse.jetty.servlet.ServletHandler.doHandle(ServletHandler.java:554)
	at org.eclipse.jetty.server.handler.ScopedHandler.nextHandle(ScopedHandler.java:233)
	at org.eclipse.jetty.server.session.SessionHandler.doHandle(SessionHandler.java:1624)
	at org.eclipse.jetty.server.handler.ScopedHandler.nextHandle(ScopedHandler.java:233)
	at io.javalin.jetty.JettyServer$start$wsAndHttpHandler$1.doHandle(JettyServer.kt:52)
	at org.eclipse.jetty.server.handler.ScopedHandler.nextScope(ScopedHandler.java:188)
	at org.eclipse.jetty.servlet.ServletHandler.doScope(ServletHandler.java:505)
	at org.eclipse.jetty.server.session.SessionHandler.doScope(SessionHandler.java:1594)
	at org.eclipse.jetty.server.handler.ScopedHandler.nextScope(ScopedHandler.java:186)
	at org.eclipse.jetty.server.handler.ContextHandler.doScope(ContextHandler.java:1355)
	at org.eclipse.jetty.server.handler.ScopedHandler.handle(ScopedHandler.java:141)
	at org.eclipse.jetty.server.handler.StatisticsHandler.handle(StatisticsHandler.java:181)
	at org.eclipse.jetty.server.handler.HandlerWrapper.handle(HandlerWrapper.java:127)
	at org.eclipse.jetty.server.Server.handle(Server.java:516)
	at org.eclipse.jetty.server.HttpChannel.lambda$handle$1(HttpChannel.java:487)
	at org.eclipse.jetty.server.HttpChannel.dispatch(HttpChannel.java:732)
	at org.eclipse.jetty.server.HttpChannel.handle(HttpChannel.java:479)
	at org.eclipse.jetty.server.HttpConnection.onFillable(HttpConnection.java:277)
	at org.eclipse.jetty.io.AbstractConnection$ReadCallback.succeeded(AbstractConnection.java:311)
	at org.eclipse.jetty.io.FillInterest.fillable(FillInterest.java:105)
	at org.eclipse.jetty.io.ChannelEndPoint$1.run(ChannelEndPoint.java:104)
	at org.eclipse.jetty.util.thread.QueuedThreadPool.runJob(QueuedThreadPool.java:883)
	at org.eclipse.jetty.util.thread.QueuedThreadPool$Runner.run(QueuedThreadPool.java:1034)
	at java.lang.Thread.run(Thread.java:750)
2026-09-19 18:51:30 [main] INFO  org.eclipse.jetty.util.log - Logging initialized @453ms to org.eclipse.jetty.util.log.Slf4jLog
2026-09-19 18:51:30 [main] INFO  io.javalin.Javalin - Starting Javalin ...
2026-09-19 18:51:30 [main] INFO  io.javalin.Javalin - You are running Javalin 4.6.8 (released May 4, 2023. Your Javalin version is 1234 days old. Consider checking for a newer version.).
2026-09-19 18:51:30 [main] INFO  io.javalin.Javalin - Listening on http://localhost:8080/
2026-09-19 18:51:30 [main] INFO  io.javalin.Javalin - Javalin started in 186ms \o/
2026-09-19 18:51:30 [main] INFO  c.t.t.t.presentation.http.HttpServer - HttpServer started successfully. [port=8080] [url=http://localhost:8080]
2026-09-19 18:51:30 [main] INFO  c.t.t.t.p.socket.SocketManager - SocketManager successfully instantiated.
2026-09-19 18:51:30 [main] INFO  c.t.t.t.p.socket.RoomManager - RoomManager successfully instantiated.
2026-09-19 18:51:30 [WebSocketSelector-40] INFO  c.t.t.t.p.socket.SocketServer - WebSocketServer started successfully. [port=8081] [url=ws://localhost:8081]
2026-09-19 18:52:14 [main] INFO  org.eclipse.jetty.util.log - Logging initialized @422ms to org.eclipse.jetty.util.log.Slf4jLog
2026-09-19 18:52:14 [main] INFO  io.javalin.Javalin - Starting Javalin ...
2026-09-19 18:52:14 [main] INFO  io.javalin.Javalin - You are running Javalin 4.6.8 (released May 4, 2023. Your Javalin version is 1234 days old. Consider checking for a newer version.).
2026-09-19 18:52:14 [main] INFO  io.javalin.Javalin - Listening on http://localhost:8080/
2026-09-19 18:52:14 [main] INFO  io.javalin.Javalin - Javalin started in 158ms \o/
2026-09-19 18:52:14 [main] INFO  c.t.t.t.presentation.http.HttpServer - HttpServer started successfully. [port=8080] [url=http://localhost:8080]
2026-09-19 18:52:14 [main] INFO  c.t.t.t.p.socket.SocketManager - SocketManager successfully instantiated.
2026-09-19 18:52:14 [main] INFO  c.t.t.t.p.socket.RoomManager - RoomManager successfully instantiated.
2026-09-19 18:52:14 [WebSocketSelector-40] INFO  c.t.t.t.p.socket.SocketServer - WebSocketServer started successfully. [port=8081] [url=ws://localhost:8081]
2026-09-19 18:52:45 [main] INFO  org.eclipse.jetty.util.log - Logging initialized @418ms to org.eclipse.jetty.util.log.Slf4jLog
2026-09-19 18:52:45 [main] INFO  io.javalin.Javalin - Starting Javalin ...
2026-09-19 18:52:45 [main] INFO  io.javalin.Javalin - You are running Javalin 4.6.8 (released May 4, 2023. Your Javalin version is 1234 days old. Consider checking for a newer version.).
2026-09-19 18:52:45 [main] INFO  io.javalin.Javalin - Listening on http://localhost:8080/
2026-09-19 18:52:45 [main] INFO  io.javalin.Javalin - Javalin started in 163ms \o/
2026-09-19 18:52:45 [main] INFO  c.t.t.t.presentation.http.HttpServer - HttpServer started successfully. [port=8080] [url=http://localhost:8080]
2026-09-19 18:52:45 [main] INFO  c.t.t.t.p.socket.SocketManager - SocketManager successfully instantiated.
2026-09-19 18:52:45 [main] INFO  c.t.t.t.p.socket.RoomManager - RoomManager successfully instantiated.
2026-09-19 18:52:45 [WebSocketSelector-40] INFO  c.t.t.t.p.socket.SocketServer - WebSocketServer started successfully. [port=8081] [url=ws://localhost:8081]
2026-09-19 18:52:50 [JettyServerThreadPool-44] WARN  io.javalin.Javalin - Uncaught exception
java.lang.RuntimeException: Error ao salvar user, rollback
	at com.tic.tac.toe.infrastructure.persistence.jpa.repository.UserJpaRepository.save(UserJpaRepository.java:64)
	at com.tic.tac.toe.application.service.UserServiceImpl.create(UserServiceImpl.java:41)
	at com.tic.tac.toe.presentation.http.controller.UserController.create(UserController.java:37)
	at io.javalin.core.security.SecurityUtil.noopAccessManager(SecurityUtil.kt:20)
	at io.javalin.http.JavalinServlet.addHandler$lambda-0(JavalinServlet.kt:96)
	at io.javalin.http.JavalinServlet$lifecycle$2$1$1.invoke(JavalinServlet.kt:43)
	at io.javalin.http.JavalinServlet$lifecycle$2$1$1.invoke(JavalinServlet.kt:43)
	at io.javalin.http.JavalinServletHandler.executeNextTask(JavalinServletHandler.kt:99)
	at io.javalin.http.JavalinServletHandler.queueNextTaskOrFinish$lambda-1(JavalinServletHandler.kt:85)
	at java.util.concurrent.CompletableFuture.uniComposeStage(CompletableFuture.java:995)
	at java.util.concurrent.CompletableFuture.thenCompose(CompletableFuture.java:2137)
	at io.javalin.http.JavalinServletHandler.queueNextTaskOrFinish$javalin(JavalinServletHandler.kt:85)
	at io.javalin.http.JavalinServletHandler.executeNextTask$lambda-11$lambda-10(JavalinServletHandler.kt:119)
	at java.util.concurrent.CompletableFuture.uniApply(CompletableFuture.java:616)
	at java.util.concurrent.CompletableFuture.uniApplyStage(CompletableFuture.java:628)
	at java.util.concurrent.CompletableFuture.thenApply(CompletableFuture.java:1996)
	at io.javalin.http.JavalinServletHandler.executeNextTask(JavalinServletHandler.kt:119)
	at io.javalin.http.JavalinServletHandler.queueNextTaskOrFinish$lambda-1(JavalinServletHandler.kt:85)
	at java.util.concurrent.CompletableFuture.uniComposeStage(CompletableFuture.java:995)
	at java.util.concurrent.CompletableFuture.thenCompose(CompletableFuture.java:2137)
	at io.javalin.http.JavalinServletHandler.queueNextTaskOrFinish$javalin(JavalinServletHandler.kt:85)
	at io.javalin.http.JavalinServlet.service(JavalinServlet.kt:89)
	at javax.servlet.http.HttpServlet.service(HttpServlet.java:790)
	at io.javalin.jetty.JavalinJettyServlet.service(JavalinJettyServlet.kt:58)
	at javax.servlet.http.HttpServlet.service(HttpServlet.java:790)
	at org.eclipse.jetty.servlet.ServletHolder.handle(ServletHolder.java:799)
	at org.eclipse.jetty.servlet.ServletHandler.doHandle(ServletHandler.java:554)
	at org.eclipse.jetty.server.handler.ScopedHandler.nextHandle(ScopedHandler.java:233)
	at org.eclipse.jetty.server.session.SessionHandler.doHandle(SessionHandler.java:1624)
	at org.eclipse.jetty.server.handler.ScopedHandler.nextHandle(ScopedHandler.java:233)
	at io.javalin.jetty.JettyServer$start$wsAndHttpHandler$1.doHandle(JettyServer.kt:52)
	at org.eclipse.jetty.server.handler.ScopedHandler.nextScope(ScopedHandler.java:188)
	at org.eclipse.jetty.servlet.ServletHandler.doScope(ServletHandler.java:505)
	at org.eclipse.jetty.server.session.SessionHandler.doScope(SessionHandler.java:1594)
	at org.eclipse.jetty.server.handler.ScopedHandler.nextScope(ScopedHandler.java:186)
	at org.eclipse.jetty.server.handler.ContextHandler.doScope(ContextHandler.java:1355)
	at org.eclipse.jetty.server.handler.ScopedHandler.handle(ScopedHandler.java:141)
	at org.eclipse.jetty.server.handler.StatisticsHandler.handle(StatisticsHandler.java:181)
	at org.eclipse.jetty.server.handler.HandlerWrapper.handle(HandlerWrapper.java:127)
	at org.eclipse.jetty.server.Server.handle(Server.java:516)
	at org.eclipse.jetty.server.HttpChannel.lambda$handle$1(HttpChannel.java:487)
	at org.eclipse.jetty.server.HttpChannel.dispatch(HttpChannel.java:732)
	at org.eclipse.jetty.server.HttpChannel.handle(HttpChannel.java:479)
	at org.eclipse.jetty.server.HttpConnection.onFillable(HttpConnection.java:277)
	at org.eclipse.jetty.io.AbstractConnection$ReadCallback.succeeded(AbstractConnection.java:311)
	at org.eclipse.jetty.io.FillInterest.fillable(FillInterest.java:105)
	at org.eclipse.jetty.io.ChannelEndPoint$1.run(ChannelEndPoint.java:104)
	at org.eclipse.jetty.util.thread.QueuedThreadPool.runJob(QueuedThreadPool.java:883)
	at org.eclipse.jetty.util.thread.QueuedThreadPool$Runner.run(QueuedThreadPool.java:1034)
	at java.lang.Thread.run(Thread.java:750)
2026-09-19 18:55:49 [main] INFO  org.eclipse.jetty.util.log - Logging initialized @430ms to org.eclipse.jetty.util.log.Slf4jLog
2026-09-19 18:55:49 [main] INFO  io.javalin.Javalin - Starting Javalin ...
2026-09-19 18:55:49 [main] INFO  io.javalin.Javalin - You are running Javalin 4.6.8 (released May 4, 2023. Your Javalin version is 1234 days old. Consider checking for a newer version.).
2026-09-19 18:55:50 [main] INFO  io.javalin.Javalin - Listening on http://localhost:8080/
2026-09-19 18:55:50 [main] INFO  io.javalin.Javalin - Javalin started in 193ms \o/
2026-09-19 18:55:50 [main] INFO  c.t.t.t.presentation.http.HttpServer - HttpServer started successfully. [port=8080] [url=http://localhost:8080]
2026-09-19 18:55:50 [main] INFO  c.t.t.t.p.socket.SocketManager - SocketManager successfully instantiated.
2026-09-19 18:55:50 [main] INFO  c.t.t.t.p.socket.RoomManager - RoomManager successfully instantiated.
2026-09-19 18:55:50 [WebSocketSelector-40] INFO  c.t.t.t.p.socket.SocketServer - WebSocketServer started successfully. [port=8081] [url=ws://localhost:8081]
2026-09-19 18:56:01 [JettyServerThreadPool-17] WARN  io.javalin.Javalin - Uncaught exception
java.lang.RuntimeException: Error ao salvar user, rollback
	at com.tic.tac.toe.infrastructure.persistence.jpa.repository.UserJpaRepository.save(UserJpaRepository.java:64)
	at com.tic.tac.toe.application.service.UserServiceImpl.create(UserServiceImpl.java:41)
	at com.tic.tac.toe.presentation.http.controller.UserController.create(UserController.java:37)
	at io.javalin.core.security.SecurityUtil.noopAccessManager(SecurityUtil.kt:20)
	at io.javalin.http.JavalinServlet.addHandler$lambda-0(JavalinServlet.kt:96)
	at io.javalin.http.JavalinServlet$lifecycle$2$1$1.invoke(JavalinServlet.kt:43)
	at io.javalin.http.JavalinServlet$lifecycle$2$1$1.invoke(JavalinServlet.kt:43)
	at io.javalin.http.JavalinServletHandler.executeNextTask(JavalinServletHandler.kt:99)
	at io.javalin.http.JavalinServletHandler.queueNextTaskOrFinish$lambda-1(JavalinServletHandler.kt:85)
	at java.util.concurrent.CompletableFuture.uniComposeStage(CompletableFuture.java:995)
	at java.util.concurrent.CompletableFuture.thenCompose(CompletableFuture.java:2137)
	at io.javalin.http.JavalinServletHandler.queueNextTaskOrFinish$javalin(JavalinServletHandler.kt:85)
	at io.javalin.http.JavalinServletHandler.executeNextTask$lambda-11$lambda-10(JavalinServletHandler.kt:119)
	at java.util.concurrent.CompletableFuture.uniApply(CompletableFuture.java:616)
	at java.util.concurrent.CompletableFuture.uniApplyStage(CompletableFuture.java:628)
	at java.util.concurrent.CompletableFuture.thenApply(CompletableFuture.java:1996)
	at io.javalin.http.JavalinServletHandler.executeNextTask(JavalinServletHandler.kt:119)
	at io.javalin.http.JavalinServletHandler.queueNextTaskOrFinish$lambda-1(JavalinServletHandler.kt:85)
	at java.util.concurrent.CompletableFuture.uniComposeStage(CompletableFuture.java:995)
	at java.util.concurrent.CompletableFuture.thenCompose(CompletableFuture.java:2137)
	at io.javalin.http.JavalinServletHandler.queueNextTaskOrFinish$javalin(JavalinServletHandler.kt:85)
	at io.javalin.http.JavalinServlet.service(JavalinServlet.kt:89)
	at javax.servlet.http.HttpServlet.service(HttpServlet.java:790)
	at io.javalin.jetty.JavalinJettyServlet.service(JavalinJettyServlet.kt:58)
	at javax.servlet.http.HttpServlet.service(HttpServlet.java:790)
	at org.eclipse.jetty.servlet.ServletHolder.handle(ServletHolder.java:799)
	at org.eclipse.jetty.servlet.ServletHandler.doHandle(ServletHandler.java:554)
	at org.eclipse.jetty.server.handler.ScopedHandler.nextHandle(ScopedHandler.java:233)
	at org.eclipse.jetty.server.session.SessionHandler.doHandle(SessionHandler.java:1624)
	at org.eclipse.jetty.server.handler.ScopedHandler.nextHandle(ScopedHandler.java:233)
	at io.javalin.jetty.JettyServer$start$wsAndHttpHandler$1.doHandle(JettyServer.kt:52)
	at org.eclipse.jetty.server.handler.ScopedHandler.nextScope(ScopedHandler.java:188)
	at org.eclipse.jetty.servlet.ServletHandler.doScope(ServletHandler.java:505)
	at org.eclipse.jetty.server.session.SessionHandler.doScope(SessionHandler.java:1594)
	at org.eclipse.jetty.server.handler.ScopedHandler.nextScope(ScopedHandler.java:186)
	at org.eclipse.jetty.server.handler.ContextHandler.doScope(ContextHandler.java:1355)
	at org.eclipse.jetty.server.handler.ScopedHandler.handle(ScopedHandler.java:141)
	at org.eclipse.jetty.server.handler.StatisticsHandler.handle(StatisticsHandler.java:181)
	at org.eclipse.jetty.server.handler.HandlerWrapper.handle(HandlerWrapper.java:127)
	at org.eclipse.jetty.server.Server.handle(Server.java:516)
	at org.eclipse.jetty.server.HttpChannel.lambda$handle$1(HttpChannel.java:487)
	at org.eclipse.jetty.server.HttpChannel.dispatch(HttpChannel.java:732)
	at org.eclipse.jetty.server.HttpChannel.handle(HttpChannel.java:479)
	at org.eclipse.jetty.server.HttpConnection.onFillable(HttpConnection.java:277)
	at org.eclipse.jetty.io.AbstractConnection$ReadCallback.succeeded(AbstractConnection.java:311)
	at org.eclipse.jetty.io.FillInterest.fillable(FillInterest.java:105)
	at org.eclipse.jetty.io.ChannelEndPoint$1.run(ChannelEndPoint.java:104)
	at org.eclipse.jetty.util.thread.strategy.EatWhatYouKill.runTask(EatWhatYouKill.java:338)
	at org.eclipse.jetty.util.thread.strategy.EatWhatYouKill.doProduce(EatWhatYouKill.java:315)
	at org.eclipse.jetty.util.thread.strategy.EatWhatYouKill.tryProduce(EatWhatYouKill.java:173)
	at org.eclipse.jetty.util.thread.strategy.EatWhatYouKill.produce(EatWhatYouKill.java:137)
	at org.eclipse.jetty.util.thread.QueuedThreadPool.runJob(QueuedThreadPool.java:883)
	at org.eclipse.jetty.util.thread.QueuedThreadPool$Runner.run(QueuedThreadPool.java:1034)
	at java.lang.Thread.run(Thread.java:750)
2026-09-20 17:39:03 [main] INFO  org.eclipse.jetty.util.log - Logging initialized @815ms to org.eclipse.jetty.util.log.Slf4jLog
2026-09-20 17:39:03 [main] INFO  io.javalin.Javalin - Starting Javalin ...
2026-09-20 17:39:03 [main] INFO  io.javalin.Javalin - You are running Javalin 4.6.8 (released May 4, 2023. Your Javalin version is 1235 days old. Consider checking for a newer version.).
2026-09-20 17:39:04 [main] INFO  io.javalin.Javalin - Listening on http://localhost:8080/
2026-09-20 17:39:04 [main] INFO  io.javalin.Javalin - Javalin started in 239ms \o/
2026-09-20 17:39:04 [main] INFO  c.t.t.t.presentation.http.HttpServer - HttpServer started successfully. [port=8080] [url=http://localhost:8080]
2026-09-20 17:39:04 [main] INFO  c.t.t.t.p.socket.SocketManager - SocketManager successfully instantiated.
2026-09-20 17:39:04 [main] INFO  c.t.t.t.p.socket.RoomManager - RoomManager successfully instantiated.
2026-09-20 17:39:04 [WebSocketSelector-40] INFO  c.t.t.t.p.socket.SocketServer - WebSocketServer started successfully. [port=8081] [url=ws://localhost:8081]
2026-09-20 17:42:09 [main] INFO  org.eclipse.jetty.util.log - Logging initialized @422ms to org.eclipse.jetty.util.log.Slf4jLog
2026-09-20 17:42:09 [main] INFO  io.javalin.Javalin - Starting Javalin ...
2026-09-20 17:42:09 [main] INFO  io.javalin.Javalin - You are running Javalin 4.6.8 (released May 4, 2023. Your Javalin version is 1235 days old. Consider checking for a newer version.).
2026-09-20 17:42:09 [main] INFO  io.javalin.Javalin - Listening on http://localhost:8080/
2026-09-20 17:42:09 [main] INFO  io.javalin.Javalin - Javalin started in 168ms \o/
2026-09-20 17:42:09 [main] INFO  c.t.t.t.presentation.http.HttpServer - HttpServer started successfully. [port=8080] [url=http://localhost:8080]
2026-09-20 17:42:09 [main] INFO  c.t.t.t.p.socket.SocketManager - SocketManager successfully instantiated.
2026-09-20 17:42:09 [main] INFO  c.t.t.t.p.socket.RoomManager - RoomManager successfully instantiated.
2026-09-20 17:42:09 [WebSocketSelector-40] INFO  c.t.t.t.p.socket.SocketServer - WebSocketServer started successfully. [port=8081] [url=ws://localhost:8081]
2026-09-20 17:45:23 [main] INFO  org.eclipse.jetty.util.log - Logging initialized @426ms to org.eclipse.jetty.util.log.Slf4jLog
2026-09-20 17:45:23 [main] INFO  io.javalin.Javalin - Starting Javalin ...
2026-09-20 17:45:23 [main] INFO  io.javalin.Javalin - You are running Javalin 4.6.8 (released May 4, 2023. Your Javalin version is 1235 days old. Consider checking for a newer version.).
2026-09-20 17:45:23 [main] INFO  io.javalin.Javalin - Listening on http://localhost:8080/
2026-09-20 17:45:23 [main] INFO  io.javalin.Javalin - Javalin started in 174ms \o/
2026-09-20 17:45:24 [main] INFO  c.t.t.t.presentation.http.HttpServer - HttpServer started successfully. [port=8080] [url=http://localhost:8080]
2026-09-20 17:45:24 [main] INFO  c.t.t.t.p.socket.SocketManager - SocketManager successfully instantiated.
2026-09-20 17:45:24 [main] INFO  c.t.t.t.p.socket.RoomManager - RoomManager successfully instantiated.
2026-09-20 17:45:24 [WebSocketSelector-40] INFO  c.t.t.t.p.socket.SocketServer - WebSocketServer started successfully. [port=8081] [url=ws://localhost:8081]
2026-09-20 17:49:08 [main] INFO  org.eclipse.jetty.util.log - Logging initialized @442ms to org.eclipse.jetty.util.log.Slf4jLog
2026-09-20 17:49:08 [main] INFO  io.javalin.Javalin - Starting Javalin ...
2026-09-20 17:49:08 [main] INFO  io.javalin.Javalin - You are running Javalin 4.6.8 (released May 4, 2023. Your Javalin version is 1235 days old. Consider checking for a newer version.).
2026-09-20 17:49:08 [main] INFO  io.javalin.Javalin - Listening on http://localhost:8080/
2026-09-20 17:49:08 [main] INFO  io.javalin.Javalin - Javalin started in 178ms \o/
2026-09-20 17:49:20 [main] INFO  org.eclipse.jetty.util.log - Logging initialized @454ms to org.eclipse.jetty.util.log.Slf4jLog
2026-09-20 17:49:20 [main] INFO  io.javalin.Javalin - Starting Javalin ...
2026-09-20 17:49:21 [main] INFO  io.javalin.Javalin - You are running Javalin 4.6.8 (released May 4, 2023. Your Javalin version is 1235 days old. Consider checking for a newer version.).
2026-09-20 17:49:21 [main] INFO  io.javalin.Javalin - Listening on http://localhost:8080/
2026-09-20 17:49:21 [main] INFO  io.javalin.Javalin - Javalin started in 173ms \o/
2026-09-20 17:49:21 [main] INFO  c.t.t.t.presentation.http.HttpServer - HttpServer started successfully. [port=8080] [url=http://localhost:8080]
2026-09-20 17:49:21 [main] INFO  c.t.t.t.p.socket.SocketManager - SocketManager successfully instantiated.
2026-09-20 17:49:21 [main] INFO  c.t.t.t.p.socket.RoomManager - RoomManager successfully instantiated.
2026-09-20 17:49:21 [WebSocketSelector-40] INFO  c.t.t.t.p.socket.SocketServer - WebSocketServer started successfully. [port=8081] [url=ws://localhost:8081]
2026-09-20 17:52:43 [main] INFO  org.eclipse.jetty.util.log - Logging initialized @415ms to org.eclipse.jetty.util.log.Slf4jLog
2026-09-20 17:52:43 [main] INFO  io.javalin.Javalin - Starting Javalin ...
2026-09-20 17:52:43 [main] INFO  io.javalin.Javalin - You are running Javalin 4.6.8 (released May 4, 2023. Your Javalin version is 1235 days old. Consider checking for a newer version.).
2026-09-20 17:52:43 [main] INFO  io.javalin.Javalin - Listening on http://localhost:8080/
2026-09-20 17:52:43 [main] INFO  io.javalin.Javalin - Javalin started in 167ms \o/
2026-09-20 17:52:44 [main] INFO  c.t.t.t.presentation.http.HttpServer - HttpServer started successfully. [port=8080] [url=http://localhost:8080]
2026-09-20 17:52:44 [main] INFO  c.t.t.t.p.socket.SocketManager - SocketManager successfully instantiated.
2026-09-20 17:52:44 [main] INFO  c.t.t.t.p.socket.RoomManager - RoomManager successfully instantiated.
2026-09-20 17:52:44 [WebSocketSelector-40] INFO  c.t.t.t.p.socket.SocketServer - WebSocketServer started successfully. [port=8081] [url=ws://localhost:8081]
2026-09-20 17:52:52 [JettyServerThreadPool-18] WARN  io.javalin.Javalin - Uncaught exception
java.lang.RuntimeException: Error ao salvar user, rollback
	at com.tic.tac.toe.infrastructure.persistence.jpa.repository.UserJpaRepository.save(UserJpaRepository.java:64)
	at com.tic.tac.toe.application.service.UserServiceImpl.create(UserServiceImpl.java:41)
	at com.tic.tac.toe.presentation.http.controller.UserController.create(UserController.java:46)
	at io.javalin.core.security.SecurityUtil.noopAccessManager(SecurityUtil.kt:20)
	at io.javalin.http.JavalinServlet.addHandler$lambda-0(JavalinServlet.kt:96)
	at io.javalin.http.JavalinServlet$lifecycle$2$1$1.invoke(JavalinServlet.kt:43)
	at io.javalin.http.JavalinServlet$lifecycle$2$1$1.invoke(JavalinServlet.kt:43)
	at io.javalin.http.JavalinServletHandler.executeNextTask(JavalinServletHandler.kt:99)
	at io.javalin.http.JavalinServletHandler.queueNextTaskOrFinish$lambda-1(JavalinServletHandler.kt:85)
	at java.util.concurrent.CompletableFuture.uniComposeStage(CompletableFuture.java:995)
	at java.util.concurrent.CompletableFuture.thenCompose(CompletableFuture.java:2137)
	at io.javalin.http.JavalinServletHandler.queueNextTaskOrFinish$javalin(JavalinServletHandler.kt:85)
	at io.javalin.http.JavalinServletHandler.executeNextTask$lambda-11$lambda-10(JavalinServletHandler.kt:119)
	at java.util.concurrent.CompletableFuture.uniApply(CompletableFuture.java:616)
	at java.util.concurrent.CompletableFuture.uniApplyStage(CompletableFuture.java:628)
	at java.util.concurrent.CompletableFuture.thenApply(CompletableFuture.java:1996)
	at io.javalin.http.JavalinServletHandler.executeNextTask(JavalinServletHandler.kt:119)
	at io.javalin.http.JavalinServletHandler.queueNextTaskOrFinish$lambda-1(JavalinServletHandler.kt:85)
	at java.util.concurrent.CompletableFuture.uniComposeStage(CompletableFuture.java:995)
	at java.util.concurrent.CompletableFuture.thenCompose(CompletableFuture.java:2137)
	at io.javalin.http.JavalinServletHandler.queueNextTaskOrFinish$javalin(JavalinServletHandler.kt:85)
	at io.javalin.http.JavalinServlet.service(JavalinServlet.kt:89)
	at javax.servlet.http.HttpServlet.service(HttpServlet.java:790)
	at io.javalin.jetty.JavalinJettyServlet.service(JavalinJettyServlet.kt:58)
	at javax.servlet.http.HttpServlet.service(HttpServlet.java:790)
	at org.eclipse.jetty.servlet.ServletHolder.handle(ServletHolder.java:799)
	at org.eclipse.jetty.servlet.ServletHandler.doHandle(ServletHandler.java:554)
	at org.eclipse.jetty.server.handler.ScopedHandler.nextHandle(ScopedHandler.java:233)
	at org.eclipse.jetty.server.session.SessionHandler.doHandle(SessionHandler.java:1624)
	at org.eclipse.jetty.server.handler.ScopedHandler.nextHandle(ScopedHandler.java:233)
	at io.javalin.jetty.JettyServer$start$wsAndHttpHandler$1.doHandle(JettyServer.kt:52)
	at org.eclipse.jetty.server.handler.ScopedHandler.nextScope(ScopedHandler.java:188)
	at org.eclipse.jetty.servlet.ServletHandler.doScope(ServletHandler.java:505)
	at org.eclipse.jetty.server.session.SessionHandler.doScope(SessionHandler.java:1594)
	at org.eclipse.jetty.server.handler.ScopedHandler.nextScope(ScopedHandler.java:186)
	at org.eclipse.jetty.server.handler.ContextHandler.doScope(ContextHandler.java:1355)
	at org.eclipse.jetty.server.handler.ScopedHandler.handle(ScopedHandler.java:141)
	at org.eclipse.jetty.server.handler.StatisticsHandler.handle(StatisticsHandler.java:181)
	at org.eclipse.jetty.server.handler.HandlerWrapper.handle(HandlerWrapper.java:127)
	at org.eclipse.jetty.server.Server.handle(Server.java:516)
	at org.eclipse.jetty.server.HttpChannel.lambda$handle$1(HttpChannel.java:487)
	at org.eclipse.jetty.server.HttpChannel.dispatch(HttpChannel.java:732)
	at org.eclipse.jetty.server.HttpChannel.handle(HttpChannel.java:479)
	at org.eclipse.jetty.server.HttpConnection.onFillable(HttpConnection.java:277)
	at org.eclipse.jetty.io.AbstractConnection$ReadCallback.succeeded(AbstractConnection.java:311)
	at org.eclipse.jetty.io.FillInterest.fillable(FillInterest.java:105)
	at org.eclipse.jetty.io.ChannelEndPoint$1.run(ChannelEndPoint.java:104)
	at org.eclipse.jetty.util.thread.strategy.EatWhatYouKill.runTask(EatWhatYouKill.java:338)
	at org.eclipse.jetty.util.thread.strategy.EatWhatYouKill.doProduce(EatWhatYouKill.java:315)
	at org.eclipse.jetty.util.thread.strategy.EatWhatYouKill.tryProduce(EatWhatYouKill.java:173)
	at org.eclipse.jetty.util.thread.strategy.EatWhatYouKill.produce(EatWhatYouKill.java:137)
	at org.eclipse.jetty.util.thread.QueuedThreadPool.runJob(QueuedThreadPool.java:883)
	at org.eclipse.jetty.util.thread.QueuedThreadPool$Runner.run(QueuedThreadPool.java:1034)
	at java.lang.Thread.run(Thread.java:750)
2026-09-20 17:53:28 [JettyServerThreadPool-44] WARN  io.javalin.Javalin - Uncaught exception
java.lang.RuntimeException: Erro ao procurar todos os users
	at com.tic.tac.toe.infrastructure.persistence.jpa.repository.UserJpaRepository.findAll(UserJpaRepository.java:30)
	at com.tic.tac.toe.application.service.UserServiceImpl.findAll(UserServiceImpl.java:25)
	at com.tic.tac.toe.presentation.http.controller.UserController.findAll(UserController.java:34)
	at io.javalin.core.security.SecurityUtil.noopAccessManager(SecurityUtil.kt:20)
	at io.javalin.http.JavalinServlet.addHandler$lambda-0(JavalinServlet.kt:96)
	at io.javalin.http.JavalinServlet$lifecycle$2$1$1.invoke(JavalinServlet.kt:43)
	at io.javalin.http.JavalinServlet$lifecycle$2$1$1.invoke(JavalinServlet.kt:43)
	at io.javalin.http.JavalinServletHandler.executeNextTask(JavalinServletHandler.kt:99)
	at io.javalin.http.JavalinServletHandler.queueNextTaskOrFinish$lambda-1(JavalinServletHandler.kt:85)
	at java.util.concurrent.CompletableFuture.uniComposeStage(CompletableFuture.java:995)
	at java.util.concurrent.CompletableFuture.thenCompose(CompletableFuture.java:2137)
	at io.javalin.http.JavalinServletHandler.queueNextTaskOrFinish$javalin(JavalinServletHandler.kt:85)
	at io.javalin.http.JavalinServletHandler.executeNextTask$lambda-11$lambda-10(JavalinServletHandler.kt:119)
	at java.util.concurrent.CompletableFuture.uniApply(CompletableFuture.java:616)
	at java.util.concurrent.CompletableFuture.uniApplyStage(CompletableFuture.java:628)
	at java.util.concurrent.CompletableFuture.thenApply(CompletableFuture.java:1996)
	at io.javalin.http.JavalinServletHandler.executeNextTask(JavalinServletHandler.kt:119)
	at io.javalin.http.JavalinServletHandler.queueNextTaskOrFinish$lambda-1(JavalinServletHandler.kt:85)
	at java.util.concurrent.CompletableFuture.uniComposeStage(CompletableFuture.java:995)
	at java.util.concurrent.CompletableFuture.thenCompose(CompletableFuture.java:2137)
	at io.javalin.http.JavalinServletHandler.queueNextTaskOrFinish$javalin(JavalinServletHandler.kt:85)
	at io.javalin.http.JavalinServlet.service(JavalinServlet.kt:89)
	at javax.servlet.http.HttpServlet.service(HttpServlet.java:790)
	at io.javalin.jetty.JavalinJettyServlet.service(JavalinJettyServlet.kt:58)
	at javax.servlet.http.HttpServlet.service(HttpServlet.java:790)
	at org.eclipse.jetty.servlet.ServletHolder.handle(ServletHolder.java:799)
	at org.eclipse.jetty.servlet.ServletHandler.doHandle(ServletHandler.java:554)
	at org.eclipse.jetty.server.handler.ScopedHandler.nextHandle(ScopedHandler.java:233)
	at org.eclipse.jetty.server.session.SessionHandler.doHandle(SessionHandler.java:1624)
	at org.eclipse.jetty.server.handler.ScopedHandler.nextHandle(ScopedHandler.java:233)
	at io.javalin.jetty.JettyServer$start$wsAndHttpHandler$1.doHandle(JettyServer.kt:52)
	at org.eclipse.jetty.server.handler.ScopedHandler.nextScope(ScopedHandler.java:188)
	at org.eclipse.jetty.servlet.ServletHandler.doScope(ServletHandler.java:505)
	at org.eclipse.jetty.server.session.SessionHandler.doScope(SessionHandler.java:1594)
	at org.eclipse.jetty.server.handler.ScopedHandler.nextScope(ScopedHandler.java:186)
	at org.eclipse.jetty.server.handler.ContextHandler.doScope(ContextHandler.java:1355)
	at org.eclipse.jetty.server.handler.ScopedHandler.handle(ScopedHandler.java:141)
	at org.eclipse.jetty.server.handler.StatisticsHandler.handle(StatisticsHandler.java:181)
	at org.eclipse.jetty.server.handler.HandlerWrapper.handle(HandlerWrapper.java:127)
	at org.eclipse.jetty.server.Server.handle(Server.java:516)
	at org.eclipse.jetty.server.HttpChannel.lambda$handle$1(HttpChannel.java:487)
	at org.eclipse.jetty.server.HttpChannel.dispatch(HttpChannel.java:732)
	at org.eclipse.jetty.server.HttpChannel.handle(HttpChannel.java:479)
	at org.eclipse.jetty.server.HttpConnection.onFillable(HttpConnection.java:277)
	at org.eclipse.jetty.io.AbstractConnection$ReadCallback.succeeded(AbstractConnection.java:311)
	at org.eclipse.jetty.io.FillInterest.fillable(FillInterest.java:105)
	at org.eclipse.jetty.io.ChannelEndPoint$1.run(ChannelEndPoint.java:104)
	at org.eclipse.jetty.util.thread.strategy.EatWhatYouKill.runTask(EatWhatYouKill.java:338)
	at org.eclipse.jetty.util.thread.strategy.EatWhatYouKill.doProduce(EatWhatYouKill.java:315)
	at org.eclipse.jetty.util.thread.strategy.EatWhatYouKill.tryProduce(EatWhatYouKill.java:173)
	at org.eclipse.jetty.util.thread.strategy.EatWhatYouKill.run(EatWhatYouKill.java:131)
	at org.eclipse.jetty.util.thread.ReservedThreadExecutor$ReservedThread.run(ReservedThreadExecutor.java:409)
	at org.eclipse.jetty.util.thread.QueuedThreadPool.runJob(QueuedThreadPool.java:883)
	at org.eclipse.jetty.util.thread.QueuedThreadPool$Runner.run(QueuedThreadPool.java:1034)
	at java.lang.Thread.run(Thread.java:750)
2026-09-20 17:56:07 [main] INFO  org.eclipse.jetty.util.log - Logging initialized @448ms to org.eclipse.jetty.util.log.Slf4jLog
2026-09-20 17:56:07 [main] INFO  io.javalin.Javalin - Starting Javalin ...
2026-09-20 17:56:07 [main] INFO  io.javalin.Javalin - You are running Javalin 4.6.8 (released May 4, 2023. Your Javalin version is 1235 days old. Consider checking for a newer version.).
2026-09-20 17:56:07 [main] INFO  io.javalin.Javalin - Listening on http://localhost:8080/
2026-09-20 17:56:07 [main] INFO  io.javalin.Javalin - Javalin started in 163ms \o/
2026-09-20 17:56:08 [main] INFO  c.t.t.t.presentation.http.HttpServer - HttpServer started successfully. [port=8080] [url=http://localhost:8080]
2026-09-20 17:56:08 [main] INFO  c.t.t.t.p.socket.SocketManager - SocketManager successfully instantiated.
2026-09-20 17:56:08 [main] INFO  c.t.t.t.p.socket.RoomManager - RoomManager successfully instantiated.
2026-09-20 17:56:08 [WebSocketSelector-40] INFO  c.t.t.t.p.socket.SocketServer - WebSocketServer started successfully. [port=8081] [url=ws://localhost:8081]
2026-09-20 17:56:11 [JettyServerThreadPool-44] WARN  io.javalin.Javalin - Uncaught exception
java.lang.RuntimeException: Erro ao procurar todos os users
	at com.tic.tac.toe.infrastructure.persistence.jpa.repository.UserJpaRepository.findAll(UserJpaRepository.java:30)
	at com.tic.tac.toe.application.service.UserServiceImpl.findAll(UserServiceImpl.java:25)
	at com.tic.tac.toe.presentation.http.controller.UserController.findAll(UserController.java:34)
	at io.javalin.core.security.SecurityUtil.noopAccessManager(SecurityUtil.kt:20)
	at io.javalin.http.JavalinServlet.addHandler$lambda-0(JavalinServlet.kt:96)
	at io.javalin.http.JavalinServlet$lifecycle$2$1$1.invoke(JavalinServlet.kt:43)
	at io.javalin.http.JavalinServlet$lifecycle$2$1$1.invoke(JavalinServlet.kt:43)
	at io.javalin.http.JavalinServletHandler.executeNextTask(JavalinServletHandler.kt:99)
	at io.javalin.http.JavalinServletHandler.queueNextTaskOrFinish$lambda-1(JavalinServletHandler.kt:85)
	at java.util.concurrent.CompletableFuture.uniComposeStage(CompletableFuture.java:995)
	at java.util.concurrent.CompletableFuture.thenCompose(CompletableFuture.java:2137)
	at io.javalin.http.JavalinServletHandler.queueNextTaskOrFinish$javalin(JavalinServletHandler.kt:85)
	at io.javalin.http.JavalinServletHandler.executeNextTask$lambda-11$lambda-10(JavalinServletHandler.kt:119)
	at java.util.concurrent.CompletableFuture.uniApply(CompletableFuture.java:616)
	at java.util.concurrent.CompletableFuture.uniApplyStage(CompletableFuture.java:628)
	at java.util.concurrent.CompletableFuture.thenApply(CompletableFuture.java:1996)
	at io.javalin.http.JavalinServletHandler.executeNextTask(JavalinServletHandler.kt:119)
	at io.javalin.http.JavalinServletHandler.queueNextTaskOrFinish$lambda-1(JavalinServletHandler.kt:85)
	at java.util.concurrent.CompletableFuture.uniComposeStage(CompletableFuture.java:995)
	at java.util.concurrent.CompletableFuture.thenCompose(CompletableFuture.java:2137)
	at io.javalin.http.JavalinServletHandler.queueNextTaskOrFinish$javalin(JavalinServletHandler.kt:85)
	at io.javalin.http.JavalinServlet.service(JavalinServlet.kt:89)
	at javax.servlet.http.HttpServlet.service(HttpServlet.java:790)
	at io.javalin.jetty.JavalinJettyServlet.service(JavalinJettyServlet.kt:58)
	at javax.servlet.http.HttpServlet.service(HttpServlet.java:790)
	at org.eclipse.jetty.servlet.ServletHolder.handle(ServletHolder.java:799)
	at org.eclipse.jetty.servlet.ServletHandler.doHandle(ServletHandler.java:554)
	at org.eclipse.jetty.server.handler.ScopedHandler.nextHandle(ScopedHandler.java:233)
	at org.eclipse.jetty.server.session.SessionHandler.doHandle(SessionHandler.java:1624)
	at org.eclipse.jetty.server.handler.ScopedHandler.nextHandle(ScopedHandler.java:233)
	at io.javalin.jetty.JettyServer$start$wsAndHttpHandler$1.doHandle(JettyServer.kt:52)
	at org.eclipse.jetty.server.handler.ScopedHandler.nextScope(ScopedHandler.java:188)
	at org.eclipse.jetty.servlet.ServletHandler.doScope(ServletHandler.java:505)
	at org.eclipse.jetty.server.session.SessionHandler.doScope(SessionHandler.java:1594)
	at org.eclipse.jetty.server.handler.ScopedHandler.nextScope(ScopedHandler.java:186)
	at org.eclipse.jetty.server.handler.ContextHandler.doScope(ContextHandler.java:1355)
	at org.eclipse.jetty.server.handler.ScopedHandler.handle(ScopedHandler.java:141)
	at org.eclipse.jetty.server.handler.StatisticsHandler.handle(StatisticsHandler.java:181)
	at org.eclipse.jetty.server.handler.HandlerWrapper.handle(HandlerWrapper.java:127)
	at org.eclipse.jetty.server.Server.handle(Server.java:516)
	at org.eclipse.jetty.server.HttpChannel.lambda$handle$1(HttpChannel.java:487)
	at org.eclipse.jetty.server.HttpChannel.dispatch(HttpChannel.java:732)
	at org.eclipse.jetty.server.HttpChannel.handle(HttpChannel.java:479)
	at org.eclipse.jetty.server.HttpConnection.onFillable(HttpConnection.java:277)
	at org.eclipse.jetty.io.AbstractConnection$ReadCallback.succeeded(AbstractConnection.java:311)
	at org.eclipse.jetty.io.FillInterest.fillable(FillInterest.java:105)
	at org.eclipse.jetty.io.ChannelEndPoint$1.run(ChannelEndPoint.java:104)
	at org.eclipse.jetty.util.thread.QueuedThreadPool.runJob(QueuedThreadPool.java:883)
	at org.eclipse.jetty.util.thread.QueuedThreadPool$Runner.run(QueuedThreadPool.java:1034)
	at java.lang.Thread.run(Thread.java:750)
Caused by: java.lang.IllegalArgumentException: An exception occurred while creating a query in EntityManager: 
Exception Description: Syntax error parsing [SELECT u FROMUser u]. 
[19, 19] A select statement must have a FROM clause.
	at org.eclipse.persistence.internal.jpa.EntityManagerImpl.createQuery(EntityManagerImpl.java:1751)
	at org.eclipse.persistence.internal.jpa.EntityManagerImpl.createQuery(EntityManagerImpl.java:1772)
	at com.tic.tac.toe.infrastructure.persistence.jpa.repository.UserJpaRepository.findAll(UserJpaRepository.java:28)
	... 49 common frames omitted
Caused by: org.eclipse.persistence.exceptions.JPQLException: 
Exception Description: Syntax error parsing [SELECT u FROMUser u]. 
[19, 19] A select statement must have a FROM clause.
	at org.eclipse.persistence.internal.jpa.jpql.HermesParser.buildException(HermesParser.java:157)
	at org.eclipse.persistence.internal.jpa.jpql.HermesParser.validate(HermesParser.java:336)
	at org.eclipse.persistence.internal.jpa.jpql.HermesParser.populateQueryImp(HermesParser.java:280)
	at org.eclipse.persistence.internal.jpa.jpql.HermesParser.buildQuery(HermesParser.java:165)
	at org.eclipse.persistence.internal.jpa.EJBQueryImpl.buildEJBQLDatabaseQuery(EJBQueryImpl.java:142)
	at org.eclipse.persistence.internal.jpa.EJBQueryImpl.buildEJBQLDatabaseQuery(EJBQueryImpl.java:118)
	at org.eclipse.persistence.internal.jpa.EJBQueryImpl.<init>(EJBQueryImpl.java:104)
	at org.eclipse.persistence.internal.jpa.EJBQueryImpl.<init>(EJBQueryImpl.java:88)
	at org.eclipse.persistence.internal.jpa.EntityManagerImpl.createQuery(EntityManagerImpl.java:1749)
	... 51 common frames omitted
2026-09-20 17:56:48 [main] INFO  org.eclipse.jetty.util.log - Logging initialized @424ms to org.eclipse.jetty.util.log.Slf4jLog
2026-09-20 17:56:48 [main] INFO  io.javalin.Javalin - Starting Javalin ...
2026-09-20 17:56:48 [main] INFO  io.javalin.Javalin - You are running Javalin 4.6.8 (released May 4, 2023. Your Javalin version is 1235 days old. Consider checking for a newer version.).
2026-09-20 17:56:48 [main] INFO  io.javalin.Javalin - Listening on http://localhost:8080/
2026-09-20 17:56:48 [main] INFO  io.javalin.Javalin - Javalin started in 167ms \o/
2026-09-20 17:56:48 [main] INFO  c.t.t.t.presentation.http.HttpServer - HttpServer started successfully. [port=8080] [url=http://localhost:8080]
2026-09-20 17:56:48 [main] INFO  c.t.t.t.p.socket.SocketManager - SocketManager successfully instantiated.
2026-09-20 17:56:48 [main] INFO  c.t.t.t.p.socket.RoomManager - RoomManager successfully instantiated.
2026-09-20 17:56:48 [WebSocketSelector-40] INFO  c.t.t.t.p.socket.SocketServer - WebSocketServer started successfully. [port=8081] [url=ws://localhost:8081]
2026-09-20 17:56:55 [JettyServerThreadPool-44] WARN  io.javalin.Javalin - Uncaught exception
java.lang.RuntimeException: Erro ao procurar todos os users
	at com.tic.tac.toe.infrastructure.persistence.jpa.repository.UserJpaRepository.findAll(UserJpaRepository.java:30)
	at com.tic.tac.toe.application.service.UserServiceImpl.findAll(UserServiceImpl.java:25)
	at com.tic.tac.toe.presentation.http.controller.UserController.findAll(UserController.java:34)
	at io.javalin.core.security.SecurityUtil.noopAccessManager(SecurityUtil.kt:20)
	at io.javalin.http.JavalinServlet.addHandler$lambda-0(JavalinServlet.kt:96)
	at io.javalin.http.JavalinServlet$lifecycle$2$1$1.invoke(JavalinServlet.kt:43)
	at io.javalin.http.JavalinServlet$lifecycle$2$1$1.invoke(JavalinServlet.kt:43)
	at io.javalin.http.JavalinServletHandler.executeNextTask(JavalinServletHandler.kt:99)
	at io.javalin.http.JavalinServletHandler.queueNextTaskOrFinish$lambda-1(JavalinServletHandler.kt:85)
	at java.util.concurrent.CompletableFuture.uniComposeStage(CompletableFuture.java:995)
	at java.util.concurrent.CompletableFuture.thenCompose(CompletableFuture.java:2137)
	at io.javalin.http.JavalinServletHandler.queueNextTaskOrFinish$javalin(JavalinServletHandler.kt:85)
	at io.javalin.http.JavalinServletHandler.executeNextTask$lambda-11$lambda-10(JavalinServletHandler.kt:119)
	at java.util.concurrent.CompletableFuture.uniApply(CompletableFuture.java:616)
	at java.util.concurrent.CompletableFuture.uniApplyStage(CompletableFuture.java:628)
	at java.util.concurrent.CompletableFuture.thenApply(CompletableFuture.java:1996)
	at io.javalin.http.JavalinServletHandler.executeNextTask(JavalinServletHandler.kt:119)
	at io.javalin.http.JavalinServletHandler.queueNextTaskOrFinish$lambda-1(JavalinServletHandler.kt:85)
	at java.util.concurrent.CompletableFuture.uniComposeStage(CompletableFuture.java:995)
	at java.util.concurrent.CompletableFuture.thenCompose(CompletableFuture.java:2137)
	at io.javalin.http.JavalinServletHandler.queueNextTaskOrFinish$javalin(JavalinServletHandler.kt:85)
	at io.javalin.http.JavalinServlet.service(JavalinServlet.kt:89)
	at javax.servlet.http.HttpServlet.service(HttpServlet.java:790)
	at io.javalin.jetty.JavalinJettyServlet.service(JavalinJettyServlet.kt:58)
	at javax.servlet.http.HttpServlet.service(HttpServlet.java:790)
	at org.eclipse.jetty.servlet.ServletHolder.handle(ServletHolder.java:799)
	at org.eclipse.jetty.servlet.ServletHandler.doHandle(ServletHandler.java:554)
	at org.eclipse.jetty.server.handler.ScopedHandler.nextHandle(ScopedHandler.java:233)
	at org.eclipse.jetty.server.session.SessionHandler.doHandle(SessionHandler.java:1624)
	at org.eclipse.jetty.server.handler.ScopedHandler.nextHandle(ScopedHandler.java:233)
	at io.javalin.jetty.JettyServer$start$wsAndHttpHandler$1.doHandle(JettyServer.kt:52)
	at org.eclipse.jetty.server.handler.ScopedHandler.nextScope(ScopedHandler.java:188)
	at org.eclipse.jetty.servlet.ServletHandler.doScope(ServletHandler.java:505)
	at org.eclipse.jetty.server.session.SessionHandler.doScope(SessionHandler.java:1594)
	at org.eclipse.jetty.server.handler.ScopedHandler.nextScope(ScopedHandler.java:186)
	at org.eclipse.jetty.server.handler.ContextHandler.doScope(ContextHandler.java:1355)
	at org.eclipse.jetty.server.handler.ScopedHandler.handle(ScopedHandler.java:141)
	at org.eclipse.jetty.server.handler.StatisticsHandler.handle(StatisticsHandler.java:181)
	at org.eclipse.jetty.server.handler.HandlerWrapper.handle(HandlerWrapper.java:127)
	at org.eclipse.jetty.server.Server.handle(Server.java:516)
	at org.eclipse.jetty.server.HttpChannel.lambda$handle$1(HttpChannel.java:487)
	at org.eclipse.jetty.server.HttpChannel.dispatch(HttpChannel.java:732)
	at org.eclipse.jetty.server.HttpChannel.handle(HttpChannel.java:479)
	at org.eclipse.jetty.server.HttpConnection.onFillable(HttpConnection.java:277)
	at org.eclipse.jetty.io.AbstractConnection$ReadCallback.succeeded(AbstractConnection.java:311)
	at org.eclipse.jetty.io.FillInterest.fillable(FillInterest.java:105)
	at org.eclipse.jetty.io.ChannelEndPoint$1.run(ChannelEndPoint.java:104)
	at org.eclipse.jetty.util.thread.QueuedThreadPool.runJob(QueuedThreadPool.java:883)
	at org.eclipse.jetty.util.thread.QueuedThreadPool$Runner.run(QueuedThreadPool.java:1034)
	at java.lang.Thread.run(Thread.java:750)
Caused by: java.lang.IllegalArgumentException: An exception occurred while creating a query in EntityManager: 
Exception Description: Syntax error parsing [SELECT u FROMUser u]. 
[19, 19] A select statement must have a FROM clause.
	at org.eclipse.persistence.internal.jpa.EntityManagerImpl.createQuery(EntityManagerImpl.java:1751)
	at org.eclipse.persistence.internal.jpa.EntityManagerImpl.createQuery(EntityManagerImpl.java:1772)
	at com.tic.tac.toe.infrastructure.persistence.jpa.repository.UserJpaRepository.findAll(UserJpaRepository.java:28)
	... 49 common frames omitted
Caused by: org.eclipse.persistence.exceptions.JPQLException: 
Exception Description: Syntax error parsing [SELECT u FROMUser u]. 
[19, 19] A select statement must have a FROM clause.
	at org.eclipse.persistence.internal.jpa.jpql.HermesParser.buildException(HermesParser.java:157)
	at org.eclipse.persistence.internal.jpa.jpql.HermesParser.validate(HermesParser.java:336)
	at org.eclipse.persistence.internal.jpa.jpql.HermesParser.populateQueryImp(HermesParser.java:280)
	at org.eclipse.persistence.internal.jpa.jpql.HermesParser.buildQuery(HermesParser.java:165)
	at org.eclipse.persistence.internal.jpa.EJBQueryImpl.buildEJBQLDatabaseQuery(EJBQueryImpl.java:142)
	at org.eclipse.persistence.internal.jpa.EJBQueryImpl.buildEJBQLDatabaseQuery(EJBQueryImpl.java:118)
	at org.eclipse.persistence.internal.jpa.EJBQueryImpl.<init>(EJBQueryImpl.java:104)
	at org.eclipse.persistence.internal.jpa.EJBQueryImpl.<init>(EJBQueryImpl.java:88)
	at org.eclipse.persistence.internal.jpa.EntityManagerImpl.createQuery(EntityManagerImpl.java:1749)
	... 51 common frames omitted
2026-09-20 17:58:41 [main] INFO  org.eclipse.jetty.util.log - Logging initialized @433ms to org.eclipse.jetty.util.log.Slf4jLog
2026-09-20 17:58:41 [main] INFO  io.javalin.Javalin - Starting Javalin ...
2026-09-20 17:58:41 [main] INFO  io.javalin.Javalin - You are running Javalin 4.6.8 (released May 4, 2023. Your Javalin version is 1235 days old. Consider checking for a newer version.).
2026-09-20 17:58:41 [main] INFO  io.javalin.Javalin - Listening on http://localhost:8080/
2026-09-20 17:58:41 [main] INFO  io.javalin.Javalin - Javalin started in 160ms \o/
2026-09-20 17:58:42 [main] INFO  c.t.t.t.presentation.http.HttpServer - HttpServer started successfully. [port=8080] [url=http://localhost:8080]
2026-09-20 17:58:42 [main] INFO  c.t.t.t.p.socket.SocketManager - SocketManager successfully instantiated.
2026-09-20 17:58:42 [main] INFO  c.t.t.t.p.socket.RoomManager - RoomManager successfully instantiated.
2026-09-20 17:58:42 [WebSocketSelector-40] INFO  c.t.t.t.p.socket.SocketServer - WebSocketServer started successfully. [port=8081] [url=ws://localhost:8081]
2026-09-20 17:58:44 [JettyServerThreadPool-44] WARN  io.javalin.Javalin - Uncaught exception
com.fasterxml.jackson.databind.exc.InvalidDefinitionException: Java 8 date/time type `java.time.Instant` not supported by default: add Module "com.fasterxml.jackson.datatype:jackson-datatype-jsr310" to enable handling (or disable `MapperFeature.REQUIRE_HANDLERS_FOR_JAVA8_TIMES`) (through reference chain: java.util.Vector[0]->com.tic.tac.toe.domain.entity.User["createdAt"])
	at com.fasterxml.jackson.databind.exc.InvalidDefinitionException.from(InvalidDefinitionException.java:77)
	at com.fasterxml.jackson.databind.SerializerProvider.reportBadDefinition(SerializerProvider.java:1359)
	at com.fasterxml.jackson.databind.ser.impl.UnsupportedTypeSerializer.serialize(UnsupportedTypeSerializer.java:34)
	at com.fasterxml.jackson.databind.ser.BeanPropertyWriter.serializeAsField(BeanPropertyWriter.java:732)
	at com.fasterxml.jackson.databind.ser.std.BeanSerializerBase.serializeFields(BeanSerializerBase.java:760)
	at com.fasterxml.jackson.databind.ser.BeanSerializer.serialize(BeanSerializer.java:183)
	at com.fasterxml.jackson.databind.ser.impl.IndexedListSerializer.serializeContents(IndexedListSerializer.java:119)
	at com.fasterxml.jackson.databind.ser.impl.IndexedListSerializer.serialize(IndexedListSerializer.java:79)
	at com.fasterxml.jackson.databind.ser.impl.IndexedListSerializer.serialize(IndexedListSerializer.java:18)
	at com.fasterxml.jackson.databind.ser.DefaultSerializerProvider._serialize(DefaultSerializerProvider.java:503)
	at com.fasterxml.jackson.databind.ser.DefaultSerializerProvider.serializeValue(DefaultSerializerProvider.java:342)
	at com.fasterxml.jackson.databind.ObjectMapper._writeValueAndClose(ObjectMapper.java:4938)
	at com.fasterxml.jackson.databind.ObjectMapper.writeValueAsString(ObjectMapper.java:4146)
	at io.javalin.plugin.json.JavalinJackson.toJsonString(JavalinJackson.kt:21)
	at io.javalin.http.Context.json(Context.kt:439)
	at com.tic.tac.toe.presentation.http.controller.UserController.findAll(UserController.java:36)
	at io.javalin.core.security.SecurityUtil.noopAccessManager(SecurityUtil.kt:20)
	at io.javalin.http.JavalinServlet.addHandler$lambda-0(JavalinServlet.kt:96)
	at io.javalin.http.JavalinServlet$lifecycle$2$1$1.invoke(JavalinServlet.kt:43)
	at io.javalin.http.JavalinServlet$lifecycle$2$1$1.invoke(JavalinServlet.kt:43)
	at io.javalin.http.JavalinServletHandler.executeNextTask(JavalinServletHandler.kt:99)
	at io.javalin.http.JavalinServletHandler.queueNextTaskOrFinish$lambda-1(JavalinServletHandler.kt:85)
	at java.util.concurrent.CompletableFuture.uniComposeStage(CompletableFuture.java:995)
	at java.util.concurrent.CompletableFuture.thenCompose(CompletableFuture.java:2137)
	at io.javalin.http.JavalinServletHandler.queueNextTaskOrFinish$javalin(JavalinServletHandler.kt:85)
	at io.javalin.http.JavalinServletHandler.executeNextTask$lambda-11$lambda-10(JavalinServletHandler.kt:119)
	at java.util.concurrent.CompletableFuture.uniApply(CompletableFuture.java:616)
	at java.util.concurrent.CompletableFuture.uniApplyStage(CompletableFuture.java:628)
	at java.util.concurrent.CompletableFuture.thenApply(CompletableFuture.java:1996)
	at io.javalin.http.JavalinServletHandler.executeNextTask(JavalinServletHandler.kt:119)
	at io.javalin.http.JavalinServletHandler.queueNextTaskOrFinish$lambda-1(JavalinServletHandler.kt:85)
	at java.util.concurrent.CompletableFuture.uniComposeStage(CompletableFuture.java:995)
	at java.util.concurrent.CompletableFuture.thenCompose(CompletableFuture.java:2137)
	at io.javalin.http.JavalinServletHandler.queueNextTaskOrFinish$javalin(JavalinServletHandler.kt:85)
	at io.javalin.http.JavalinServlet.service(JavalinServlet.kt:89)
	at javax.servlet.http.HttpServlet.service(HttpServlet.java:790)
	at io.javalin.jetty.JavalinJettyServlet.service(JavalinJettyServlet.kt:58)
	at javax.servlet.http.HttpServlet.service(HttpServlet.java:790)
	at org.eclipse.jetty.servlet.ServletHolder.handle(ServletHolder.java:799)
	at org.eclipse.jetty.servlet.ServletHandler.doHandle(ServletHandler.java:554)
	at org.eclipse.jetty.server.handler.ScopedHandler.nextHandle(ScopedHandler.java:233)
	at org.eclipse.jetty.server.session.SessionHandler.doHandle(SessionHandler.java:1624)
	at org.eclipse.jetty.server.handler.ScopedHandler.nextHandle(ScopedHandler.java:233)
	at io.javalin.jetty.JettyServer$start$wsAndHttpHandler$1.doHandle(JettyServer.kt:52)
	at org.eclipse.jetty.server.handler.ScopedHandler.nextScope(ScopedHandler.java:188)
	at org.eclipse.jetty.servlet.ServletHandler.doScope(ServletHandler.java:505)
	at org.eclipse.jetty.server.session.SessionHandler.doScope(SessionHandler.java:1594)
	at org.eclipse.jetty.server.handler.ScopedHandler.nextScope(ScopedHandler.java:186)
	at org.eclipse.jetty.server.handler.ContextHandler.doScope(ContextHandler.java:1355)
	at org.eclipse.jetty.server.handler.ScopedHandler.handle(ScopedHandler.java:141)
	at org.eclipse.jetty.server.handler.StatisticsHandler.handle(StatisticsHandler.java:181)
	at org.eclipse.jetty.server.handler.HandlerWrapper.handle(HandlerWrapper.java:127)
	at org.eclipse.jetty.server.Server.handle(Server.java:516)
	at org.eclipse.jetty.server.HttpChannel.lambda$handle$1(HttpChannel.java:487)
	at org.eclipse.jetty.server.HttpChannel.dispatch(HttpChannel.java:732)
	at org.eclipse.jetty.server.HttpChannel.handle(HttpChannel.java:479)
	at org.eclipse.jetty.server.HttpConnection.onFillable(HttpConnection.java:277)
	at org.eclipse.jetty.io.AbstractConnection$ReadCallback.succeeded(AbstractConnection.java:311)
	at org.eclipse.jetty.io.FillInterest.fillable(FillInterest.java:105)
	at org.eclipse.jetty.io.ChannelEndPoint$1.run(ChannelEndPoint.java:104)
	at org.eclipse.jetty.util.thread.QueuedThreadPool.runJob(QueuedThreadPool.java:883)
	at org.eclipse.jetty.util.thread.QueuedThreadPool$Runner.run(QueuedThreadPool.java:1034)
	at java.lang.Thread.run(Thread.java:750)
2026-09-20 18:00:33 [main] INFO  org.eclipse.jetty.util.log - Logging initialized @444ms to org.eclipse.jetty.util.log.Slf4jLog
2026-09-20 18:00:33 [main] INFO  io.javalin.Javalin - Starting Javalin ...
2026-09-20 18:00:33 [main] INFO  io.javalin.Javalin - You are running Javalin 4.6.8 (released May 4, 2023. Your Javalin version is 1235 days old. Consider checking for a newer version.).
2026-09-20 18:00:33 [main] INFO  io.javalin.Javalin - Listening on http://localhost:8080/
2026-09-20 18:00:33 [main] INFO  io.javalin.Javalin - Javalin started in 175ms \o/
2026-09-20 18:00:34 [main] INFO  c.t.t.t.presentation.http.HttpServer - HttpServer started successfully. [port=8080] [url=http://localhost:8080]
2026-09-20 18:00:34 [main] INFO  c.t.t.t.p.socket.SocketManager - SocketManager successfully instantiated.
2026-09-20 18:00:34 [main] INFO  c.t.t.t.p.socket.RoomManager - RoomManager successfully instantiated.
2026-09-20 18:00:34 [WebSocketSelector-40] INFO  c.t.t.t.p.socket.SocketServer - WebSocketServer started successfully. [port=8081] [url=ws://localhost:8081]
2026-09-20 18:01:35 [main] INFO  org.eclipse.jetty.util.log - Logging initialized @497ms to org.eclipse.jetty.util.log.Slf4jLog
2026-09-20 18:01:35 [main] INFO  io.javalin.Javalin - Starting Javalin ...
2026-09-20 18:01:35 [main] INFO  io.javalin.Javalin - You are running Javalin 4.6.8 (released May 4, 2023. Your Javalin version is 1235 days old. Consider checking for a newer version.).
2026-09-20 18:01:35 [main] INFO  io.javalin.Javalin - Listening on http://localhost:8080/
2026-09-20 18:01:35 [main] INFO  io.javalin.Javalin - Javalin started in 256ms \o/
2026-09-20 18:01:36 [main] INFO  c.t.t.t.presentation.http.HttpServer - HttpServer started successfully. [port=8080] [url=http://localhost:8080]
2026-09-20 18:01:36 [main] INFO  c.t.t.t.p.socket.SocketManager - SocketManager successfully instantiated.
2026-09-20 18:01:36 [main] INFO  c.t.t.t.p.socket.RoomManager - RoomManager successfully instantiated.
2026-09-20 18:01:36 [WebSocketSelector-40] INFO  c.t.t.t.p.socket.SocketServer - WebSocketServer started successfully. [port=8081] [url=ws://localhost:8081]
2026-09-20 18:01:38 [JettyServerThreadPool-44] WARN  io.javalin.Javalin - Uncaught exception
com.fasterxml.jackson.databind.exc.InvalidDefinitionException: Java 8 date/time type `java.time.LocalDateTime` not supported by default: add Module "com.fasterxml.jackson.datatype:jackson-datatype-jsr310" to enable handling (or disable `MapperFeature.REQUIRE_HANDLERS_FOR_JAVA8_TIMES`) (through reference chain: java.util.Vector[0]->com.tic.tac.toe.domain.entity.User["createdAt"])
	at com.fasterxml.jackson.databind.exc.InvalidDefinitionException.from(InvalidDefinitionException.java:77)
	at com.fasterxml.jackson.databind.SerializerProvider.reportBadDefinition(SerializerProvider.java:1359)
	at com.fasterxml.jackson.databind.ser.impl.UnsupportedTypeSerializer.serialize(UnsupportedTypeSerializer.java:34)
	at com.fasterxml.jackson.databind.ser.BeanPropertyWriter.serializeAsField(BeanPropertyWriter.java:732)
	at com.fasterxml.jackson.databind.ser.std.BeanSerializerBase.serializeFields(BeanSerializerBase.java:760)
	at com.fasterxml.jackson.databind.ser.BeanSerializer.serialize(BeanSerializer.java:183)
	at com.fasterxml.jackson.databind.ser.impl.IndexedListSerializer.serializeContents(IndexedListSerializer.java:119)
	at com.fasterxml.jackson.databind.ser.impl.IndexedListSerializer.serialize(IndexedListSerializer.java:79)
	at com.fasterxml.jackson.databind.ser.impl.IndexedListSerializer.serialize(IndexedListSerializer.java:18)
	at com.fasterxml.jackson.databind.ser.DefaultSerializerProvider._serialize(DefaultSerializerProvider.java:503)
	at com.fasterxml.jackson.databind.ser.DefaultSerializerProvider.serializeValue(DefaultSerializerProvider.java:342)
	at com.fasterxml.jackson.databind.ObjectMapper._writeValueAndClose(ObjectMapper.java:4938)
	at com.fasterxml.jackson.databind.ObjectMapper.writeValueAsString(ObjectMapper.java:4146)
	at io.javalin.plugin.json.JavalinJackson.toJsonString(JavalinJackson.kt:21)
	at io.javalin.http.Context.json(Context.kt:439)
	at com.tic.tac.toe.presentation.http.controller.UserController.findAll(UserController.java:36)
	at io.javalin.core.security.SecurityUtil.noopAccessManager(SecurityUtil.kt:20)
	at io.javalin.http.JavalinServlet.addHandler$lambda-0(JavalinServlet.kt:96)
	at io.javalin.http.JavalinServlet$lifecycle$2$1$1.invoke(JavalinServlet.kt:43)
	at io.javalin.http.JavalinServlet$lifecycle$2$1$1.invoke(JavalinServlet.kt:43)
	at io.javalin.http.JavalinServletHandler.executeNextTask(JavalinServletHandler.kt:99)
	at io.javalin.http.JavalinServletHandler.queueNextTaskOrFinish$lambda-1(JavalinServletHandler.kt:85)
	at java.util.concurrent.CompletableFuture.uniComposeStage(CompletableFuture.java:995)
	at java.util.concurrent.CompletableFuture.thenCompose(CompletableFuture.java:2137)
	at io.javalin.http.JavalinServletHandler.queueNextTaskOrFinish$javalin(JavalinServletHandler.kt:85)
	at io.javalin.http.JavalinServletHandler.executeNextTask$lambda-11$lambda-10(JavalinServletHandler.kt:119)
	at java.util.concurrent.CompletableFuture.uniApply(CompletableFuture.java:616)
	at java.util.concurrent.CompletableFuture.uniApplyStage(CompletableFuture.java:628)
	at java.util.concurrent.CompletableFuture.thenApply(CompletableFuture.java:1996)
	at io.javalin.http.JavalinServletHandler.executeNextTask(JavalinServletHandler.kt:119)
	at io.javalin.http.JavalinServletHandler.queueNextTaskOrFinish$lambda-1(JavalinServletHandler.kt:85)
	at java.util.concurrent.CompletableFuture.uniComposeStage(CompletableFuture.java:995)
	at java.util.concurrent.CompletableFuture.thenCompose(CompletableFuture.java:2137)
	at io.javalin.http.JavalinServletHandler.queueNextTaskOrFinish$javalin(JavalinServletHandler.kt:85)
	at io.javalin.http.JavalinServlet.service(JavalinServlet.kt:89)
	at javax.servlet.http.HttpServlet.service(HttpServlet.java:790)
	at io.javalin.jetty.JavalinJettyServlet.service(JavalinJettyServlet.kt:58)
	at javax.servlet.http.HttpServlet.service(HttpServlet.java:790)
	at org.eclipse.jetty.servlet.ServletHolder.handle(ServletHolder.java:799)
	at org.eclipse.jetty.servlet.ServletHandler.doHandle(ServletHandler.java:554)
	at org.eclipse.jetty.server.handler.ScopedHandler.nextHandle(ScopedHandler.java:233)
	at org.eclipse.jetty.server.session.SessionHandler.doHandle(SessionHandler.java:1624)
	at org.eclipse.jetty.server.handler.ScopedHandler.nextHandle(ScopedHandler.java:233)
	at io.javalin.jetty.JettyServer$start$wsAndHttpHandler$1.doHandle(JettyServer.kt:52)
	at org.eclipse.jetty.server.handler.ScopedHandler.nextScope(ScopedHandler.java:188)
	at org.eclipse.jetty.servlet.ServletHandler.doScope(ServletHandler.java:505)
	at org.eclipse.jetty.server.session.SessionHandler.doScope(SessionHandler.java:1594)
	at org.eclipse.jetty.server.handler.ScopedHandler.nextScope(ScopedHandler.java:186)
	at org.eclipse.jetty.server.handler.ContextHandler.doScope(ContextHandler.java:1355)
	at org.eclipse.jetty.server.handler.ScopedHandler.handle(ScopedHandler.java:141)
	at org.eclipse.jetty.server.handler.StatisticsHandler.handle(StatisticsHandler.java:181)
	at org.eclipse.jetty.server.handler.HandlerWrapper.handle(HandlerWrapper.java:127)
	at org.eclipse.jetty.server.Server.handle(Server.java:516)
	at org.eclipse.jetty.server.HttpChannel.lambda$handle$1(HttpChannel.java:487)
	at org.eclipse.jetty.server.HttpChannel.dispatch(HttpChannel.java:732)
	at org.eclipse.jetty.server.HttpChannel.handle(HttpChannel.java:479)
	at org.eclipse.jetty.server.HttpConnection.onFillable(HttpConnection.java:277)
	at org.eclipse.jetty.io.AbstractConnection$ReadCallback.succeeded(AbstractConnection.java:311)
	at org.eclipse.jetty.io.FillInterest.fillable(FillInterest.java:105)
	at org.eclipse.jetty.io.ChannelEndPoint$1.run(ChannelEndPoint.java:104)
	at org.eclipse.jetty.util.thread.QueuedThreadPool.runJob(QueuedThreadPool.java:883)
	at org.eclipse.jetty.util.thread.QueuedThreadPool$Runner.run(QueuedThreadPool.java:1034)
	at java.lang.Thread.run(Thread.java:750)
2026-09-20 18:04:37 [main] INFO  org.eclipse.jetty.util.log - Logging initialized @457ms to org.eclipse.jetty.util.log.Slf4jLog
2026-09-20 18:04:37 [main] INFO  io.javalin.Javalin - Starting Javalin ...
2026-09-20 18:04:37 [main] INFO  io.javalin.Javalin - You are running Javalin 4.6.8 (released May 4, 2023. Your Javalin version is 1235 days old. Consider checking for a newer version.).
2026-09-20 18:04:37 [main] INFO  io.javalin.Javalin - Listening on http://localhost:8080/
2026-09-20 18:04:37 [main] INFO  io.javalin.Javalin - Javalin started in 184ms \o/
2026-09-20 18:04:54 [main] INFO  org.eclipse.jetty.util.log - Logging initialized @457ms to org.eclipse.jetty.util.log.Slf4jLog
2026-09-20 18:04:54 [main] INFO  io.javalin.Javalin - Starting Javalin ...
2026-09-20 18:04:54 [main] INFO  io.javalin.Javalin - You are running Javalin 4.6.8 (released May 4, 2023. Your Javalin version is 1235 days old. Consider checking for a newer version.).
2026-09-20 18:04:54 [main] INFO  io.javalin.Javalin - Listening on http://localhost:8080/
2026-09-20 18:04:54 [main] INFO  io.javalin.Javalin - Javalin started in 165ms \o/
2026-09-20 18:04:55 [main] INFO  c.t.t.t.presentation.http.HttpServer - HttpServer started successfully. [port=8080] [url=http://localhost:8080]
2026-09-20 18:04:55 [main] INFO  c.t.t.t.p.socket.SocketManager - SocketManager successfully instantiated.
2026-09-20 18:04:55 [main] INFO  c.t.t.t.p.socket.RoomManager - RoomManager successfully instantiated.
2026-09-20 18:04:55 [WebSocketSelector-40] INFO  c.t.t.t.p.socket.SocketServer - WebSocketServer started successfully. [port=8081] [url=ws://localhost:8081]
2026-09-20 18:05:32 [main] INFO  org.eclipse.jetty.util.log - Logging initialized @604ms to org.eclipse.jetty.util.log.Slf4jLog
2026-09-20 18:05:32 [main] INFO  io.javalin.Javalin - Starting Javalin ...
2026-09-20 18:05:32 [main] INFO  io.javalin.Javalin - You are running Javalin 4.6.8 (released May 4, 2023. Your Javalin version is 1235 days old. Consider checking for a newer version.).
2026-09-20 18:05:32 [main] INFO  io.javalin.Javalin - Listening on http://localhost:8080/
2026-09-20 18:05:32 [main] INFO  io.javalin.Javalin - Javalin started in 161ms \o/
2026-09-20 18:05:32 [main] INFO  c.t.t.t.presentation.http.HttpServer - HttpServer started successfully. [port=8080] [url=http://localhost:8080]
2026-09-20 18:05:32 [main] INFO  c.t.t.t.p.socket.SocketManager - SocketManager successfully instantiated.
2026-09-20 18:05:32 [main] INFO  c.t.t.t.p.socket.RoomManager - RoomManager successfully instantiated.
2026-09-20 18:05:32 [WebSocketSelector-40] INFO  c.t.t.t.p.socket.SocketServer - WebSocketServer started successfully. [port=8081] [url=ws://localhost:8081]
2026-09-20 18:09:49 [main] INFO  org.eclipse.jetty.util.log - Logging initialized @433ms to org.eclipse.jetty.util.log.Slf4jLog
2026-09-20 18:09:49 [main] INFO  io.javalin.Javalin - Starting Javalin ...
2026-09-20 18:09:49 [main] INFO  io.javalin.Javalin - You are running Javalin 4.6.8 (released May 4, 2023. Your Javalin version is 1235 days old. Consider checking for a newer version.).
2026-09-20 18:09:49 [main] INFO  io.javalin.Javalin - Listening on http://localhost:8080/
2026-09-20 18:09:49 [main] INFO  io.javalin.Javalin - Javalin started in 179ms \o/
2026-09-20 18:09:49 [main] INFO  c.t.t.t.presentation.http.HttpServer - HttpServer started successfully. [port=8080] [url=http://localhost:8080]
2026-09-20 18:09:49 [main] INFO  c.t.t.t.p.socket.SocketManager - SocketManager successfully instantiated.
2026-09-20 18:09:49 [main] INFO  c.t.t.t.p.socket.RoomManager - RoomManager successfully instantiated.
2026-09-20 18:09:49 [main] INFO  com.tic.tac.toe.Application - Started Application
2026-09-20 18:09:49 [WebSocketSelector-40] INFO  c.t.t.t.p.socket.SocketServer - WebSocketServer started successfully. [port=8081] [url=ws://localhost:8081]
2026-09-20 18:12:23 [main] INFO  org.eclipse.jetty.util.log - Logging initialized @421ms to org.eclipse.jetty.util.log.Slf4jLog
2026-09-20 18:12:23 [main] INFO  io.javalin.Javalin - Starting Javalin ...
2026-09-20 18:12:23 [main] INFO  io.javalin.Javalin - You are running Javalin 4.6.8 (released May 4, 2023. Your Javalin version is 1235 days old. Consider checking for a newer version.).
2026-09-20 18:12:24 [main] INFO  io.javalin.Javalin - Listening on http://localhost:8080/
2026-09-20 18:12:24 [main] INFO  io.javalin.Javalin - Javalin started in 163ms \o/
2026-09-20 18:12:24 [main] INFO  c.t.t.t.presentation.http.HttpServer - HttpServer started successfully. [port=8080] [url=http://localhost:8080]
2026-09-20 18:12:24 [main] INFO  c.t.t.t.p.socket.SocketManager - SocketManager successfully instantiated.
2026-09-20 18:12:24 [main] INFO  c.t.t.t.p.socket.RoomManager - RoomManager successfully instantiated.
2026-09-20 18:12:24 [main] INFO  com.tic.tac.toe.Application - Started Application
2026-09-20 18:12:24 [WebSocketSelector-40] INFO  c.t.t.t.p.socket.SocketServer - WebSocketServer started successfully. [port=8081] [url=ws://localhost:8081]
2026-09-20 18:12:40 [main] INFO  c.t.t.t.p.socket.SocketManager - SocketManager successfully instantiated.
2026-09-20 18:12:40 [main] INFO  c.t.t.t.p.socket.RoomManager - RoomManager successfully instantiated.
2026-09-20 18:12:41 [WebSocketSelector-25] INFO  c.t.t.t.p.socket.SocketServer - WebSocketServer started successfully. [port=8081] [url=ws://localhost:8081]
2026-09-20 18:12:41 [main] INFO  org.eclipse.jetty.util.log - Logging initialized @467ms to org.eclipse.jetty.util.log.Slf4jLog
2026-09-20 18:12:41 [main] INFO  io.javalin.Javalin - Starting Javalin ...
2026-09-20 18:12:41 [main] INFO  io.javalin.Javalin - You are running Javalin 4.6.8 (released May 4, 2023. Your Javalin version is 1235 days old. Consider checking for a newer version.).
2026-09-20 18:12:41 [main] INFO  io.javalin.Javalin - Listening on http://localhost:8080/
2026-09-20 18:12:41 [main] INFO  io.javalin.Javalin - Javalin started in 153ms \o/
2026-09-20 18:12:41 [main] INFO  c.t.t.t.presentation.http.HttpServer - HttpServer started successfully. [port=8080] [url=http://localhost:8080]
2026-09-20 18:12:41 [main] INFO  com.tic.tac.toe.Application - Started Application
2026-09-20 18:12:46 [main] INFO  c.t.t.t.p.socket.SocketManager - SocketManager successfully instantiated.
2026-09-20 18:12:46 [main] INFO  c.t.t.t.p.socket.RoomManager - RoomManager successfully instantiated.
2026-09-20 18:12:46 [WebSocketSelector-25] INFO  c.t.t.t.p.socket.SocketServer - WebSocketServer started successfully. [port=8081] [url=ws://localhost:8081]
2026-09-20 18:12:46 [main] INFO  org.eclipse.jetty.util.log - Logging initialized @413ms to org.eclipse.jetty.util.log.Slf4jLog
2026-09-20 18:12:46 [main] INFO  io.javalin.Javalin - Starting Javalin ...
2026-09-20 18:12:46 [main] INFO  io.javalin.Javalin - You are running Javalin 4.6.8 (released May 4, 2023. Your Javalin version is 1235 days old. Consider checking for a newer version.).
2026-09-20 18:12:46 [main] INFO  io.javalin.Javalin - Listening on http://localhost:8080/
2026-09-20 18:12:46 [main] INFO  io.javalin.Javalin - Javalin started in 162ms \o/
2026-09-20 18:12:47 [main] INFO  c.t.t.t.presentation.http.HttpServer - HttpServer started successfully. [port=8080] [url=http://localhost:8080]
2026-09-20 18:12:47 [main] INFO  com.tic.tac.toe.Application - Started Application
2026-09-20 18:12:50 [main] INFO  c.t.t.t.p.socket.SocketManager - SocketManager successfully instantiated.
2026-09-20 18:12:50 [main] INFO  c.t.t.t.p.socket.RoomManager - RoomManager successfully instantiated.
2026-09-20 18:12:50 [WebSocketSelector-25] INFO  c.t.t.t.p.socket.SocketServer - WebSocketServer started successfully. [port=8081] [url=ws://localhost:8081]
2026-09-20 18:12:50 [main] INFO  org.eclipse.jetty.util.log - Logging initialized @431ms to org.eclipse.jetty.util.log.Slf4jLog
2026-09-20 18:12:50 [main] INFO  io.javalin.Javalin - Starting Javalin ...
2026-09-20 18:12:51 [main] INFO  io.javalin.Javalin - You are running Javalin 4.6.8 (released May 4, 2023. Your Javalin version is 1235 days old. Consider checking for a newer version.).
2026-09-20 18:12:51 [main] INFO  io.javalin.Javalin - Listening on http://localhost:8080/
2026-09-20 18:12:51 [main] INFO  io.javalin.Javalin - Javalin started in 161ms \o/
2026-09-20 18:12:51 [main] INFO  c.t.t.t.presentation.http.HttpServer - HttpServer started successfully. [port=8080] [url=http://localhost:8080]
2026-09-20 18:12:51 [main] INFO  com.tic.tac.toe.Application - Started Application
2026-09-20 18:12:55 [main] INFO  c.t.t.t.p.socket.SocketManager - SocketManager successfully instantiated.
2026-09-20 18:12:55 [main] INFO  c.t.t.t.p.socket.RoomManager - RoomManager successfully instantiated.
2026-09-20 18:12:55 [WebSocketSelector-25] INFO  c.t.t.t.p.socket.SocketServer - WebSocketServer started successfully. [port=8081] [url=ws://localhost:8081]
2026-09-20 18:12:56 [main] INFO  org.eclipse.jetty.util.log - Logging initialized @424ms to org.eclipse.jetty.util.log.Slf4jLog
2026-09-20 18:12:56 [main] INFO  io.javalin.Javalin - Starting Javalin ...
2026-09-20 18:12:56 [main] INFO  io.javalin.Javalin - You are running Javalin 4.6.8 (released May 4, 2023. Your Javalin version is 1235 days old. Consider checking for a newer version.).
2026-09-20 18:12:56 [main] INFO  io.javalin.Javalin - Listening on http://localhost:8080/
2026-09-20 18:12:56 [main] INFO  io.javalin.Javalin - Javalin started in 158ms \o/
2026-09-20 18:12:56 [main] INFO  c.t.t.t.presentation.http.HttpServer - HttpServer started successfully. [port=8080] [url=http://localhost:8080]
2026-09-20 18:12:56 [main] INFO  com.tic.tac.toe.Application - Started Application
2026-09-20 18:13:40 [main] INFO  c.t.t.t.p.socket.SocketManager - SocketManager successfully instantiated.
2026-09-20 18:13:40 [main] INFO  c.t.t.t.p.socket.RoomManager - RoomManager successfully instantiated.
2026-09-20 18:13:40 [WebSocketSelector-25] INFO  c.t.t.t.p.socket.SocketServer - WebSocketServer started successfully. [port=8081] [url=ws://localhost:8081]
2026-09-20 18:13:40 [main] INFO  org.eclipse.jetty.util.log - Logging initialized @432ms to org.eclipse.jetty.util.log.Slf4jLog
2026-09-20 18:13:40 [main] INFO  io.javalin.Javalin - Starting Javalin ...
2026-09-20 18:13:40 [main] INFO  io.javalin.Javalin - You are running Javalin 4.6.8 (released May 4, 2023. Your Javalin version is 1235 days old. Consider checking for a newer version.).
2026-09-20 18:13:40 [main] INFO  io.javalin.Javalin - Listening on http://localhost:8080/
2026-09-20 18:13:40 [main] INFO  io.javalin.Javalin - Javalin started in 157ms \o/
2026-09-20 18:13:40 [main] INFO  c.t.t.t.presentation.http.HttpServer - HttpServer started successfully. [port=8080] [url=http://localhost:8080]
2026-09-20 18:13:40 [main] ERROR com.tic.tac.toe.Application - Error during application startup. [error={}]
java.lang.Exception: errei
	at com.tic.tac.toe.Application.main(Application.java:17)
2026-09-20 18:13:57 [main] INFO  c.t.t.t.p.socket.SocketManager - SocketManager successfully instantiated.
2026-09-20 18:13:57 [main] INFO  c.t.t.t.p.socket.RoomManager - RoomManager successfully instantiated.
2026-09-20 18:13:57 [WebSocketSelector-25] INFO  c.t.t.t.p.socket.SocketServer - WebSocketServer started successfully. [port=8081] [url=ws://localhost:8081]
2026-09-20 18:13:57 [main] INFO  org.eclipse.jetty.util.log - Logging initialized @456ms to org.eclipse.jetty.util.log.Slf4jLog
2026-09-20 18:13:57 [main] INFO  io.javalin.Javalin - Starting Javalin ...
2026-09-20 18:13:57 [main] INFO  io.javalin.Javalin - You are running Javalin 4.6.8 (released May 4, 2023. Your Javalin version is 1235 days old. Consider checking for a newer version.).
2026-09-20 18:13:57 [main] INFO  io.javalin.Javalin - Listening on http://localhost:8080/
2026-09-20 18:13:57 [main] INFO  io.javalin.Javalin - Javalin started in 152ms \o/
2026-09-20 18:13:57 [main] INFO  c.t.t.t.presentation.http.HttpServer - HttpServer started successfully. [port=8080] [url=http://localhost:8080]
2026-09-20 18:13:57 [main] ERROR com.tic.tac.toe.Application - Error during application startup. [error=errei]
2026-09-20 18:22:19 [main] INFO  c.t.t.t.p.socket.SocketManager - SocketManager successfully instantiated.
2026-09-20 18:22:19 [main] INFO  c.t.t.t.p.socket.RoomManager - RoomManager successfully instantiated.
2026-09-20 18:22:19 [WebSocketSelector-25] INFO  c.t.t.t.p.socket.SocketServer - WebSocketServer started successfully. [port=8081] [url=ws://localhost:8081]
2026-09-20 18:22:19 [main] INFO  org.eclipse.jetty.util.log - Logging initialized @459ms to org.eclipse.jetty.util.log.Slf4jLog
2026-09-20 18:22:19 [main] INFO  io.javalin.Javalin - Starting Javalin ...
2026-09-20 18:22:19 [main] INFO  io.javalin.Javalin - You are running Javalin 4.6.8 (released May 4, 2023. Your Javalin version is 1235 days old. Consider checking for a newer version.).
2026-09-20 18:22:20 [main] INFO  io.javalin.Javalin - Listening on http://localhost:8080/
2026-09-20 18:22:20 [main] INFO  io.javalin.Javalin - Javalin started in 176ms \o/
2026-09-20 18:22:20 [main] INFO  c.t.t.t.presentation.http.HttpServer - HttpServer started successfully. [port=8080] [url=http://localhost:8080]
2026-09-20 18:22:20 [main] INFO  com.tic.tac.toe.Application - Started Application
2026-09-20 19:22:54 [main] INFO  c.t.t.t.p.socket.SocketManager - SocketManager successfully instantiated.
2026-09-20 19:22:54 [main] INFO  c.t.t.t.p.socket.RoomManager - RoomManager successfully instantiated.
2026-09-20 19:22:54 [main] INFO  org.eclipse.jetty.util.log - Logging initialized @478ms to org.eclipse.jetty.util.log.Slf4jLog
2026-09-20 19:22:54 [main] INFO  io.javalin.Javalin - Starting Javalin ...
2026-09-20 19:22:54 [main] INFO  io.javalin.Javalin - You are running Javalin 4.6.8 (released May 4, 2023. Your Javalin version is 1235 days old. Consider checking for a newer version.).
2026-09-20 19:22:54 [WebSocketSelector-25] INFO  c.t.t.t.p.socket.SocketServer - WebSocketServer started successfully. [port=8081] [url=ws://localhost:8081]
2026-09-20 19:22:54 [main] INFO  io.javalin.Javalin - Listening on http://localhost:8080/
2026-09-20 19:22:54 [main] INFO  io.javalin.Javalin - Javalin started in 158ms \o/
2026-09-20 19:22:54 [main] INFO  c.t.t.t.presentation.http.HttpServer - HttpServer started successfully. [port=8080] [url=http://localhost:8080]
2026-09-20 19:22:54 [main] INFO  com.tic.tac.toe.Application - Started Application
2026-09-21 00:27:04 [main] INFO  c.t.t.t.p.socket.SocketManager - SocketManager successfully instantiated.
2026-09-21 00:27:04 [main] INFO  c.t.t.t.p.socket.RoomManager - RoomManager successfully instantiated.
2026-09-21 00:27:04 [WebSocketSelector-25] INFO  c.t.t.t.p.socket.SocketServer - WebSocketServer started successfully. [port=8081] [url=ws://localhost:8081]
2026-09-21 00:27:04 [main] INFO  org.eclipse.jetty.util.log - Logging initialized @874ms to org.eclipse.jetty.util.log.Slf4jLog
2026-09-21 00:27:04 [main] INFO  io.javalin.Javalin - Starting Javalin ...
2026-09-21 00:27:04 [main] INFO  io.javalin.Javalin - You are running Javalin 4.6.8 (released May 4, 2023. Your Javalin version is 1235 days old. Consider checking for a newer version.).
2026-09-21 00:27:04 [main] INFO  io.javalin.Javalin - Listening on http://localhost:8080/
2026-09-21 00:27:04 [main] INFO  io.javalin.Javalin - Javalin started in 239ms \o/
2026-09-21 00:27:05 [main] INFO  com.tic.tac.toe.Application - Started Application
2026-09-21 00:27:36 [main] INFO  c.t.t.t.p.socket.SocketManager - SocketManager successfully instantiated.
2026-09-21 00:27:36 [main] INFO  c.t.t.t.p.socket.RoomManager - RoomManager successfully instantiated.
2026-09-21 00:27:36 [WebSocketSelector-25] INFO  c.t.t.t.p.socket.SocketServer - WebSocketServer started successfully. [port=8081] [url=ws://localhost:8081]
2026-09-21 00:27:36 [main] INFO  org.eclipse.jetty.util.log - Logging initialized @438ms to org.eclipse.jetty.util.log.Slf4jLog
2026-09-21 00:27:36 [main] INFO  io.javalin.Javalin - Starting Javalin ...
2026-09-21 00:27:36 [main] INFO  io.javalin.Javalin - You are running Javalin 4.6.8 (released May 4, 2023. Your Javalin version is 1235 days old. Consider checking for a newer version.).
2026-09-21 00:27:36 [main] INFO  io.javalin.Javalin - Listening on http://localhost:8080/
2026-09-21 00:27:36 [main] INFO  io.javalin.Javalin - Javalin started in 173ms \o/
2026-09-21 00:27:36 [main] INFO  com.tic.tac.toe.Application - Started Application
2026-09-21 00:28:14 [main] INFO  c.t.t.t.p.socket.SocketManager - SocketManager successfully instantiated.
2026-09-21 00:28:14 [main] INFO  c.t.t.t.p.socket.RoomManager - RoomManager successfully instantiated.
2026-09-21 00:28:14 [WebSocketSelector-25] INFO  c.t.t.t.p.socket.SocketServer - WebSocketServer started successfully. [port=8081] [url=ws://localhost:8081]
2026-09-21 00:28:14 [main] INFO  org.eclipse.jetty.util.log - Logging initialized @449ms to org.eclipse.jetty.util.log.Slf4jLog
2026-09-21 00:28:14 [main] INFO  io.javalin.Javalin - Starting Javalin ...
2026-09-21 00:28:14 [main] INFO  io.javalin.Javalin - You are running Javalin 4.6.8 (released May 4, 2023. Your Javalin version is 1235 days old. Consider checking for a newer version.).
2026-09-21 00:28:14 [main] INFO  io.javalin.Javalin - Listening on http://localhost:8080/
2026-09-21 00:28:14 [main] INFO  io.javalin.Javalin - Javalin started in 161ms \o/
2026-09-21 00:28:14 [main] INFO  com.tic.tac.toe.Application - Started Application
2026-09-21 00:28:49 [main] INFO  c.t.t.t.p.socket.SocketManager - SocketManager successfully instantiated.
2026-09-21 00:28:49 [main] INFO  c.t.t.t.p.socket.RoomManager - RoomManager successfully instantiated.
2026-09-21 00:28:49 [WebSocketSelector-25] INFO  c.t.t.t.p.socket.SocketServer - WebSocketServer started successfully. [port=8081] [url=ws://localhost:8081]
2026-09-21 00:28:49 [main] INFO  org.eclipse.jetty.util.log - Logging initialized @444ms to org.eclipse.jetty.util.log.Slf4jLog
2026-09-21 00:28:49 [main] INFO  io.javalin.Javalin - Starting Javalin ...
2026-09-21 00:28:49 [main] INFO  io.javalin.Javalin - You are running Javalin 4.6.8 (released May 4, 2023. Your Javalin version is 1235 days old. Consider checking for a newer version.).
2026-09-21 00:28:49 [main] INFO  io.javalin.Javalin - Listening on http://localhost:8080/
2026-09-21 00:28:49 [main] INFO  io.javalin.Javalin - Javalin started in 160ms \o/
2026-09-21 00:28:50 [main] INFO  c.t.t.t.presentation.http.HttpServer - HttpServer started successfully. [port=8080] [url=http://localhost:8080]
2026-09-21 00:28:50 [main] INFO  com.tic.tac.toe.Application - Started Application
2026-09-21 00:29:40 [main] INFO  c.t.t.t.p.socket.SocketManager - SocketManager successfully instantiated.
2026-09-21 00:29:40 [main] INFO  c.t.t.t.p.socket.RoomManager - RoomManager successfully instantiated.
2026-09-21 00:29:40 [WebSocketSelector-25] INFO  c.t.t.t.p.socket.SocketServer - WebSocketServer started successfully. [port=8081] [url=ws://localhost:8081]
2026-09-21 00:29:40 [main] INFO  org.eclipse.jetty.util.log - Logging initialized @438ms to org.eclipse.jetty.util.log.Slf4jLog
2026-09-21 00:29:40 [main] INFO  io.javalin.Javalin - Starting Javalin ...
2026-09-21 00:29:40 [main] INFO  io.javalin.Javalin - You are running Javalin 4.6.8 (released May 4, 2023. Your Javalin version is 1235 days old. Consider checking for a newer version.).
2026-09-21 00:29:41 [main] INFO  io.javalin.Javalin - Listening on http://localhost:8080/
2026-09-21 00:29:41 [main] INFO  io.javalin.Javalin - Javalin started in 164ms \o/
2026-09-21 00:29:41 [main] INFO  com.tic.tac.toe.Application - Started Application
2026-09-21 00:29:54 [main] INFO  c.t.t.t.p.socket.SocketManager - SocketManager successfully instantiated.
2026-09-21 00:29:54 [main] INFO  c.t.t.t.p.socket.RoomManager - RoomManager successfully instantiated.
2026-09-21 00:29:54 [WebSocketSelector-25] INFO  c.t.t.t.p.socket.SocketServer - WebSocketServer started successfully. [port=8081] [url=ws://localhost:8081]
2026-09-21 00:29:55 [main] INFO  org.eclipse.jetty.util.log - Logging initialized @434ms to org.eclipse.jetty.util.log.Slf4jLog
2026-09-21 00:29:55 [main] INFO  io.javalin.Javalin - Starting Javalin ...
2026-09-21 00:29:55 [main] INFO  io.javalin.Javalin - You are running Javalin 4.6.8 (released May 4, 2023. Your Javalin version is 1235 days old. Consider checking for a newer version.).
2026-09-21 00:29:55 [main] INFO  io.javalin.Javalin - Listening on http://localhost:8080/
2026-09-21 00:29:55 [main] INFO  io.javalin.Javalin - Javalin started in 158ms \o/
2026-09-21 00:29:55 [main] INFO  com.tic.tac.toe.Application - Started Application
2026-09-21 00:30:22 [main] INFO  c.t.t.t.p.socket.SocketManager - SocketManager successfully instantiated.
2026-09-21 00:30:22 [main] INFO  c.t.t.t.p.socket.RoomManager - RoomManager successfully instantiated.
2026-09-21 00:30:22 [WebSocketSelector-25] INFO  c.t.t.t.p.socket.SocketServer - WebSocketServer started successfully. [port=8081] [url=ws://localhost:8081]
2026-09-21 00:30:22 [main] INFO  org.eclipse.jetty.util.log - Logging initialized @415ms to org.eclipse.jetty.util.log.Slf4jLog
2026-09-21 00:30:22 [main] INFO  io.javalin.Javalin - Starting Javalin ...
2026-09-21 00:30:22 [main] INFO  io.javalin.Javalin - You are running Javalin 4.6.8 (released May 4, 2023. Your Javalin version is 1235 days old. Consider checking for a newer version.).
2026-09-21 00:30:22 [main] INFO  io.javalin.Javalin - Listening on http://localhost:8080/
2026-09-21 00:30:22 [main] INFO  io.javalin.Javalin - Javalin started in 161ms \o/
2026-09-21 00:30:22 [main] INFO  com.tic.tac.toe.Application - Started Application
2026-09-21 00:30:34 [main] INFO  c.t.t.t.p.socket.SocketManager - SocketManager successfully instantiated.
2026-09-21 00:30:34 [main] INFO  c.t.t.t.p.socket.RoomManager - RoomManager successfully instantiated.
2026-09-21 00:30:34 [WebSocketSelector-25] INFO  c.t.t.t.p.socket.SocketServer - WebSocketServer started successfully. [port=8081] [url=ws://localhost:8081]
2026-09-21 00:30:34 [main] INFO  org.eclipse.jetty.util.log - Logging initialized @441ms to org.eclipse.jetty.util.log.Slf4jLog
2026-09-21 00:30:34 [main] INFO  io.javalin.Javalin - Starting Javalin ...
2026-09-21 00:30:34 [main] INFO  io.javalin.Javalin - You are running Javalin 4.6.8 (released May 4, 2023. Your Javalin version is 1235 days old. Consider checking for a newer version.).
2026-09-21 00:30:34 [main] INFO  io.javalin.Javalin - Listening on http://localhost:8080/
2026-09-21 00:30:34 [main] INFO  io.javalin.Javalin - Javalin started in 157ms \o/
2026-09-21 00:30:35 [main] INFO  com.tic.tac.toe.Application - Started Application
2026-09-21 00:30:49 [main] INFO  c.t.t.t.p.socket.SocketManager - SocketManager successfully instantiated.
2026-09-21 00:30:49 [main] INFO  c.t.t.t.p.socket.RoomManager - RoomManager successfully instantiated.
2026-09-21 00:30:49 [WebSocketSelector-25] INFO  c.t.t.t.p.socket.SocketServer - WebSocketServer started successfully. [port=8081] [url=ws://localhost:8081]
2026-09-21 00:30:49 [main] INFO  org.eclipse.jetty.util.log - Logging initialized @441ms to org.eclipse.jetty.util.log.Slf4jLog
2026-09-21 00:30:49 [main] INFO  io.javalin.Javalin - Starting Javalin ...
2026-09-21 00:30:49 [main] INFO  io.javalin.Javalin - You are running Javalin 4.6.8 (released May 4, 2023. Your Javalin version is 1235 days old. Consider checking for a newer version.).
2026-09-21 00:30:49 [main] INFO  io.javalin.Javalin - Listening on http://localhost:8080/
2026-09-21 00:30:49 [main] INFO  io.javalin.Javalin - Javalin started in 171ms \o/
2026-09-21 00:30:49 [main] INFO  c.t.t.t.presentation.http.HttpServer - HttpServer started successfully. [port=8080] [url=http://localhost:8080]
2026-09-21 00:30:49 [main] INFO  com.tic.tac.toe.Application - Started Application
2026-09-21 00:31:13 [JettyServerThreadPool-33] WARN  io.javalin.Javalin - Uncaught exception
com.tic.tac.toe.domain.exception.UnauthorizedException: Authentication required
	at com.tic.tac.toe.presentation.http.middleware.AuthorizedHttpMiddleware.authenticate(JwtMiddleware.java:27)
	at io.javalin.http.JavalinServlet$lifecycle$1$1$1.invoke(JavalinServlet.kt:38)
	at io.javalin.http.JavalinServlet$lifecycle$1$1$1.invoke(JavalinServlet.kt:38)
	at io.javalin.http.JavalinServletHandler.executeNextTask(JavalinServletHandler.kt:99)
	at io.javalin.http.JavalinServletHandler.queueNextTaskOrFinish$lambda-1(JavalinServletHandler.kt:85)
	at java.util.concurrent.CompletableFuture.uniComposeStage(CompletableFuture.java:995)
	at java.util.concurrent.CompletableFuture.thenCompose(CompletableFuture.java:2137)
	at io.javalin.http.JavalinServletHandler.queueNextTaskOrFinish$javalin(JavalinServletHandler.kt:85)
	at io.javalin.http.JavalinServletHandler.executeNextTask$lambda-11$lambda-10(JavalinServletHandler.kt:119)
	at java.util.concurrent.CompletableFuture.uniApply(CompletableFuture.java:616)
	at java.util.concurrent.CompletableFuture.uniApplyStage(CompletableFuture.java:628)
	at java.util.concurrent.CompletableFuture.thenApply(CompletableFuture.java:1996)
	at io.javalin.http.JavalinServletHandler.executeNextTask(JavalinServletHandler.kt:119)
	at io.javalin.http.JavalinServletHandler.queueNextTaskOrFinish$lambda-1(JavalinServletHandler.kt:85)
	at java.util.concurrent.CompletableFuture.uniComposeStage(CompletableFuture.java:995)
	at java.util.concurrent.CompletableFuture.thenCompose(CompletableFuture.java:2137)
	at io.javalin.http.JavalinServletHandler.queueNextTaskOrFinish$javalin(JavalinServletHandler.kt:85)
	at io.javalin.http.JavalinServlet.service(JavalinServlet.kt:89)
	at javax.servlet.http.HttpServlet.service(HttpServlet.java:790)
	at io.javalin.jetty.JavalinJettyServlet.service(JavalinJettyServlet.kt:58)
	at javax.servlet.http.HttpServlet.service(HttpServlet.java:790)
	at org.eclipse.jetty.servlet.ServletHolder.handle(ServletHolder.java:799)
	at org.eclipse.jetty.servlet.ServletHandler.doHandle(ServletHandler.java:554)
	at org.eclipse.jetty.server.handler.ScopedHandler.nextHandle(ScopedHandler.java:233)
	at org.eclipse.jetty.server.session.SessionHandler.doHandle(SessionHandler.java:1624)
	at org.eclipse.jetty.server.handler.ScopedHandler.nextHandle(ScopedHandler.java:233)
	at io.javalin.jetty.JettyServer$start$wsAndHttpHandler$1.doHandle(JettyServer.kt:52)
	at org.eclipse.jetty.server.handler.ScopedHandler.nextScope(ScopedHandler.java:188)
	at org.eclipse.jetty.servlet.ServletHandler.doScope(ServletHandler.java:505)
	at org.eclipse.jetty.server.session.SessionHandler.doScope(SessionHandler.java:1594)
	at org.eclipse.jetty.server.handler.ScopedHandler.nextScope(ScopedHandler.java:186)
	at org.eclipse.jetty.server.handler.ContextHandler.doScope(ContextHandler.java:1355)
	at org.eclipse.jetty.server.handler.ScopedHandler.handle(ScopedHandler.java:141)
	at org.eclipse.jetty.server.handler.StatisticsHandler.handle(StatisticsHandler.java:181)
	at org.eclipse.jetty.server.handler.HandlerWrapper.handle(HandlerWrapper.java:127)
	at org.eclipse.jetty.server.Server.handle(Server.java:516)
	at org.eclipse.jetty.server.HttpChannel.lambda$handle$1(HttpChannel.java:487)
	at org.eclipse.jetty.server.HttpChannel.dispatch(HttpChannel.java:732)
	at org.eclipse.jetty.server.HttpChannel.handle(HttpChannel.java:479)
	at org.eclipse.jetty.server.HttpConnection.onFillable(HttpConnection.java:277)
	at org.eclipse.jetty.io.AbstractConnection$ReadCallback.succeeded(AbstractConnection.java:311)
	at org.eclipse.jetty.io.FillInterest.fillable(FillInterest.java:105)
	at org.eclipse.jetty.io.ChannelEndPoint$1.run(ChannelEndPoint.java:104)
	at org.eclipse.jetty.util.thread.strategy.EatWhatYouKill.runTask(EatWhatYouKill.java:338)
	at org.eclipse.jetty.util.thread.strategy.EatWhatYouKill.doProduce(EatWhatYouKill.java:315)
	at org.eclipse.jetty.util.thread.strategy.EatWhatYouKill.tryProduce(EatWhatYouKill.java:173)
	at org.eclipse.jetty.util.thread.strategy.EatWhatYouKill.produce(EatWhatYouKill.java:137)
	at org.eclipse.jetty.util.thread.QueuedThreadPool.runJob(QueuedThreadPool.java:883)
	at org.eclipse.jetty.util.thread.QueuedThreadPool$Runner.run(QueuedThreadPool.java:1034)
	at java.lang.Thread.run(Thread.java:750)
2026-09-21 00:31:40 [main] INFO  c.t.t.t.p.socket.SocketManager - SocketManager successfully instantiated.
2026-09-21 00:31:40 [main] INFO  c.t.t.t.p.socket.RoomManager - RoomManager successfully instantiated.
2026-09-21 00:31:40 [WebSocketSelector-25] INFO  c.t.t.t.p.socket.SocketServer - WebSocketServer started successfully. [port=8081] [url=ws://localhost:8081]
2026-09-21 00:31:40 [main] INFO  org.eclipse.jetty.util.log - Logging initialized @435ms to org.eclipse.jetty.util.log.Slf4jLog
2026-09-21 00:31:40 [main] INFO  io.javalin.Javalin - Starting Javalin ...
2026-09-21 00:31:40 [main] INFO  io.javalin.Javalin - You are running Javalin 4.6.8 (released May 4, 2023. Your Javalin version is 1235 days old. Consider checking for a newer version.).
2026-09-21 00:31:40 [main] INFO  io.javalin.Javalin - Listening on http://localhost:8080/
2026-09-21 00:31:40 [main] INFO  io.javalin.Javalin - Javalin started in 165ms \o/
2026-09-21 00:31:40 [main] INFO  c.t.t.t.presentation.http.HttpServer - HttpServer started successfully. [port=8080] [url=http://localhost:8080]
2026-09-21 00:31:40 [main] INFO  com.tic.tac.toe.Application - Started Application
2026-09-21 00:31:45 [JettyServerThreadPool-44] WARN  io.javalin.Javalin - Uncaught exception
com.tic.tac.toe.domain.exception.UnauthorizedException: Authentication required
	at com.tic.tac.toe.presentation.http.middleware.AuthorizedHttpMiddleware.authenticate(JwtMiddleware.java:27)
	at io.javalin.http.JavalinServlet$lifecycle$1$1$1.invoke(JavalinServlet.kt:38)
	at io.javalin.http.JavalinServlet$lifecycle$1$1$1.invoke(JavalinServlet.kt:38)
	at io.javalin.http.JavalinServletHandler.executeNextTask(JavalinServletHandler.kt:99)
	at io.javalin.http.JavalinServletHandler.queueNextTaskOrFinish$lambda-1(JavalinServletHandler.kt:85)
	at java.util.concurrent.CompletableFuture.uniComposeStage(CompletableFuture.java:995)
	at java.util.concurrent.CompletableFuture.thenCompose(CompletableFuture.java:2137)
	at io.javalin.http.JavalinServletHandler.queueNextTaskOrFinish$javalin(JavalinServletHandler.kt:85)
	at io.javalin.http.JavalinServletHandler.executeNextTask$lambda-11$lambda-10(JavalinServletHandler.kt:119)
	at java.util.concurrent.CompletableFuture.uniApply(CompletableFuture.java:616)
	at java.util.concurrent.CompletableFuture.uniApplyStage(CompletableFuture.java:628)
	at java.util.concurrent.CompletableFuture.thenApply(CompletableFuture.java:1996)
	at io.javalin.http.JavalinServletHandler.executeNextTask(JavalinServletHandler.kt:119)
	at io.javalin.http.JavalinServletHandler.queueNextTaskOrFinish$lambda-1(JavalinServletHandler.kt:85)
	at java.util.concurrent.CompletableFuture.uniComposeStage(CompletableFuture.java:995)
	at java.util.concurrent.CompletableFuture.thenCompose(CompletableFuture.java:2137)
	at io.javalin.http.JavalinServletHandler.queueNextTaskOrFinish$javalin(JavalinServletHandler.kt:85)
	at io.javalin.http.JavalinServlet.service(JavalinServlet.kt:89)
	at javax.servlet.http.HttpServlet.service(HttpServlet.java:790)
	at io.javalin.jetty.JavalinJettyServlet.service(JavalinJettyServlet.kt:58)
	at javax.servlet.http.HttpServlet.service(HttpServlet.java:790)
	at org.eclipse.jetty.servlet.ServletHolder.handle(ServletHolder.java:799)
	at org.eclipse.jetty.servlet.ServletHandler.doHandle(ServletHandler.java:554)
	at org.eclipse.jetty.server.handler.ScopedHandler.nextHandle(ScopedHandler.java:233)
	at org.eclipse.jetty.server.session.SessionHandler.doHandle(SessionHandler.java:1624)
	at org.eclipse.jetty.server.handler.ScopedHandler.nextHandle(ScopedHandler.java:233)
	at io.javalin.jetty.JettyServer$start$wsAndHttpHandler$1.doHandle(JettyServer.kt:52)
	at org.eclipse.jetty.server.handler.ScopedHandler.nextScope(ScopedHandler.java:188)
	at org.eclipse.jetty.servlet.ServletHandler.doScope(ServletHandler.java:505)
	at org.eclipse.jetty.server.session.SessionHandler.doScope(SessionHandler.java:1594)
	at org.eclipse.jetty.server.handler.ScopedHandler.nextScope(ScopedHandler.java:186)
	at org.eclipse.jetty.server.handler.ContextHandler.doScope(ContextHandler.java:1355)
	at org.eclipse.jetty.server.handler.ScopedHandler.handle(ScopedHandler.java:141)
	at org.eclipse.jetty.server.handler.StatisticsHandler.handle(StatisticsHandler.java:181)
	at org.eclipse.jetty.server.handler.HandlerWrapper.handle(HandlerWrapper.java:127)
	at org.eclipse.jetty.server.Server.handle(Server.java:516)
	at org.eclipse.jetty.server.HttpChannel.lambda$handle$1(HttpChannel.java:487)
	at org.eclipse.jetty.server.HttpChannel.dispatch(HttpChannel.java:732)
	at org.eclipse.jetty.server.HttpChannel.handle(HttpChannel.java:479)
	at org.eclipse.jetty.server.HttpConnection.onFillable(HttpConnection.java:277)
	at org.eclipse.jetty.io.AbstractConnection$ReadCallback.succeeded(AbstractConnection.java:311)
	at org.eclipse.jetty.io.FillInterest.fillable(FillInterest.java:105)
	at org.eclipse.jetty.io.ChannelEndPoint$1.run(ChannelEndPoint.java:104)
	at org.eclipse.jetty.util.thread.QueuedThreadPool.runJob(QueuedThreadPool.java:883)
	at org.eclipse.jetty.util.thread.QueuedThreadPool$Runner.run(QueuedThreadPool.java:1034)
	at java.lang.Thread.run(Thread.java:750)
2026-09-21 08:50:29 [main] INFO  c.t.t.t.p.socket.SocketManager - SocketManager successfully instantiated.
2026-09-21 08:50:29 [main] INFO  c.t.t.t.p.socket.RoomManager - RoomManager successfully instantiated.
2026-09-21 08:50:29 [main] INFO  org.eclipse.jetty.util.log - Logging initialized @631ms to org.eclipse.jetty.util.log.Slf4jLog
2026-09-21 08:50:29 [main] INFO  io.javalin.Javalin - Starting Javalin ...
2026-09-21 08:50:29 [main] INFO  io.javalin.Javalin - You are running Javalin 4.6.8 (released May 4, 2023. Your Javalin version is 1235 days old. Consider checking for a newer version.).
2026-09-21 08:50:29 [WebSocketSelector-25] INFO  c.t.t.t.p.socket.SocketServer - WebSocketServer started successfully. [port=8081] [url=ws://localhost:8081]
2026-09-21 08:50:30 [main] INFO  io.javalin.Javalin - Listening on http://localhost:8080/
2026-09-21 08:50:30 [main] INFO  io.javalin.Javalin - Javalin started in 224ms \o/
2026-09-21 08:50:30 [main] INFO  c.t.t.t.p.h.m.AuthorizedHttpMiddleware - Instance AuthorizedHttpMiddleware initialized.
2026-09-21 08:50:30 [main] INFO  c.t.t.t.presentation.http.HttpServer - HttpServer started successfully. [port=8080] [url=http://localhost:8080]
2026-09-21 08:50:30 [main] INFO  com.tic.tac.toe.Application - Started Application
2026-09-21 08:55:12 [main] INFO  c.t.t.t.p.socket.SocketManager - SocketManager successfully instantiated.
2026-09-21 08:55:12 [main] INFO  c.t.t.t.p.socket.RoomManager - RoomManager successfully instantiated.
2026-09-21 08:55:12 [WebSocketSelector-26] INFO  c.t.t.t.p.socket.SocketServer - WebSocketServer started successfully. [port=8081] [url=ws://localhost:8081]
2026-09-21 08:55:12 [main] INFO  org.eclipse.jetty.util.log - Logging initialized @531ms to org.eclipse.jetty.util.log.Slf4jLog
2026-09-21 08:55:12 [main] INFO  io.javalin.Javalin - Starting Javalin ...
2026-09-21 08:55:12 [main] INFO  io.javalin.Javalin - You are running Javalin 4.6.8 (released May 4, 2023. Your Javalin version is 1235 days old. Consider checking for a newer version.).
2026-09-21 08:55:12 [main] INFO  io.javalin.Javalin - Listening on http://localhost:8080/
2026-09-21 08:55:12 [main] INFO  io.javalin.Javalin - Javalin started in 140ms \o/
2026-09-21 08:55:13 [main] INFO  c.t.t.t.p.h.m.AuthorizedHttpMiddleware - Instance AuthorizedHttpMiddleware initialized.
2026-09-21 08:55:13 [main] INFO  c.t.t.t.p.h.c.UserController - Instance UserController initialized.
2026-09-21 08:55:13 [main] INFO  c.t.t.t.presentation.http.HttpServer - HttpServer started successfully. [port=8080] [url=http://localhost:8080]
2026-09-21 08:55:13 [main] INFO  com.tic.tac.toe.Application - Started Application
2026-09-21 08:55:28 [JettyServerThreadPool-44] INFO  c.t.t.t.p.h.c.UserController - GET - /api/v1/users - 
2026-09-21 08:55:28 [JettyServerThreadPool-44] WARN  c.t.t.t.p.h.m.AuthorizedHttpMiddleware - Authentication required.
2026-09-21 08:55:28 [JettyServerThreadPool-44] WARN  io.javalin.Javalin - Uncaught exception
com.tic.tac.toe.domain.exception.UnauthorizedException: Authentication required
	at com.tic.tac.toe.presentation.http.middleware.AuthorizedHttpMiddleware.authenticate(AuthorizedHttpMiddleware.java:33)
	at com.tic.tac.toe.presentation.http.controller.UserController.lambda$register$0(UserController.java:37)
	at io.javalin.http.JavalinServlet$lifecycle$1$1$1.invoke(JavalinServlet.kt:38)
	at io.javalin.http.JavalinServlet$lifecycle$1$1$1.invoke(JavalinServlet.kt:38)
	at io.javalin.http.JavalinServletHandler.executeNextTask(JavalinServletHandler.kt:99)
	at io.javalin.http.JavalinServletHandler.queueNextTaskOrFinish$lambda-1(JavalinServletHandler.kt:85)
	at java.util.concurrent.CompletableFuture.uniComposeStage(CompletableFuture.java:995)
	at java.util.concurrent.CompletableFuture.thenCompose(CompletableFuture.java:2137)
	at io.javalin.http.JavalinServletHandler.queueNextTaskOrFinish$javalin(JavalinServletHandler.kt:85)
	at io.javalin.http.JavalinServletHandler.executeNextTask$lambda-11$lambda-10(JavalinServletHandler.kt:119)
	at java.util.concurrent.CompletableFuture.uniApply(CompletableFuture.java:616)
	at java.util.concurrent.CompletableFuture.uniApplyStage(CompletableFuture.java:628)
	at java.util.concurrent.CompletableFuture.thenApply(CompletableFuture.java:1996)
	at io.javalin.http.JavalinServletHandler.executeNextTask(JavalinServletHandler.kt:119)
	at io.javalin.http.JavalinServletHandler.queueNextTaskOrFinish$lambda-1(JavalinServletHandler.kt:85)
	at java.util.concurrent.CompletableFuture.uniComposeStage(CompletableFuture.java:995)
	at java.util.concurrent.CompletableFuture.thenCompose(CompletableFuture.java:2137)
	at io.javalin.http.JavalinServletHandler.queueNextTaskOrFinish$javalin(JavalinServletHandler.kt:85)
	at io.javalin.http.JavalinServlet.service(JavalinServlet.kt:89)
	at javax.servlet.http.HttpServlet.service(HttpServlet.java:790)
	at io.javalin.jetty.JavalinJettyServlet.service(JavalinJettyServlet.kt:58)
	at javax.servlet.http.HttpServlet.service(HttpServlet.java:790)
	at org.eclipse.jetty.servlet.ServletHolder.handle(ServletHolder.java:799)
	at org.eclipse.jetty.servlet.ServletHandler.doHandle(ServletHandler.java:554)
	at org.eclipse.jetty.server.handler.ScopedHandler.nextHandle(ScopedHandler.java:233)
	at org.eclipse.jetty.server.session.SessionHandler.doHandle(SessionHandler.java:1624)
	at org.eclipse.jetty.server.handler.ScopedHandler.nextHandle(ScopedHandler.java:233)
	at io.javalin.jetty.JettyServer$start$wsAndHttpHandler$1.doHandle(JettyServer.kt:52)
	at org.eclipse.jetty.server.handler.ScopedHandler.nextScope(ScopedHandler.java:188)
	at org.eclipse.jetty.servlet.ServletHandler.doScope(ServletHandler.java:505)
	at org.eclipse.jetty.server.session.SessionHandler.doScope(SessionHandler.java:1594)
	at org.eclipse.jetty.server.handler.ScopedHandler.nextScope(ScopedHandler.java:186)
	at org.eclipse.jetty.server.handler.ContextHandler.doScope(ContextHandler.java:1355)
	at org.eclipse.jetty.server.handler.ScopedHandler.handle(ScopedHandler.java:141)
	at org.eclipse.jetty.server.handler.StatisticsHandler.handle(StatisticsHandler.java:181)
	at org.eclipse.jetty.server.handler.HandlerWrapper.handle(HandlerWrapper.java:127)
	at org.eclipse.jetty.server.Server.handle(Server.java:516)
	at org.eclipse.jetty.server.HttpChannel.lambda$handle$1(HttpChannel.java:487)
	at org.eclipse.jetty.server.HttpChannel.dispatch(HttpChannel.java:732)
	at org.eclipse.jetty.server.HttpChannel.handle(HttpChannel.java:479)
	at org.eclipse.jetty.server.HttpConnection.onFillable(HttpConnection.java:277)
	at org.eclipse.jetty.io.AbstractConnection$ReadCallback.succeeded(AbstractConnection.java:311)
	at org.eclipse.jetty.io.FillInterest.fillable(FillInterest.java:105)
	at org.eclipse.jetty.io.ChannelEndPoint$1.run(ChannelEndPoint.java:104)
	at org.eclipse.jetty.util.thread.QueuedThreadPool.runJob(QueuedThreadPool.java:883)
	at org.eclipse.jetty.util.thread.QueuedThreadPool$Runner.run(QueuedThreadPool.java:1034)
	at java.lang.Thread.run(Thread.java:750)
2026-09-21 08:57:13 [main] INFO  c.t.t.t.p.socket.SocketManager - SocketManager successfully instantiated.
2026-09-21 08:57:13 [main] INFO  c.t.t.t.p.socket.RoomManager - RoomManager successfully instantiated.
2026-09-21 08:57:13 [WebSocketSelector-25] INFO  c.t.t.t.p.socket.SocketServer - WebSocketServer started successfully. [port=8081] [url=ws://localhost:8081]
2026-09-21 08:57:13 [main] INFO  org.eclipse.jetty.util.log - Logging initialized @440ms to org.eclipse.jetty.util.log.Slf4jLog
2026-09-21 08:57:13 [main] INFO  io.javalin.Javalin - Starting Javalin ...
2026-09-21 08:57:13 [main] INFO  io.javalin.Javalin - You are running Javalin 4.6.8 (released May 4, 2023. Your Javalin version is 1235 days old. Consider checking for a newer version.).
2026-09-21 08:57:13 [main] INFO  io.javalin.Javalin - Listening on http://localhost:8080/
2026-09-21 08:57:13 [main] INFO  io.javalin.Javalin - Javalin started in 163ms \o/
2026-09-21 08:57:13 [main] INFO  c.t.t.t.p.h.m.AuthorizedHttpMiddleware - Instance AuthorizedHttpMiddleware initialized.
2026-09-21 08:57:13 [main] INFO  c.t.t.t.p.h.c.UserController - Instance UserController initialized.
2026-09-21 08:57:13 [main] INFO  c.t.t.t.presentation.http.HttpServer - HttpServer started successfully. [port=8080] [url=http://localhost:8080]
2026-09-21 08:57:13 [main] INFO  com.tic.tac.toe.Application - Started Application
2026-09-21 08:57:15 [JettyServerThreadPool-44] WARN  io.javalin.Javalin - Uncaught exception
java.lang.IllegalStateException: Cannot access the endpoint handler path in a 'BEFORE' handler
	at io.javalin.http.Context.endpointHandlerPath(Context.kt:95)
	at com.tic.tac.toe.presentation.http.HttpServer.lambda$static$1(HttpServer.java:26)
	at io.javalin.http.JavalinServlet$lifecycle$1$1$1.invoke(JavalinServlet.kt:38)
	at io.javalin.http.JavalinServlet$lifecycle$1$1$1.invoke(JavalinServlet.kt:38)
	at io.javalin.http.JavalinServletHandler.executeNextTask(JavalinServletHandler.kt:99)
	at io.javalin.http.JavalinServletHandler.queueNextTaskOrFinish$lambda-1(JavalinServletHandler.kt:85)
	at java.util.concurrent.CompletableFuture.uniComposeStage(CompletableFuture.java:995)
	at java.util.concurrent.CompletableFuture.thenCompose(CompletableFuture.java:2137)
	at io.javalin.http.JavalinServletHandler.queueNextTaskOrFinish$javalin(JavalinServletHandler.kt:85)
	at io.javalin.http.JavalinServletHandler.executeNextTask$lambda-11$lambda-10(JavalinServletHandler.kt:119)
	at java.util.concurrent.CompletableFuture.uniApply(CompletableFuture.java:616)
	at java.util.concurrent.CompletableFuture.uniApplyStage(CompletableFuture.java:628)
	at java.util.concurrent.CompletableFuture.thenApply(CompletableFuture.java:1996)
	at io.javalin.http.JavalinServletHandler.executeNextTask(JavalinServletHandler.kt:119)
	at io.javalin.http.JavalinServletHandler.queueNextTaskOrFinish$lambda-1(JavalinServletHandler.kt:85)
	at java.util.concurrent.CompletableFuture.uniComposeStage(CompletableFuture.java:995)
	at java.util.concurrent.CompletableFuture.thenCompose(CompletableFuture.java:2137)
	at io.javalin.http.JavalinServletHandler.queueNextTaskOrFinish$javalin(JavalinServletHandler.kt:85)
	at io.javalin.http.JavalinServlet.service(JavalinServlet.kt:89)
	at javax.servlet.http.HttpServlet.service(HttpServlet.java:790)
	at io.javalin.jetty.JavalinJettyServlet.service(JavalinJettyServlet.kt:58)
	at javax.servlet.http.HttpServlet.service(HttpServlet.java:790)
	at org.eclipse.jetty.servlet.ServletHolder.handle(ServletHolder.java:799)
	at org.eclipse.jetty.servlet.ServletHandler.doHandle(ServletHandler.java:554)
	at org.eclipse.jetty.server.handler.ScopedHandler.nextHandle(ScopedHandler.java:233)
	at org.eclipse.jetty.server.session.SessionHandler.doHandle(SessionHandler.java:1624)
	at org.eclipse.jetty.server.handler.ScopedHandler.nextHandle(ScopedHandler.java:233)
	at io.javalin.jetty.JettyServer$start$wsAndHttpHandler$1.doHandle(JettyServer.kt:52)
	at org.eclipse.jetty.server.handler.ScopedHandler.nextScope(ScopedHandler.java:188)
	at org.eclipse.jetty.servlet.ServletHandler.doScope(ServletHandler.java:505)
	at org.eclipse.jetty.server.session.SessionHandler.doScope(SessionHandler.java:1594)
	at org.eclipse.jetty.server.handler.ScopedHandler.nextScope(ScopedHandler.java:186)
	at org.eclipse.jetty.server.handler.ContextHandler.doScope(ContextHandler.java:1355)
	at org.eclipse.jetty.server.handler.ScopedHandler.handle(ScopedHandler.java:141)
	at org.eclipse.jetty.server.handler.StatisticsHandler.handle(StatisticsHandler.java:181)
	at org.eclipse.jetty.server.handler.HandlerWrapper.handle(HandlerWrapper.java:127)
	at org.eclipse.jetty.server.Server.handle(Server.java:516)
	at org.eclipse.jetty.server.HttpChannel.lambda$handle$1(HttpChannel.java:487)
	at org.eclipse.jetty.server.HttpChannel.dispatch(HttpChannel.java:732)
	at org.eclipse.jetty.server.HttpChannel.handle(HttpChannel.java:479)
	at org.eclipse.jetty.server.HttpConnection.onFillable(HttpConnection.java:277)
	at org.eclipse.jetty.io.AbstractConnection$ReadCallback.succeeded(AbstractConnection.java:311)
	at org.eclipse.jetty.io.FillInterest.fillable(FillInterest.java:105)
	at org.eclipse.jetty.io.ChannelEndPoint$1.run(ChannelEndPoint.java:104)
	at org.eclipse.jetty.util.thread.QueuedThreadPool.runJob(QueuedThreadPool.java:883)
	at org.eclipse.jetty.util.thread.QueuedThreadPool$Runner.run(QueuedThreadPool.java:1034)
	at java.lang.Thread.run(Thread.java:750)
2026-09-21 08:57:35 [main] INFO  c.t.t.t.p.socket.SocketManager - SocketManager successfully instantiated.
2026-09-21 08:57:35 [main] INFO  c.t.t.t.p.socket.RoomManager - RoomManager successfully instantiated.
2026-09-21 08:57:35 [WebSocketSelector-25] INFO  c.t.t.t.p.socket.SocketServer - WebSocketServer started successfully. [port=8081] [url=ws://localhost:8081]
2026-09-21 08:57:35 [main] INFO  org.eclipse.jetty.util.log - Logging initialized @423ms to org.eclipse.jetty.util.log.Slf4jLog
2026-09-21 08:57:35 [main] INFO  io.javalin.Javalin - Starting Javalin ...
2026-09-21 08:57:36 [main] INFO  io.javalin.Javalin - You are running Javalin 4.6.8 (released May 4, 2023. Your Javalin version is 1235 days old. Consider checking for a newer version.).
2026-09-21 08:57:36 [main] INFO  io.javalin.Javalin - Listening on http://localhost:8080/
2026-09-21 08:57:36 [main] INFO  io.javalin.Javalin - Javalin started in 164ms \o/
2026-09-21 08:57:36 [main] INFO  c.t.t.t.p.h.m.AuthorizedHttpMiddleware - Instance AuthorizedHttpMiddleware initialized.
2026-09-21 08:57:36 [main] INFO  c.t.t.t.p.h.c.UserController - Instance UserController initialized.
2026-09-21 08:57:36 [main] INFO  c.t.t.t.presentation.http.HttpServer - HttpServer started successfully. [port=8080] [url=http://localhost:8080]
2026-09-21 08:57:36 [main] INFO  com.tic.tac.toe.Application - Started Application
2026-09-21 08:57:38 [JettyServerThreadPool-44] WARN  io.javalin.Javalin - Uncaught exception
java.lang.IllegalStateException: Cannot access the endpoint handler path in a 'BEFORE' handler
	at io.javalin.http.Context.endpointHandlerPath(Context.kt:95)
	at com.tic.tac.toe.presentation.http.HttpServer.lambda$static$1(HttpServer.java:26)
	at io.javalin.http.JavalinServlet$lifecycle$1$1$1.invoke(JavalinServlet.kt:38)
	at io.javalin.http.JavalinServlet$lifecycle$1$1$1.invoke(JavalinServlet.kt:38)
	at io.javalin.http.JavalinServletHandler.executeNextTask(JavalinServletHandler.kt:99)
	at io.javalin.http.JavalinServletHandler.queueNextTaskOrFinish$lambda-1(JavalinServletHandler.kt:85)
	at java.util.concurrent.CompletableFuture.uniComposeStage(CompletableFuture.java:995)
	at java.util.concurrent.CompletableFuture.thenCompose(CompletableFuture.java:2137)
	at io.javalin.http.JavalinServletHandler.queueNextTaskOrFinish$javalin(JavalinServletHandler.kt:85)
	at io.javalin.http.JavalinServletHandler.executeNextTask$lambda-11$lambda-10(JavalinServletHandler.kt:119)
	at java.util.concurrent.CompletableFuture.uniApply(CompletableFuture.java:616)
	at java.util.concurrent.CompletableFuture.uniApplyStage(CompletableFuture.java:628)
	at java.util.concurrent.CompletableFuture.thenApply(CompletableFuture.java:1996)
	at io.javalin.http.JavalinServletHandler.executeNextTask(JavalinServletHandler.kt:119)
	at io.javalin.http.JavalinServletHandler.queueNextTaskOrFinish$lambda-1(JavalinServletHandler.kt:85)
	at java.util.concurrent.CompletableFuture.uniComposeStage(CompletableFuture.java:995)
	at java.util.concurrent.CompletableFuture.thenCompose(CompletableFuture.java:2137)
	at io.javalin.http.JavalinServletHandler.queueNextTaskOrFinish$javalin(JavalinServletHandler.kt:85)
	at io.javalin.http.JavalinServlet.service(JavalinServlet.kt:89)
	at javax.servlet.http.HttpServlet.service(HttpServlet.java:790)
	at io.javalin.jetty.JavalinJettyServlet.service(JavalinJettyServlet.kt:58)
	at javax.servlet.http.HttpServlet.service(HttpServlet.java:790)
	at org.eclipse.jetty.servlet.ServletHolder.handle(ServletHolder.java:799)
	at org.eclipse.jetty.servlet.ServletHandler.doHandle(ServletHandler.java:554)
	at org.eclipse.jetty.server.handler.ScopedHandler.nextHandle(ScopedHandler.java:233)
	at org.eclipse.jetty.server.session.SessionHandler.doHandle(SessionHandler.java:1624)
	at org.eclipse.jetty.server.handler.ScopedHandler.nextHandle(ScopedHandler.java:233)
	at io.javalin.jetty.JettyServer$start$wsAndHttpHandler$1.doHandle(JettyServer.kt:52)
	at org.eclipse.jetty.server.handler.ScopedHandler.nextScope(ScopedHandler.java:188)
	at org.eclipse.jetty.servlet.ServletHandler.doScope(ServletHandler.java:505)
	at org.eclipse.jetty.server.session.SessionHandler.doScope(SessionHandler.java:1594)
	at org.eclipse.jetty.server.handler.ScopedHandler.nextScope(ScopedHandler.java:186)
	at org.eclipse.jetty.server.handler.ContextHandler.doScope(ContextHandler.java:1355)
	at org.eclipse.jetty.server.handler.ScopedHandler.handle(ScopedHandler.java:141)
	at org.eclipse.jetty.server.handler.StatisticsHandler.handle(StatisticsHandler.java:181)
	at org.eclipse.jetty.server.handler.HandlerWrapper.handle(HandlerWrapper.java:127)
	at org.eclipse.jetty.server.Server.handle(Server.java:516)
	at org.eclipse.jetty.server.HttpChannel.lambda$handle$1(HttpChannel.java:487)
	at org.eclipse.jetty.server.HttpChannel.dispatch(HttpChannel.java:732)
	at org.eclipse.jetty.server.HttpChannel.handle(HttpChannel.java:479)
	at org.eclipse.jetty.server.HttpConnection.onFillable(HttpConnection.java:277)
	at org.eclipse.jetty.io.AbstractConnection$ReadCallback.succeeded(AbstractConnection.java:311)
	at org.eclipse.jetty.io.FillInterest.fillable(FillInterest.java:105)
	at org.eclipse.jetty.io.ChannelEndPoint$1.run(ChannelEndPoint.java:104)
	at org.eclipse.jetty.util.thread.QueuedThreadPool.runJob(QueuedThreadPool.java:883)
	at org.eclipse.jetty.util.thread.QueuedThreadPool$Runner.run(QueuedThreadPool.java:1034)
	at java.lang.Thread.run(Thread.java:750)
2026-09-21 08:58:06 [main] INFO  c.t.t.t.p.socket.SocketManager - SocketManager successfully instantiated.
2026-09-21 08:58:06 [main] INFO  c.t.t.t.p.socket.RoomManager - RoomManager successfully instantiated.
2026-09-21 08:58:06 [WebSocketSelector-25] INFO  c.t.t.t.p.socket.SocketServer - WebSocketServer started successfully. [port=8081] [url=ws://localhost:8081]
2026-09-21 08:58:06 [main] INFO  org.eclipse.jetty.util.log - Logging initialized @458ms to org.eclipse.jetty.util.log.Slf4jLog
2026-09-21 08:58:06 [main] INFO  io.javalin.Javalin - Starting Javalin ...
2026-09-21 08:58:06 [main] INFO  io.javalin.Javalin - You are running Javalin 4.6.8 (released May 4, 2023. Your Javalin version is 1235 days old. Consider checking for a newer version.).
2026-09-21 08:58:06 [main] INFO  io.javalin.Javalin - Listening on http://localhost:8080/
2026-09-21 08:58:06 [main] INFO  io.javalin.Javalin - Javalin started in 166ms \o/
2026-09-21 08:58:07 [main] INFO  c.t.t.t.p.h.m.AuthorizedHttpMiddleware - Instance AuthorizedHttpMiddleware initialized.
2026-09-21 08:58:07 [main] INFO  c.t.t.t.p.h.c.UserController - Instance UserController initialized.
2026-09-21 08:58:07 [main] INFO  c.t.t.t.presentation.http.HttpServer - HttpServer started successfully. [port=8080] [url=http://localhost:8080]
2026-09-21 08:58:07 [main] INFO  com.tic.tac.toe.Application - Started Application
2026-09-21 08:58:08 [JettyServerThreadPool-44] INFO  c.t.t.t.presentation.http.HttpServer - GET - /api/v1/users
2026-09-21 08:58:08 [JettyServerThreadPool-44] INFO  c.t.t.t.p.h.c.UserController - GET - /api/v1/users - 
2026-09-21 08:58:08 [JettyServerThreadPool-44] WARN  c.t.t.t.p.h.m.AuthorizedHttpMiddleware - Authentication required.
2026-09-21 08:58:08 [JettyServerThreadPool-44] WARN  io.javalin.Javalin - Uncaught exception
com.tic.tac.toe.domain.exception.UnauthorizedException: Authentication required
	at com.tic.tac.toe.presentation.http.middleware.AuthorizedHttpMiddleware.authenticate(AuthorizedHttpMiddleware.java:33)
	at com.tic.tac.toe.presentation.http.controller.UserController.lambda$register$0(UserController.java:37)
	at io.javalin.http.JavalinServlet$lifecycle$1$1$1.invoke(JavalinServlet.kt:38)
	at io.javalin.http.JavalinServlet$lifecycle$1$1$1.invoke(JavalinServlet.kt:38)
	at io.javalin.http.JavalinServletHandler.executeNextTask(JavalinServletHandler.kt:99)
	at io.javalin.http.JavalinServletHandler.queueNextTaskOrFinish$lambda-1(JavalinServletHandler.kt:85)
	at java.util.concurrent.CompletableFuture.uniComposeStage(CompletableFuture.java:995)
	at java.util.concurrent.CompletableFuture.thenCompose(CompletableFuture.java:2137)
	at io.javalin.http.JavalinServletHandler.queueNextTaskOrFinish$javalin(JavalinServletHandler.kt:85)
	at io.javalin.http.JavalinServletHandler.executeNextTask$lambda-11$lambda-10(JavalinServletHandler.kt:119)
	at java.util.concurrent.CompletableFuture.uniApply(CompletableFuture.java:616)
	at java.util.concurrent.CompletableFuture.uniApplyStage(CompletableFuture.java:628)
	at java.util.concurrent.CompletableFuture.thenApply(CompletableFuture.java:1996)
	at io.javalin.http.JavalinServletHandler.executeNextTask(JavalinServletHandler.kt:119)
	at io.javalin.http.JavalinServletHandler.queueNextTaskOrFinish$lambda-1(JavalinServletHandler.kt:85)
	at java.util.concurrent.CompletableFuture.uniComposeStage(CompletableFuture.java:995)
	at java.util.concurrent.CompletableFuture.thenCompose(CompletableFuture.java:2137)
	at io.javalin.http.JavalinServletHandler.queueNextTaskOrFinish$javalin(JavalinServletHandler.kt:85)
	at io.javalin.http.JavalinServletHandler.executeNextTask$lambda-11$lambda-10(JavalinServletHandler.kt:119)
	at java.util.concurrent.CompletableFuture.uniApply(CompletableFuture.java:616)
	at java.util.concurrent.CompletableFuture.uniApplyStage(CompletableFuture.java:628)
	at java.util.concurrent.CompletableFuture.thenApply(CompletableFuture.java:1996)
	at io.javalin.http.JavalinServletHandler.executeNextTask(JavalinServletHandler.kt:119)
	at io.javalin.http.JavalinServletHandler.queueNextTaskOrFinish$lambda-1(JavalinServletHandler.kt:85)
	at java.util.concurrent.CompletableFuture.uniComposeStage(CompletableFuture.java:995)
	at java.util.concurrent.CompletableFuture.thenCompose(CompletableFuture.java:2137)
	at io.javalin.http.JavalinServletHandler.queueNextTaskOrFinish$javalin(JavalinServletHandler.kt:85)
	at io.javalin.http.JavalinServlet.service(JavalinServlet.kt:89)
	at javax.servlet.http.HttpServlet.service(HttpServlet.java:790)
	at io.javalin.jetty.JavalinJettyServlet.service(JavalinJettyServlet.kt:58)
	at javax.servlet.http.HttpServlet.service(HttpServlet.java:790)
	at org.eclipse.jetty.servlet.ServletHolder.handle(ServletHolder.java:799)
	at org.eclipse.jetty.servlet.ServletHandler.doHandle(ServletHandler.java:554)
	at org.eclipse.jetty.server.handler.ScopedHandler.nextHandle(ScopedHandler.java:233)
	at org.eclipse.jetty.server.session.SessionHandler.doHandle(SessionHandler.java:1624)
	at org.eclipse.jetty.server.handler.ScopedHandler.nextHandle(ScopedHandler.java:233)
	at io.javalin.jetty.JettyServer$start$wsAndHttpHandler$1.doHandle(JettyServer.kt:52)
	at org.eclipse.jetty.server.handler.ScopedHandler.nextScope(ScopedHandler.java:188)
	at org.eclipse.jetty.servlet.ServletHandler.doScope(ServletHandler.java:505)
	at org.eclipse.jetty.server.session.SessionHandler.doScope(SessionHandler.java:1594)
	at org.eclipse.jetty.server.handler.ScopedHandler.nextScope(ScopedHandler.java:186)
	at org.eclipse.jetty.server.handler.ContextHandler.doScope(ContextHandler.java:1355)
	at org.eclipse.jetty.server.handler.ScopedHandler.handle(ScopedHandler.java:141)
	at org.eclipse.jetty.server.handler.StatisticsHandler.handle(StatisticsHandler.java:181)
	at org.eclipse.jetty.server.handler.HandlerWrapper.handle(HandlerWrapper.java:127)
	at org.eclipse.jetty.server.Server.handle(Server.java:516)
	at org.eclipse.jetty.server.HttpChannel.lambda$handle$1(HttpChannel.java:487)
	at org.eclipse.jetty.server.HttpChannel.dispatch(HttpChannel.java:732)
	at org.eclipse.jetty.server.HttpChannel.handle(HttpChannel.java:479)
	at org.eclipse.jetty.server.HttpConnection.onFillable(HttpConnection.java:277)
	at org.eclipse.jetty.io.AbstractConnection$ReadCallback.succeeded(AbstractConnection.java:311)
	at org.eclipse.jetty.io.FillInterest.fillable(FillInterest.java:105)
	at org.eclipse.jetty.io.ChannelEndPoint$1.run(ChannelEndPoint.java:104)
	at org.eclipse.jetty.util.thread.QueuedThreadPool.runJob(QueuedThreadPool.java:883)
	at org.eclipse.jetty.util.thread.QueuedThreadPool$Runner.run(QueuedThreadPool.java:1034)
	at java.lang.Thread.run(Thread.java:750)
2026-09-21 08:59:39 [main] INFO  c.t.t.t.p.socket.SocketManager - SocketManager successfully instantiated.
2026-09-21 08:59:39 [main] INFO  c.t.t.t.p.socket.RoomManager - RoomManager successfully instantiated.
2026-09-21 08:59:39 [WebSocketSelector-25] INFO  c.t.t.t.p.socket.SocketServer - WebSocketServer started successfully. [port=8081] [url=ws://localhost:8081]
2026-09-21 08:59:39 [main] INFO  org.eclipse.jetty.util.log - Logging initialized @418ms to org.eclipse.jetty.util.log.Slf4jLog
2026-09-21 08:59:39 [main] INFO  io.javalin.Javalin - Starting Javalin ...
2026-09-21 08:59:39 [main] INFO  io.javalin.Javalin - You are running Javalin 4.6.8 (released May 4, 2023. Your Javalin version is 1235 days old. Consider checking for a newer version.).
2026-09-21 08:59:39 [main] INFO  io.javalin.Javalin - Listening on http://localhost:8080/
2026-09-21 08:59:39 [main] INFO  io.javalin.Javalin - Javalin started in 154ms \o/
2026-09-21 08:59:39 [main] INFO  c.t.t.t.p.h.m.AuthorizedHttpMiddleware - Instance AuthorizedHttpMiddleware initialized.
2026-09-21 08:59:39 [main] INFO  c.t.t.t.p.h.c.UserController - Instance UserController initialized.
2026-09-21 08:59:39 [main] INFO  c.t.t.t.presentation.http.HttpServer - HttpServer started successfully. [port=8080] [url=http://localhost:8080]
2026-09-21 08:59:39 [main] INFO  com.tic.tac.toe.Application - Started Application
2026-09-21 08:59:41 [JettyServerThreadPool-44] INFO  c.t.t.t.presentation.http.HttpServer - METHOD: GET, PATH: /api/v1/users, CONTENT_LENGTH: -1
2026-09-21 08:59:41 [JettyServerThreadPool-44] INFO  c.t.t.t.p.h.c.UserController - GET - /api/v1/users - 
2026-09-21 08:59:41 [JettyServerThreadPool-44] WARN  c.t.t.t.p.h.m.AuthorizedHttpMiddleware - Authentication required.
2026-09-21 08:59:41 [JettyServerThreadPool-44] WARN  io.javalin.Javalin - Uncaught exception
com.tic.tac.toe.domain.exception.UnauthorizedException: Authentication required
	at com.tic.tac.toe.presentation.http.middleware.AuthorizedHttpMiddleware.authenticate(AuthorizedHttpMiddleware.java:33)
	at com.tic.tac.toe.presentation.http.controller.UserController.lambda$register$0(UserController.java:37)
	at io.javalin.http.JavalinServlet$lifecycle$1$1$1.invoke(JavalinServlet.kt:38)
	at io.javalin.http.JavalinServlet$lifecycle$1$1$1.invoke(JavalinServlet.kt:38)
	at io.javalin.http.JavalinServletHandler.executeNextTask(JavalinServletHandler.kt:99)
	at io.javalin.http.JavalinServletHandler.queueNextTaskOrFinish$lambda-1(JavalinServletHandler.kt:85)
	at java.util.concurrent.CompletableFuture.uniComposeStage(CompletableFuture.java:995)
	at java.util.concurrent.CompletableFuture.thenCompose(CompletableFuture.java:2137)
	at io.javalin.http.JavalinServletHandler.queueNextTaskOrFinish$javalin(JavalinServletHandler.kt:85)
	at io.javalin.http.JavalinServletHandler.executeNextTask$lambda-11$lambda-10(JavalinServletHandler.kt:119)
	at java.util.concurrent.CompletableFuture.uniApply(CompletableFuture.java:616)
	at java.util.concurrent.CompletableFuture.uniApplyStage(CompletableFuture.java:628)
	at java.util.concurrent.CompletableFuture.thenApply(CompletableFuture.java:1996)
	at io.javalin.http.JavalinServletHandler.executeNextTask(JavalinServletHandler.kt:119)
	at io.javalin.http.JavalinServletHandler.queueNextTaskOrFinish$lambda-1(JavalinServletHandler.kt:85)
	at java.util.concurrent.CompletableFuture.uniComposeStage(CompletableFuture.java:995)
	at java.util.concurrent.CompletableFuture.thenCompose(CompletableFuture.java:2137)
	at io.javalin.http.JavalinServletHandler.queueNextTaskOrFinish$javalin(JavalinServletHandler.kt:85)
	at io.javalin.http.JavalinServletHandler.executeNextTask$lambda-11$lambda-10(JavalinServletHandler.kt:119)
	at java.util.concurrent.CompletableFuture.uniApply(CompletableFuture.java:616)
	at java.util.concurrent.CompletableFuture.uniApplyStage(CompletableFuture.java:628)
	at java.util.concurrent.CompletableFuture.thenApply(CompletableFuture.java:1996)
	at io.javalin.http.JavalinServletHandler.executeNextTask(JavalinServletHandler.kt:119)
	at io.javalin.http.JavalinServletHandler.queueNextTaskOrFinish$lambda-1(JavalinServletHandler.kt:85)
	at java.util.concurrent.CompletableFuture.uniComposeStage(CompletableFuture.java:995)
	at java.util.concurrent.CompletableFuture.thenCompose(CompletableFuture.java:2137)
	at io.javalin.http.JavalinServletHandler.queueNextTaskOrFinish$javalin(JavalinServletHandler.kt:85)
	at io.javalin.http.JavalinServlet.service(JavalinServlet.kt:89)
	at javax.servlet.http.HttpServlet.service(HttpServlet.java:790)
	at io.javalin.jetty.JavalinJettyServlet.service(JavalinJettyServlet.kt:58)
	at javax.servlet.http.HttpServlet.service(HttpServlet.java:790)
	at org.eclipse.jetty.servlet.ServletHolder.handle(ServletHolder.java:799)
	at org.eclipse.jetty.servlet.ServletHandler.doHandle(ServletHandler.java:554)
	at org.eclipse.jetty.server.handler.ScopedHandler.nextHandle(ScopedHandler.java:233)
	at org.eclipse.jetty.server.session.SessionHandler.doHandle(SessionHandler.java:1624)
	at org.eclipse.jetty.server.handler.ScopedHandler.nextHandle(ScopedHandler.java:233)
	at io.javalin.jetty.JettyServer$start$wsAndHttpHandler$1.doHandle(JettyServer.kt:52)
	at org.eclipse.jetty.server.handler.ScopedHandler.nextScope(ScopedHandler.java:188)
	at org.eclipse.jetty.servlet.ServletHandler.doScope(ServletHandler.java:505)
	at org.eclipse.jetty.server.session.SessionHandler.doScope(SessionHandler.java:1594)
	at org.eclipse.jetty.server.handler.ScopedHandler.nextScope(ScopedHandler.java:186)
	at org.eclipse.jetty.server.handler.ContextHandler.doScope(ContextHandler.java:1355)
	at org.eclipse.jetty.server.handler.ScopedHandler.handle(ScopedHandler.java:141)
	at org.eclipse.jetty.server.handler.StatisticsHandler.handle(StatisticsHandler.java:181)
	at org.eclipse.jetty.server.handler.HandlerWrapper.handle(HandlerWrapper.java:127)
	at org.eclipse.jetty.server.Server.handle(Server.java:516)
	at org.eclipse.jetty.server.HttpChannel.lambda$handle$1(HttpChannel.java:487)
	at org.eclipse.jetty.server.HttpChannel.dispatch(HttpChannel.java:732)
	at org.eclipse.jetty.server.HttpChannel.handle(HttpChannel.java:479)
	at org.eclipse.jetty.server.HttpConnection.onFillable(HttpConnection.java:277)
	at org.eclipse.jetty.io.AbstractConnection$ReadCallback.succeeded(AbstractConnection.java:311)
	at org.eclipse.jetty.io.FillInterest.fillable(FillInterest.java:105)
	at org.eclipse.jetty.io.ChannelEndPoint$1.run(ChannelEndPoint.java:104)
	at org.eclipse.jetty.util.thread.QueuedThreadPool.runJob(QueuedThreadPool.java:883)
	at org.eclipse.jetty.util.thread.QueuedThreadPool$Runner.run(QueuedThreadPool.java:1034)
	at java.lang.Thread.run(Thread.java:750)
2026-09-21 09:00:16 [main] INFO  c.t.t.t.p.socket.SocketManager - SocketManager successfully instantiated.
2026-09-21 09:00:16 [main] INFO  c.t.t.t.p.socket.RoomManager - RoomManager successfully instantiated.
2026-09-21 09:00:16 [WebSocketSelector-25] INFO  c.t.t.t.p.socket.SocketServer - WebSocketServer started successfully. [port=8081] [url=ws://localhost:8081]
2026-09-21 09:00:16 [main] INFO  org.eclipse.jetty.util.log - Logging initialized @432ms to org.eclipse.jetty.util.log.Slf4jLog
2026-09-21 09:00:16 [main] INFO  io.javalin.Javalin - Starting Javalin ...
2026-09-21 09:00:16 [main] INFO  io.javalin.Javalin - You are running Javalin 4.6.8 (released May 4, 2023. Your Javalin version is 1235 days old. Consider checking for a newer version.).
2026-09-21 09:00:16 [main] INFO  io.javalin.Javalin - Listening on http://localhost:8080/
2026-09-21 09:00:16 [main] INFO  io.javalin.Javalin - Javalin started in 166ms \o/
2026-09-21 09:00:16 [main] INFO  c.t.t.t.p.h.m.AuthorizedHttpMiddleware - Instance AuthorizedHttpMiddleware initialized.
2026-09-21 09:00:16 [main] INFO  c.t.t.t.p.h.c.UserController - Instance UserController initialized.
2026-09-21 09:00:16 [main] INFO  c.t.t.t.presentation.http.HttpServer - HttpServer started successfully. [port=8080] [url=http://localhost:8080]
2026-09-21 09:00:16 [main] INFO  com.tic.tac.toe.Application - Started Application
2026-09-21 09:00:18 [JettyServerThreadPool-44] INFO  c.t.t.t.presentation.http.HttpServer - METHOD: GET, PATH: /api/v1/users, CONTENT_LENGTH: -1, CONTEXT_PATH: 
2026-09-21 09:00:18 [JettyServerThreadPool-44] INFO  c.t.t.t.p.h.c.UserController - GET - /api/v1/users - 
2026-09-21 09:00:18 [JettyServerThreadPool-44] WARN  c.t.t.t.p.h.m.AuthorizedHttpMiddleware - Authentication required.
2026-09-21 09:00:18 [JettyServerThreadPool-44] WARN  io.javalin.Javalin - Uncaught exception
com.tic.tac.toe.domain.exception.UnauthorizedException: Authentication required
	at com.tic.tac.toe.presentation.http.middleware.AuthorizedHttpMiddleware.authenticate(AuthorizedHttpMiddleware.java:33)
	at com.tic.tac.toe.presentation.http.controller.UserController.lambda$register$0(UserController.java:37)
	at io.javalin.http.JavalinServlet$lifecycle$1$1$1.invoke(JavalinServlet.kt:38)
	at io.javalin.http.JavalinServlet$lifecycle$1$1$1.invoke(JavalinServlet.kt:38)
	at io.javalin.http.JavalinServletHandler.executeNextTask(JavalinServletHandler.kt:99)
	at io.javalin.http.JavalinServletHandler.queueNextTaskOrFinish$lambda-1(JavalinServletHandler.kt:85)
	at java.util.concurrent.CompletableFuture.uniComposeStage(CompletableFuture.java:995)
	at java.util.concurrent.CompletableFuture.thenCompose(CompletableFuture.java:2137)
	at io.javalin.http.JavalinServletHandler.queueNextTaskOrFinish$javalin(JavalinServletHandler.kt:85)
	at io.javalin.http.JavalinServletHandler.executeNextTask$lambda-11$lambda-10(JavalinServletHandler.kt:119)
	at java.util.concurrent.CompletableFuture.uniApply(CompletableFuture.java:616)
	at java.util.concurrent.CompletableFuture.uniApplyStage(CompletableFuture.java:628)
	at java.util.concurrent.CompletableFuture.thenApply(CompletableFuture.java:1996)
	at io.javalin.http.JavalinServletHandler.executeNextTask(JavalinServletHandler.kt:119)
	at io.javalin.http.JavalinServletHandler.queueNextTaskOrFinish$lambda-1(JavalinServletHandler.kt:85)
	at java.util.concurrent.CompletableFuture.uniComposeStage(CompletableFuture.java:995)
	at java.util.concurrent.CompletableFuture.thenCompose(CompletableFuture.java:2137)
	at io.javalin.http.JavalinServletHandler.queueNextTaskOrFinish$javalin(JavalinServletHandler.kt:85)
	at io.javalin.http.JavalinServletHandler.executeNextTask$lambda-11$lambda-10(JavalinServletHandler.kt:119)
	at java.util.concurrent.CompletableFuture.uniApply(CompletableFuture.java:616)
	at java.util.concurrent.CompletableFuture.uniApplyStage(CompletableFuture.java:628)
	at java.util.concurrent.CompletableFuture.thenApply(CompletableFuture.java:1996)
	at io.javalin.http.JavalinServletHandler.executeNextTask(JavalinServletHandler.kt:119)
	at io.javalin.http.JavalinServletHandler.queueNextTaskOrFinish$lambda-1(JavalinServletHandler.kt:85)
	at java.util.concurrent.CompletableFuture.uniComposeStage(CompletableFuture.java:995)
	at java.util.concurrent.CompletableFuture.thenCompose(CompletableFuture.java:2137)
	at io.javalin.http.JavalinServletHandler.queueNextTaskOrFinish$javalin(JavalinServletHandler.kt:85)
	at io.javalin.http.JavalinServlet.service(JavalinServlet.kt:89)
	at javax.servlet.http.HttpServlet.service(HttpServlet.java:790)
	at io.javalin.jetty.JavalinJettyServlet.service(JavalinJettyServlet.kt:58)
	at javax.servlet.http.HttpServlet.service(HttpServlet.java:790)
	at org.eclipse.jetty.servlet.ServletHolder.handle(ServletHolder.java:799)
	at org.eclipse.jetty.servlet.ServletHandler.doHandle(ServletHandler.java:554)
	at org.eclipse.jetty.server.handler.ScopedHandler.nextHandle(ScopedHandler.java:233)
	at org.eclipse.jetty.server.session.SessionHandler.doHandle(SessionHandler.java:1624)
	at org.eclipse.jetty.server.handler.ScopedHandler.nextHandle(ScopedHandler.java:233)
	at io.javalin.jetty.JettyServer$start$wsAndHttpHandler$1.doHandle(JettyServer.kt:52)
	at org.eclipse.jetty.server.handler.ScopedHandler.nextScope(ScopedHandler.java:188)
	at org.eclipse.jetty.servlet.ServletHandler.doScope(ServletHandler.java:505)
	at org.eclipse.jetty.server.session.SessionHandler.doScope(SessionHandler.java:1594)
	at org.eclipse.jetty.server.handler.ScopedHandler.nextScope(ScopedHandler.java:186)
	at org.eclipse.jetty.server.handler.ContextHandler.doScope(ContextHandler.java:1355)
	at org.eclipse.jetty.server.handler.ScopedHandler.handle(ScopedHandler.java:141)
	at org.eclipse.jetty.server.handler.StatisticsHandler.handle(StatisticsHandler.java:181)
	at org.eclipse.jetty.server.handler.HandlerWrapper.handle(HandlerWrapper.java:127)
	at org.eclipse.jetty.server.Server.handle(Server.java:516)
	at org.eclipse.jetty.server.HttpChannel.lambda$handle$1(HttpChannel.java:487)
	at org.eclipse.jetty.server.HttpChannel.dispatch(HttpChannel.java:732)
	at org.eclipse.jetty.server.HttpChannel.handle(HttpChannel.java:479)
	at org.eclipse.jetty.server.HttpConnection.onFillable(HttpConnection.java:277)
	at org.eclipse.jetty.io.AbstractConnection$ReadCallback.succeeded(AbstractConnection.java:311)
	at org.eclipse.jetty.io.FillInterest.fillable(FillInterest.java:105)
	at org.eclipse.jetty.io.ChannelEndPoint$1.run(ChannelEndPoint.java:104)
	at org.eclipse.jetty.util.thread.QueuedThreadPool.runJob(QueuedThreadPool.java:883)
	at org.eclipse.jetty.util.thread.QueuedThreadPool$Runner.run(QueuedThreadPool.java:1034)
	at java.lang.Thread.run(Thread.java:750)
2026-09-21 09:00:53 [main] INFO  c.t.t.t.p.socket.SocketManager - SocketManager successfully instantiated.
2026-09-21 09:00:53 [main] INFO  c.t.t.t.p.socket.RoomManager - RoomManager successfully instantiated.
2026-09-21 09:00:53 [WebSocketSelector-25] INFO  c.t.t.t.p.socket.SocketServer - WebSocketServer started successfully. [port=8081] [url=ws://localhost:8081]
2026-09-21 09:00:53 [main] INFO  org.eclipse.jetty.util.log - Logging initialized @452ms to org.eclipse.jetty.util.log.Slf4jLog
2026-09-21 09:00:53 [main] INFO  io.javalin.Javalin - Starting Javalin ...
2026-09-21 09:00:53 [main] INFO  io.javalin.Javalin - You are running Javalin 4.6.8 (released May 4, 2023. Your Javalin version is 1235 days old. Consider checking for a newer version.).
2026-09-21 09:00:53 [main] INFO  io.javalin.Javalin - Listening on http://localhost:8080/
2026-09-21 09:00:53 [main] INFO  io.javalin.Javalin - Javalin started in 160ms \o/
2026-09-21 09:00:53 [main] INFO  c.t.t.t.p.h.m.AuthorizedHttpMiddleware - Instance AuthorizedHttpMiddleware initialized.
2026-09-21 09:00:53 [main] INFO  c.t.t.t.p.h.c.UserController - Instance UserController initialized.
2026-09-21 09:00:53 [main] INFO  c.t.t.t.presentation.http.HttpServer - HttpServer started successfully. [port=8080] [url=http://localhost:8080]
2026-09-21 09:00:53 [main] INFO  com.tic.tac.toe.Application - Started Application
2026-09-21 09:00:55 [JettyServerThreadPool-44] INFO  c.t.t.t.presentation.http.HttpServer - METHOD: GET, PATH: /api/v1/users, CONTENT_LENGTH: -1, CONTEXT_PATH: http://localhost:8080/api/v1/users
2026-09-21 09:00:55 [JettyServerThreadPool-44] INFO  c.t.t.t.p.h.c.UserController - GET - /api/v1/users - 
2026-09-21 09:00:55 [JettyServerThreadPool-44] WARN  c.t.t.t.p.h.m.AuthorizedHttpMiddleware - Authentication required.
2026-09-21 09:00:55 [JettyServerThreadPool-44] WARN  io.javalin.Javalin - Uncaught exception
com.tic.tac.toe.domain.exception.UnauthorizedException: Authentication required
	at com.tic.tac.toe.presentation.http.middleware.AuthorizedHttpMiddleware.authenticate(AuthorizedHttpMiddleware.java:33)
	at com.tic.tac.toe.presentation.http.controller.UserController.lambda$register$0(UserController.java:37)
	at io.javalin.http.JavalinServlet$lifecycle$1$1$1.invoke(JavalinServlet.kt:38)
	at io.javalin.http.JavalinServlet$lifecycle$1$1$1.invoke(JavalinServlet.kt:38)
	at io.javalin.http.JavalinServletHandler.executeNextTask(JavalinServletHandler.kt:99)
	at io.javalin.http.JavalinServletHandler.queueNextTaskOrFinish$lambda-1(JavalinServletHandler.kt:85)
	at java.util.concurrent.CompletableFuture.uniComposeStage(CompletableFuture.java:995)
	at java.util.concurrent.CompletableFuture.thenCompose(CompletableFuture.java:2137)
	at io.javalin.http.JavalinServletHandler.queueNextTaskOrFinish$javalin(JavalinServletHandler.kt:85)
	at io.javalin.http.JavalinServletHandler.executeNextTask$lambda-11$lambda-10(JavalinServletHandler.kt:119)
	at java.util.concurrent.CompletableFuture.uniApply(CompletableFuture.java:616)
	at java.util.concurrent.CompletableFuture.uniApplyStage(CompletableFuture.java:628)
	at java.util.concurrent.CompletableFuture.thenApply(CompletableFuture.java:1996)
	at io.javalin.http.JavalinServletHandler.executeNextTask(JavalinServletHandler.kt:119)
	at io.javalin.http.JavalinServletHandler.queueNextTaskOrFinish$lambda-1(JavalinServletHandler.kt:85)
	at java.util.concurrent.CompletableFuture.uniComposeStage(CompletableFuture.java:995)
	at java.util.concurrent.CompletableFuture.thenCompose(CompletableFuture.java:2137)
	at io.javalin.http.JavalinServletHandler.queueNextTaskOrFinish$javalin(JavalinServletHandler.kt:85)
	at io.javalin.http.JavalinServletHandler.executeNextTask$lambda-11$lambda-10(JavalinServletHandler.kt:119)
	at java.util.concurrent.CompletableFuture.uniApply(CompletableFuture.java:616)
	at java.util.concurrent.CompletableFuture.uniApplyStage(CompletableFuture.java:628)
	at java.util.concurrent.CompletableFuture.thenApply(CompletableFuture.java:1996)
	at io.javalin.http.JavalinServletHandler.executeNextTask(JavalinServletHandler.kt:119)
	at io.javalin.http.JavalinServletHandler.queueNextTaskOrFinish$lambda-1(JavalinServletHandler.kt:85)
	at java.util.concurrent.CompletableFuture.uniComposeStage(CompletableFuture.java:995)
	at java.util.concurrent.CompletableFuture.thenCompose(CompletableFuture.java:2137)
	at io.javalin.http.JavalinServletHandler.queueNextTaskOrFinish$javalin(JavalinServletHandler.kt:85)
	at io.javalin.http.JavalinServlet.service(JavalinServlet.kt:89)
	at javax.servlet.http.HttpServlet.service(HttpServlet.java:790)
	at io.javalin.jetty.JavalinJettyServlet.service(JavalinJettyServlet.kt:58)
	at javax.servlet.http.HttpServlet.service(HttpServlet.java:790)
	at org.eclipse.jetty.servlet.ServletHolder.handle(ServletHolder.java:799)
	at org.eclipse.jetty.servlet.ServletHandler.doHandle(ServletHandler.java:554)
	at org.eclipse.jetty.server.handler.ScopedHandler.nextHandle(ScopedHandler.java:233)
	at org.eclipse.jetty.server.session.SessionHandler.doHandle(SessionHandler.java:1624)
	at org.eclipse.jetty.server.handler.ScopedHandler.nextHandle(ScopedHandler.java:233)
	at io.javalin.jetty.JettyServer$start$wsAndHttpHandler$1.doHandle(JettyServer.kt:52)
	at org.eclipse.jetty.server.handler.ScopedHandler.nextScope(ScopedHandler.java:188)
	at org.eclipse.jetty.servlet.ServletHandler.doScope(ServletHandler.java:505)
	at org.eclipse.jetty.server.session.SessionHandler.doScope(SessionHandler.java:1594)
	at org.eclipse.jetty.server.handler.ScopedHandler.nextScope(ScopedHandler.java:186)
	at org.eclipse.jetty.server.handler.ContextHandler.doScope(ContextHandler.java:1355)
	at org.eclipse.jetty.server.handler.ScopedHandler.handle(ScopedHandler.java:141)
	at org.eclipse.jetty.server.handler.StatisticsHandler.handle(StatisticsHandler.java:181)
	at org.eclipse.jetty.server.handler.HandlerWrapper.handle(HandlerWrapper.java:127)
	at org.eclipse.jetty.server.Server.handle(Server.java:516)
	at org.eclipse.jetty.server.HttpChannel.lambda$handle$1(HttpChannel.java:487)
	at org.eclipse.jetty.server.HttpChannel.dispatch(HttpChannel.java:732)
	at org.eclipse.jetty.server.HttpChannel.handle(HttpChannel.java:479)
	at org.eclipse.jetty.server.HttpConnection.onFillable(HttpConnection.java:277)
	at org.eclipse.jetty.io.AbstractConnection$ReadCallback.succeeded(AbstractConnection.java:311)
	at org.eclipse.jetty.io.FillInterest.fillable(FillInterest.java:105)
	at org.eclipse.jetty.io.ChannelEndPoint$1.run(ChannelEndPoint.java:104)
	at org.eclipse.jetty.util.thread.QueuedThreadPool.runJob(QueuedThreadPool.java:883)
	at org.eclipse.jetty.util.thread.QueuedThreadPool$Runner.run(QueuedThreadPool.java:1034)
	at java.lang.Thread.run(Thread.java:750)
2026-09-21 09:02:01 [main] INFO  c.t.t.t.p.socket.SocketManager - SocketManager successfully instantiated.
2026-09-21 09:02:01 [main] INFO  c.t.t.t.p.socket.RoomManager - RoomManager successfully instantiated.
2026-09-21 09:02:01 [WebSocketSelector-25] INFO  c.t.t.t.p.socket.SocketServer - WebSocketServer started successfully. [port=8081] [url=ws://localhost:8081]
2026-09-21 09:02:01 [main] INFO  org.eclipse.jetty.util.log - Logging initialized @448ms to org.eclipse.jetty.util.log.Slf4jLog
2026-09-21 09:02:01 [main] INFO  io.javalin.Javalin - Starting Javalin ...
2026-09-21 09:02:01 [main] INFO  io.javalin.Javalin - You are running Javalin 4.6.8 (released May 4, 2023. Your Javalin version is 1235 days old. Consider checking for a newer version.).
2026-09-21 09:02:01 [main] INFO  io.javalin.Javalin - Listening on http://localhost:8080/
2026-09-21 09:02:01 [main] INFO  io.javalin.Javalin - Javalin started in 176ms \o/
2026-09-21 09:02:01 [main] INFO  c.t.t.t.p.h.m.AuthorizedHttpMiddleware - Instance AuthorizedHttpMiddleware initialized.
2026-09-21 09:02:01 [main] INFO  c.t.t.t.p.h.c.UserController - Instance UserController initialized.
2026-09-21 09:02:01 [main] INFO  c.t.t.t.presentation.http.HttpServer - HttpServer started successfully. [port=8080] [url=http://localhost:8080]
2026-09-21 09:02:01 [main] INFO  com.tic.tac.toe.Application - Started Application
2026-09-21 09:02:04 [JettyServerThreadPool-44] INFO  c.t.t.t.presentation.http.HttpServer - METHOD: GET, HOST: localhost:8080, PORT: 8080 PATH: /api/v1/users, CONTENT_LENGTH: -1
2026-09-21 09:02:04 [JettyServerThreadPool-44] INFO  c.t.t.t.p.h.c.UserController - GET - /api/v1/users - 
2026-09-21 09:02:04 [JettyServerThreadPool-44] WARN  c.t.t.t.p.h.m.AuthorizedHttpMiddleware - Authentication required.
2026-09-21 09:02:04 [JettyServerThreadPool-44] WARN  io.javalin.Javalin - Uncaught exception
com.tic.tac.toe.domain.exception.UnauthorizedException: Authentication required
	at com.tic.tac.toe.presentation.http.middleware.AuthorizedHttpMiddleware.authenticate(AuthorizedHttpMiddleware.java:33)
	at com.tic.tac.toe.presentation.http.controller.UserController.lambda$register$0(UserController.java:37)
	at io.javalin.http.JavalinServlet$lifecycle$1$1$1.invoke(JavalinServlet.kt:38)
	at io.javalin.http.JavalinServlet$lifecycle$1$1$1.invoke(JavalinServlet.kt:38)
	at io.javalin.http.JavalinServletHandler.executeNextTask(JavalinServletHandler.kt:99)
	at io.javalin.http.JavalinServletHandler.queueNextTaskOrFinish$lambda-1(JavalinServletHandler.kt:85)
	at java.util.concurrent.CompletableFuture.uniComposeStage(CompletableFuture.java:995)
	at java.util.concurrent.CompletableFuture.thenCompose(CompletableFuture.java:2137)
	at io.javalin.http.JavalinServletHandler.queueNextTaskOrFinish$javalin(JavalinServletHandler.kt:85)
	at io.javalin.http.JavalinServletHandler.executeNextTask$lambda-11$lambda-10(JavalinServletHandler.kt:119)
	at java.util.concurrent.CompletableFuture.uniApply(CompletableFuture.java:616)
	at java.util.concurrent.CompletableFuture.uniApplyStage(CompletableFuture.java:628)
	at java.util.concurrent.CompletableFuture.thenApply(CompletableFuture.java:1996)
	at io.javalin.http.JavalinServletHandler.executeNextTask(JavalinServletHandler.kt:119)
	at io.javalin.http.JavalinServletHandler.queueNextTaskOrFinish$lambda-1(JavalinServletHandler.kt:85)
	at java.util.concurrent.CompletableFuture.uniComposeStage(CompletableFuture.java:995)
	at java.util.concurrent.CompletableFuture.thenCompose(CompletableFuture.java:2137)
	at io.javalin.http.JavalinServletHandler.queueNextTaskOrFinish$javalin(JavalinServletHandler.kt:85)
	at io.javalin.http.JavalinServletHandler.executeNextTask$lambda-11$lambda-10(JavalinServletHandler.kt:119)
	at java.util.concurrent.CompletableFuture.uniApply(CompletableFuture.java:616)
	at java.util.concurrent.CompletableFuture.uniApplyStage(CompletableFuture.java:628)
	at java.util.concurrent.CompletableFuture.thenApply(CompletableFuture.java:1996)
	at io.javalin.http.JavalinServletHandler.executeNextTask(JavalinServletHandler.kt:119)
	at io.javalin.http.JavalinServletHandler.queueNextTaskOrFinish$lambda-1(JavalinServletHandler.kt:85)
	at java.util.concurrent.CompletableFuture.uniComposeStage(CompletableFuture.java:995)
	at java.util.concurrent.CompletableFuture.thenCompose(CompletableFuture.java:2137)
	at io.javalin.http.JavalinServletHandler.queueNextTaskOrFinish$javalin(JavalinServletHandler.kt:85)
	at io.javalin.http.JavalinServlet.service(JavalinServlet.kt:89)
	at javax.servlet.http.HttpServlet.service(HttpServlet.java:790)
	at io.javalin.jetty.JavalinJettyServlet.service(JavalinJettyServlet.kt:58)
	at javax.servlet.http.HttpServlet.service(HttpServlet.java:790)
	at org.eclipse.jetty.servlet.ServletHolder.handle(ServletHolder.java:799)
	at org.eclipse.jetty.servlet.ServletHandler.doHandle(ServletHandler.java:554)
	at org.eclipse.jetty.server.handler.ScopedHandler.nextHandle(ScopedHandler.java:233)
	at org.eclipse.jetty.server.session.SessionHandler.doHandle(SessionHandler.java:1624)
	at org.eclipse.jetty.server.handler.ScopedHandler.nextHandle(ScopedHandler.java:233)
	at io.javalin.jetty.JettyServer$start$wsAndHttpHandler$1.doHandle(JettyServer.kt:52)
	at org.eclipse.jetty.server.handler.ScopedHandler.nextScope(ScopedHandler.java:188)
	at org.eclipse.jetty.servlet.ServletHandler.doScope(ServletHandler.java:505)
	at org.eclipse.jetty.server.session.SessionHandler.doScope(SessionHandler.java:1594)
	at org.eclipse.jetty.server.handler.ScopedHandler.nextScope(ScopedHandler.java:186)
	at org.eclipse.jetty.server.handler.ContextHandler.doScope(ContextHandler.java:1355)
	at org.eclipse.jetty.server.handler.ScopedHandler.handle(ScopedHandler.java:141)
	at org.eclipse.jetty.server.handler.StatisticsHandler.handle(StatisticsHandler.java:181)
	at org.eclipse.jetty.server.handler.HandlerWrapper.handle(HandlerWrapper.java:127)
	at org.eclipse.jetty.server.Server.handle(Server.java:516)
	at org.eclipse.jetty.server.HttpChannel.lambda$handle$1(HttpChannel.java:487)
	at org.eclipse.jetty.server.HttpChannel.dispatch(HttpChannel.java:732)
	at org.eclipse.jetty.server.HttpChannel.handle(HttpChannel.java:479)
	at org.eclipse.jetty.server.HttpConnection.onFillable(HttpConnection.java:277)
	at org.eclipse.jetty.io.AbstractConnection$ReadCallback.succeeded(AbstractConnection.java:311)
	at org.eclipse.jetty.io.FillInterest.fillable(FillInterest.java:105)
	at org.eclipse.jetty.io.ChannelEndPoint$1.run(ChannelEndPoint.java:104)
	at org.eclipse.jetty.util.thread.QueuedThreadPool.runJob(QueuedThreadPool.java:883)
	at org.eclipse.jetty.util.thread.QueuedThreadPool$Runner.run(QueuedThreadPool.java:1034)
	at java.lang.Thread.run(Thread.java:750)
2026-09-21 09:07:55 [main] INFO  c.t.t.t.p.socket.SocketManager - SocketManager successfully instantiated.
2026-09-21 09:07:55 [main] INFO  c.t.t.t.p.socket.RoomManager - RoomManager successfully instantiated.
2026-09-21 09:07:55 [WebSocketSelector-25] INFO  c.t.t.t.p.socket.SocketServer - WebSocketServer started successfully. [port=8081] [url=ws://localhost:8081]
2026-09-21 09:07:55 [main] INFO  org.eclipse.jetty.util.log - Logging initialized @439ms to org.eclipse.jetty.util.log.Slf4jLog
2026-09-21 09:07:55 [main] INFO  io.javalin.Javalin - Starting Javalin ...
2026-09-21 09:07:55 [main] INFO  io.javalin.Javalin - You are running Javalin 4.6.8 (released May 4, 2023. Your Javalin version is 1235 days old. Consider checking for a newer version.).
2026-09-21 09:07:55 [main] INFO  io.javalin.Javalin - Listening on http://localhost:8080/
2026-09-21 09:07:55 [main] INFO  io.javalin.Javalin - Javalin started in 157ms \o/
2026-09-21 09:07:56 [main] INFO  c.t.t.t.p.h.m.AuthorizedHttpMiddleware - Instance AuthorizedHttpMiddleware initialized.
2026-09-21 09:07:56 [main] INFO  c.t.t.t.p.h.c.UserController - Instance UserController initialized.
2026-09-21 09:07:56 [main] INFO  c.t.t.t.presentation.http.HttpServer - HttpServer started successfully. [port=8080] [url=http://localhost:8080]
2026-09-21 09:07:56 [main] INFO  com.tic.tac.toe.Application - Started Application
2026-09-21 09:07:57 [JettyServerThreadPool-44] INFO  c.t.t.t.presentation.http.HttpServer - METHOD: GET, HOST: localhost:8080, PATH: /api/v1/users, CONTENT_LENGTH: -1
2026-09-21 09:07:57 [JettyServerThreadPool-44] WARN  c.t.t.t.p.h.m.AuthorizedHttpMiddleware - Authentication required.
2026-09-21 09:07:57 [JettyServerThreadPool-44] WARN  io.javalin.Javalin - Uncaught exception
com.tic.tac.toe.domain.exception.UnauthorizedException: Authentication required
	at com.tic.tac.toe.presentation.http.middleware.AuthorizedHttpMiddleware.authenticate(AuthorizedHttpMiddleware.java:33)
	at io.javalin.http.JavalinServlet$lifecycle$1$1$1.invoke(JavalinServlet.kt:38)
	at io.javalin.http.JavalinServlet$lifecycle$1$1$1.invoke(JavalinServlet.kt:38)
	at io.javalin.http.JavalinServletHandler.executeNextTask(JavalinServletHandler.kt:99)
	at io.javalin.http.JavalinServletHandler.queueNextTaskOrFinish$lambda-1(JavalinServletHandler.kt:85)
	at java.util.concurrent.CompletableFuture.uniComposeStage(CompletableFuture.java:995)
	at java.util.concurrent.CompletableFuture.thenCompose(CompletableFuture.java:2137)
	at io.javalin.http.JavalinServletHandler.queueNextTaskOrFinish$javalin(JavalinServletHandler.kt:85)
	at io.javalin.http.JavalinServletHandler.executeNextTask$lambda-11$lambda-10(JavalinServletHandler.kt:119)
	at java.util.concurrent.CompletableFuture.uniApply(CompletableFuture.java:616)
	at java.util.concurrent.CompletableFuture.uniApplyStage(CompletableFuture.java:628)
	at java.util.concurrent.CompletableFuture.thenApply(CompletableFuture.java:1996)
	at io.javalin.http.JavalinServletHandler.executeNextTask(JavalinServletHandler.kt:119)
	at io.javalin.http.JavalinServletHandler.queueNextTaskOrFinish$lambda-1(JavalinServletHandler.kt:85)
	at java.util.concurrent.CompletableFuture.uniComposeStage(CompletableFuture.java:995)
	at java.util.concurrent.CompletableFuture.thenCompose(CompletableFuture.java:2137)
	at io.javalin.http.JavalinServletHandler.queueNextTaskOrFinish$javalin(JavalinServletHandler.kt:85)
	at io.javalin.http.JavalinServletHandler.executeNextTask$lambda-11$lambda-10(JavalinServletHandler.kt:119)
	at java.util.concurrent.CompletableFuture.uniApply(CompletableFuture.java:616)
	at java.util.concurrent.CompletableFuture.uniApplyStage(CompletableFuture.java:628)
	at java.util.concurrent.CompletableFuture.thenApply(CompletableFuture.java:1996)
	at io.javalin.http.JavalinServletHandler.executeNextTask(JavalinServletHandler.kt:119)
	at io.javalin.http.JavalinServletHandler.queueNextTaskOrFinish$lambda-1(JavalinServletHandler.kt:85)
	at java.util.concurrent.CompletableFuture.uniComposeStage(CompletableFuture.java:995)
	at java.util.concurrent.CompletableFuture.thenCompose(CompletableFuture.java:2137)
	at io.javalin.http.JavalinServletHandler.queueNextTaskOrFinish$javalin(JavalinServletHandler.kt:85)
	at io.javalin.http.JavalinServlet.service(JavalinServlet.kt:89)
	at javax.servlet.http.HttpServlet.service(HttpServlet.java:790)
	at io.javalin.jetty.JavalinJettyServlet.service(JavalinJettyServlet.kt:58)
	at javax.servlet.http.HttpServlet.service(HttpServlet.java:790)
	at org.eclipse.jetty.servlet.ServletHolder.handle(ServletHolder.java:799)
	at org.eclipse.jetty.servlet.ServletHandler.doHandle(ServletHandler.java:554)
	at org.eclipse.jetty.server.handler.ScopedHandler.nextHandle(ScopedHandler.java:233)
	at org.eclipse.jetty.server.session.SessionHandler.doHandle(SessionHandler.java:1624)
	at org.eclipse.jetty.server.handler.ScopedHandler.nextHandle(ScopedHandler.java:233)
	at io.javalin.jetty.JettyServer$start$wsAndHttpHandler$1.doHandle(JettyServer.kt:52)
	at org.eclipse.jetty.server.handler.ScopedHandler.nextScope(ScopedHandler.java:188)
	at org.eclipse.jetty.servlet.ServletHandler.doScope(ServletHandler.java:505)
	at org.eclipse.jetty.server.session.SessionHandler.doScope(SessionHandler.java:1594)
	at org.eclipse.jetty.server.handler.ScopedHandler.nextScope(ScopedHandler.java:186)
	at org.eclipse.jetty.server.handler.ContextHandler.doScope(ContextHandler.java:1355)
	at org.eclipse.jetty.server.handler.ScopedHandler.handle(ScopedHandler.java:141)
	at org.eclipse.jetty.server.handler.StatisticsHandler.handle(StatisticsHandler.java:181)
	at org.eclipse.jetty.server.handler.HandlerWrapper.handle(HandlerWrapper.java:127)
	at org.eclipse.jetty.server.Server.handle(Server.java:516)
	at org.eclipse.jetty.server.HttpChannel.lambda$handle$1(HttpChannel.java:487)
	at org.eclipse.jetty.server.HttpChannel.dispatch(HttpChannel.java:732)
	at org.eclipse.jetty.server.HttpChannel.handle(HttpChannel.java:479)
	at org.eclipse.jetty.server.HttpConnection.onFillable(HttpConnection.java:277)
	at org.eclipse.jetty.io.AbstractConnection$ReadCallback.succeeded(AbstractConnection.java:311)
	at org.eclipse.jetty.io.FillInterest.fillable(FillInterest.java:105)
	at org.eclipse.jetty.io.ChannelEndPoint$1.run(ChannelEndPoint.java:104)
	at org.eclipse.jetty.util.thread.QueuedThreadPool.runJob(QueuedThreadPool.java:883)
	at org.eclipse.jetty.util.thread.QueuedThreadPool$Runner.run(QueuedThreadPool.java:1034)
	at java.lang.Thread.run(Thread.java:750)
2026-09-21 09:12:40 [main] INFO  c.t.t.t.i.config.Environment - Instance Environment initialized.
2026-09-21 09:12:40 [main] INFO  c.t.t.t.p.socket.SocketManager - SocketManager successfully instantiated.
2026-09-21 09:12:40 [main] INFO  c.t.t.t.p.socket.RoomManager - RoomManager successfully instantiated.
2026-09-21 09:12:40 [WebSocketSelector-25] INFO  c.t.t.t.p.socket.SocketServer - WebSocketServer started successfully. [port=8081] [url=ws://localhost:8081]
2026-09-21 09:12:40 [main] INFO  org.eclipse.jetty.util.log - Logging initialized @436ms to org.eclipse.jetty.util.log.Slf4jLog
2026-09-21 09:12:40 [main] INFO  io.javalin.Javalin - Starting Javalin ...
2026-09-21 09:12:40 [main] INFO  io.javalin.Javalin - You are running Javalin 4.6.8 (released May 4, 2023. Your Javalin version is 1235 days old. Consider checking for a newer version.).
2026-09-21 09:12:41 [main] INFO  io.javalin.Javalin - Listening on http://localhost:8080/
2026-09-21 09:12:41 [main] INFO  io.javalin.Javalin - Javalin started in 159ms \o/
2026-09-21 09:12:41 [main] INFO  c.t.t.t.i.persistence.jpa.JpaUtil - Instance JpaUtil initialized.
2026-09-21 09:12:41 [main] INFO  c.t.t.t.p.h.c.AuthController - Instance AuthController initialized.
2026-09-21 09:12:41 [main] INFO  c.t.t.t.p.h.m.AuthorizedHttpMiddleware - Instance AuthorizedHttpMiddleware initialized.
2026-09-21 09:12:41 [main] INFO  c.t.t.t.p.h.c.UserController - Instance UserController initialized.
2026-09-21 09:12:41 [main] INFO  c.t.t.t.presentation.http.HttpServer - HttpServer started successfully. [port=8080] [url=http://localhost:8080]
2026-09-21 09:12:41 [main] INFO  com.tic.tac.toe.Application - Started Application
2026-09-21 09:17:54 [main] INFO  c.t.t.t.i.config.Environment - Instance Environment initialized.
2026-09-21 09:17:54 [main] INFO  c.t.t.t.p.socket.SocketManager - SocketManager successfully instantiated.
2026-09-21 09:17:54 [main] INFO  c.t.t.t.p.socket.RoomManager - RoomManager successfully instantiated.
2026-09-21 09:17:54 [WebSocketSelector-25] INFO  c.t.t.t.p.socket.SocketServer - WebSocketServer started successfully. [port=8081] [url=ws://localhost:8081]
2026-09-21 09:17:54 [main] INFO  org.eclipse.jetty.util.log - Logging initialized @443ms to org.eclipse.jetty.util.log.Slf4jLog
2026-09-21 09:17:54 [main] INFO  io.javalin.Javalin - Starting Javalin ...
2026-09-21 09:17:54 [main] INFO  io.javalin.Javalin - You are running Javalin 4.6.8 (released May 4, 2023. Your Javalin version is 1235 days old. Consider checking for a newer version.).
2026-09-21 09:17:54 [main] INFO  io.javalin.Javalin - Listening on http://localhost:8080/
2026-09-21 09:17:54 [main] INFO  io.javalin.Javalin - Javalin started in 150ms \o/
2026-09-21 09:17:54 [main] INFO  c.t.t.t.i.persistence.jpa.JpaUtil - Instance JpaUtil initialized.
2026-09-21 09:17:54 [main] INFO  c.t.t.t.p.h.c.AuthController - Instance AuthController initialized.
2026-09-21 09:17:54 [main] INFO  c.t.t.t.i.security.JwtService - Instance JwtService initialized.
2026-09-21 09:17:54 [main] INFO  c.t.t.t.p.h.m.AuthorizedHttpMiddleware - Instance AuthorizedHttpMiddleware initialized.
2026-09-21 09:17:54 [main] INFO  c.t.t.t.p.h.c.UserController - Instance UserController initialized.
2026-09-21 09:17:54 [main] INFO  c.t.t.t.presentation.http.HttpServer - Instance HttpServer initialized.
2026-09-21 09:17:54 [main] INFO  c.t.t.t.presentation.http.HttpServer - HttpServer started successfully. [port=8080] [url=http://localhost:8080]
2026-09-21 09:17:54 [main] INFO  com.tic.tac.toe.Application - Started Application
2026-09-21 09:19:26 [main] INFO  c.t.t.t.i.config.Environment - Instance Environment initialized.
2026-09-21 09:19:26 [main] INFO  c.t.t.t.p.socket.SocketManager - SocketManager successfully instantiated.
2026-09-21 09:19:26 [main] INFO  c.t.t.t.p.socket.RoomManager - RoomManager successfully instantiated.
2026-09-21 09:19:26 [WebSocketSelector-25] INFO  c.t.t.t.p.socket.SocketServer - WebSocketServer started successfully. [port=8081] [url=ws://localhost:8081]
2026-09-21 09:19:26 [main] INFO  org.eclipse.jetty.util.log - Logging initialized @426ms to org.eclipse.jetty.util.log.Slf4jLog
2026-09-21 09:19:26 [main] INFO  io.javalin.Javalin - Starting Javalin ...
2026-09-21 09:19:26 [main] INFO  io.javalin.Javalin - You are running Javalin 4.6.8 (released May 4, 2023. Your Javalin version is 1235 days old. Consider checking for a newer version.).
2026-09-21 09:19:26 [main] INFO  io.javalin.Javalin - Listening on http://localhost:8080/
2026-09-21 09:19:26 [main] INFO  io.javalin.Javalin - Javalin started in 160ms \o/
2026-09-21 09:19:26 [main] INFO  c.t.t.t.i.persistence.jpa.JpaUtil - Instance JpaUtil initialized.
2026-09-21 09:19:26 [main] INFO  c.t.t.t.p.h.c.AuthController - Instance AuthController initialized.
2026-09-21 09:19:26 [main] INFO  c.t.t.t.i.security.JwtService - Instance JwtService initialized.
2026-09-21 09:19:26 [main] INFO  c.t.t.t.p.h.m.AuthorizedHttpMiddleware - Instance AuthorizedHttpMiddleware initialized.
2026-09-21 09:19:26 [main] INFO  c.t.t.t.p.h.c.UserController - Instance UserController initialized.
2026-09-21 09:19:26 [main] INFO  c.t.t.t.presentation.http.HttpServer - Instance HttpServer initialized.
2026-09-21 09:19:26 [main] INFO  c.t.t.t.presentation.http.HttpServer - HttpServer started successfully. [port=8080] [url=http://localhost:8080]
2026-09-21 09:19:26 [main] INFO  com.tic.tac.toe.Application - Started Application
2026-09-21 09:19:28 [JettyServerThreadPool-44] INFO  c.t.t.t.presentation.http.HttpServer - METHOD: GET, HOST: localhost:8080, PATH: /api/v1/users, CONTENT_LENGTH: -1
2026-09-21 09:19:28 [JettyServerThreadPool-44] WARN  c.t.t.t.p.h.m.AuthorizedHttpMiddleware - Authentication required.
2026-09-21 09:19:28 [JettyServerThreadPool-44] WARN  io.javalin.Javalin - Uncaught exception
com.tic.tac.toe.domain.exception.UnauthorizedException: Authentication required
	at com.tic.tac.toe.presentation.http.middleware.AuthorizedHttpMiddleware.authenticate(AuthorizedHttpMiddleware.java:33)
	at io.javalin.http.JavalinServlet$lifecycle$1$1$1.invoke(JavalinServlet.kt:38)
	at io.javalin.http.JavalinServlet$lifecycle$1$1$1.invoke(JavalinServlet.kt:38)
	at io.javalin.http.JavalinServletHandler.executeNextTask(JavalinServletHandler.kt:99)
	at io.javalin.http.JavalinServletHandler.queueNextTaskOrFinish$lambda-1(JavalinServletHandler.kt:85)
	at java.util.concurrent.CompletableFuture.uniComposeStage(CompletableFuture.java:995)
	at java.util.concurrent.CompletableFuture.thenCompose(CompletableFuture.java:2137)
	at io.javalin.http.JavalinServletHandler.queueNextTaskOrFinish$javalin(JavalinServletHandler.kt:85)
	at io.javalin.http.JavalinServletHandler.executeNextTask$lambda-11$lambda-10(JavalinServletHandler.kt:119)
	at java.util.concurrent.CompletableFuture.uniApply(CompletableFuture.java:616)
	at java.util.concurrent.CompletableFuture.uniApplyStage(CompletableFuture.java:628)
	at java.util.concurrent.CompletableFuture.thenApply(CompletableFuture.java:1996)
	at io.javalin.http.JavalinServletHandler.executeNextTask(JavalinServletHandler.kt:119)
	at io.javalin.http.JavalinServletHandler.queueNextTaskOrFinish$lambda-1(JavalinServletHandler.kt:85)
	at java.util.concurrent.CompletableFuture.uniComposeStage(CompletableFuture.java:995)
	at java.util.concurrent.CompletableFuture.thenCompose(CompletableFuture.java:2137)
	at io.javalin.http.JavalinServletHandler.queueNextTaskOrFinish$javalin(JavalinServletHandler.kt:85)
	at io.javalin.http.JavalinServletHandler.executeNextTask$lambda-11$lambda-10(JavalinServletHandler.kt:119)
	at java.util.concurrent.CompletableFuture.uniApply(CompletableFuture.java:616)
	at java.util.concurrent.CompletableFuture.uniApplyStage(CompletableFuture.java:628)
	at java.util.concurrent.CompletableFuture.thenApply(CompletableFuture.java:1996)
	at io.javalin.http.JavalinServletHandler.executeNextTask(JavalinServletHandler.kt:119)
	at io.javalin.http.JavalinServletHandler.queueNextTaskOrFinish$lambda-1(JavalinServletHandler.kt:85)
	at java.util.concurrent.CompletableFuture.uniComposeStage(CompletableFuture.java:995)
	at java.util.concurrent.CompletableFuture.thenCompose(CompletableFuture.java:2137)
	at io.javalin.http.JavalinServletHandler.queueNextTaskOrFinish$javalin(JavalinServletHandler.kt:85)
	at io.javalin.http.JavalinServlet.service(JavalinServlet.kt:89)
	at javax.servlet.http.HttpServlet.service(HttpServlet.java:790)
	at io.javalin.jetty.JavalinJettyServlet.service(JavalinJettyServlet.kt:58)
	at javax.servlet.http.HttpServlet.service(HttpServlet.java:790)
	at org.eclipse.jetty.servlet.ServletHolder.handle(ServletHolder.java:799)
	at org.eclipse.jetty.servlet.ServletHandler.doHandle(ServletHandler.java:554)
	at org.eclipse.jetty.server.handler.ScopedHandler.nextHandle(ScopedHandler.java:233)
	at org.eclipse.jetty.server.session.SessionHandler.doHandle(SessionHandler.java:1624)
	at org.eclipse.jetty.server.handler.ScopedHandler.nextHandle(ScopedHandler.java:233)
	at io.javalin.jetty.JettyServer$start$wsAndHttpHandler$1.doHandle(JettyServer.kt:52)
	at org.eclipse.jetty.server.handler.ScopedHandler.nextScope(ScopedHandler.java:188)
	at org.eclipse.jetty.servlet.ServletHandler.doScope(ServletHandler.java:505)
	at org.eclipse.jetty.server.session.SessionHandler.doScope(SessionHandler.java:1594)
	at org.eclipse.jetty.server.handler.ScopedHandler.nextScope(ScopedHandler.java:186)
	at org.eclipse.jetty.server.handler.ContextHandler.doScope(ContextHandler.java:1355)
	at org.eclipse.jetty.server.handler.ScopedHandler.handle(ScopedHandler.java:141)
	at org.eclipse.jetty.server.handler.StatisticsHandler.handle(StatisticsHandler.java:181)
	at org.eclipse.jetty.server.handler.HandlerWrapper.handle(HandlerWrapper.java:127)
	at org.eclipse.jetty.server.Server.handle(Server.java:516)
	at org.eclipse.jetty.server.HttpChannel.lambda$handle$1(HttpChannel.java:487)
	at org.eclipse.jetty.server.HttpChannel.dispatch(HttpChannel.java:732)
	at org.eclipse.jetty.server.HttpChannel.handle(HttpChannel.java:479)
	at org.eclipse.jetty.server.HttpConnection.onFillable(HttpConnection.java:277)
	at org.eclipse.jetty.io.AbstractConnection$ReadCallback.succeeded(AbstractConnection.java:311)
	at org.eclipse.jetty.io.FillInterest.fillable(FillInterest.java:105)
	at org.eclipse.jetty.io.ChannelEndPoint$1.run(ChannelEndPoint.java:104)
	at org.eclipse.jetty.util.thread.QueuedThreadPool.runJob(QueuedThreadPool.java:883)
	at org.eclipse.jetty.util.thread.QueuedThreadPool$Runner.run(QueuedThreadPool.java:1034)
	at java.lang.Thread.run(Thread.java:750)
2026-09-21 09:59:49 [main] INFO  c.t.t.t.i.config.Environment - Instance Environment initialized.
2026-09-21 09:59:49 [main] INFO  c.t.t.t.p.socket.SocketManager - SocketManager successfully instantiated.
2026-09-21 09:59:49 [main] INFO  c.t.t.t.p.socket.RoomManager - RoomManager successfully instantiated.
2026-09-21 09:59:49 [WebSocketSelector-25] INFO  c.t.t.t.p.socket.SocketServer - WebSocketServer started successfully. [port=8081] [url=ws://localhost:8081]
2026-09-21 09:59:49 [main] INFO  org.eclipse.jetty.util.log - Logging initialized @451ms to org.eclipse.jetty.util.log.Slf4jLog
2026-09-21 09:59:49 [main] INFO  io.javalin.Javalin - Starting Javalin ...
2026-09-21 09:59:49 [main] INFO  io.javalin.Javalin - You are running Javalin 4.6.8 (released May 4, 2023. Your Javalin version is 1235 days old. Consider checking for a newer version.).
2026-09-21 09:59:50 [main] INFO  io.javalin.Javalin - Listening on http://localhost:8080/
2026-09-21 09:59:50 [main] INFO  io.javalin.Javalin - Javalin started in 161ms \o/
2026-09-21 09:59:50 [main] INFO  c.t.t.t.i.persistence.jpa.JpaUtil - Instance JpaUtil initialized.
2026-09-21 09:59:50 [main] INFO  c.t.t.t.i.p.j.r.UserJpaRepository - Instance UserJpaRepository initialized.
2026-09-21 09:59:50 [main] INFO  c.t.t.t.p.h.c.AuthController - Instance AuthController initialized.
2026-09-21 09:59:50 [main] INFO  c.t.t.t.i.p.j.r.UserJpaRepository - Instance UserJpaRepository initialized.
2026-09-21 09:59:50 [main] INFO  c.t.t.t.i.security.JwtService - Instance JwtService initialized.
2026-09-21 09:59:50 [main] INFO  c.t.t.t.p.h.m.AuthorizedHttpMiddleware - Instance AuthorizedHttpMiddleware initialized.
2026-09-21 09:59:50 [main] INFO  c.t.t.t.p.h.c.UserController - Instance UserController initialized.
2026-09-21 09:59:50 [main] INFO  c.t.t.t.presentation.http.HttpServer - Instance HttpServer initialized.
2026-09-21 09:59:50 [main] INFO  c.t.t.t.presentation.http.HttpServer - HttpServer started successfully. [port=8080] [url=http://localhost:8080]
2026-09-21 09:59:50 [main] INFO  com.tic.tac.toe.Application - Started Application
2026-09-21 10:13:17 [main] INFO  c.t.t.t.i.config.Environment - Instance Environment initialized.
2026-09-21 10:13:17 [main] INFO  c.t.t.t.p.socket.SocketManager - SocketManager successfully instantiated.
2026-09-21 10:13:17 [main] INFO  c.t.t.t.p.socket.RoomManager - RoomManager successfully instantiated.
2026-09-21 10:13:17 [WebSocketSelector-25] INFO  c.t.t.t.p.socket.SocketServer - WebSocketServer started successfully. [port=8081] [url=ws://localhost:8081]
2026-09-21 10:13:17 [main] INFO  org.eclipse.jetty.util.log - Logging initialized @417ms to org.eclipse.jetty.util.log.Slf4jLog
2026-09-21 10:13:17 [main] INFO  io.javalin.Javalin - Starting Javalin ...
2026-09-21 10:13:17 [main] INFO  io.javalin.Javalin - You are running Javalin 4.6.8 (released May 4, 2023. Your Javalin version is 1235 days old. Consider checking for a newer version.).
2026-09-21 10:13:17 [main] INFO  io.javalin.Javalin - Listening on http://localhost:8080/
2026-09-21 10:13:17 [main] INFO  io.javalin.Javalin - Javalin started in 158ms \o/
2026-09-21 10:13:17 [main] INFO  c.t.t.t.i.persistence.jpa.JpaUtil - Instance JpaUtil initialized.
2026-09-21 10:13:17 [main] INFO  c.t.t.t.i.p.j.r.UserJpaRepository - Instance UserJpaRepository initialized.
2026-09-21 10:13:17 [main] INFO  c.t.t.t.p.h.c.AuthController - Instance AuthController initialized.
2026-09-21 10:13:17 [main] INFO  c.t.t.t.i.p.j.r.UserJpaRepository - Instance UserJpaRepository initialized.
2026-09-21 10:13:17 [main] INFO  c.t.t.t.i.security.JwtService - Instance JwtService initialized.
2026-09-21 10:13:17 [main] INFO  c.t.t.t.p.h.m.AuthorizedHttpMiddleware - Instance AuthorizedHttpMiddleware initialized.
2026-09-21 10:13:17 [main] INFO  c.t.t.t.p.h.c.UserController - Instance UserController initialized.
2026-09-21 10:13:17 [main] INFO  c.t.t.t.presentation.http.HttpServer - Instance HttpServer initialized.
2026-09-21 10:13:17 [main] INFO  c.t.t.t.presentation.http.HttpServer - HttpServer started successfully. [port=8080] [url=http://localhost:8080]
2026-09-21 10:13:17 [main] INFO  com.tic.tac.toe.Application - Started Application
2026-09-21 10:13:21 [JettyServerThreadPool-44] INFO  c.t.t.t.presentation.http.HttpServer - METHOD: GET, HOST: localhost:8080, PATH: /api/v1/users, CONTENT_LENGTH: -1
2026-09-21 10:13:21 [JettyServerThreadPool-44] WARN  c.t.t.t.p.h.m.AuthorizedHttpMiddleware - Authentication required.
2026-09-21 10:13:55 [main] INFO  c.t.t.t.i.config.Environment - Instance Environment initialized.
2026-09-21 10:13:55 [main] INFO  c.t.t.t.p.socket.SocketManager - SocketManager successfully instantiated.
2026-09-21 10:13:55 [main] INFO  c.t.t.t.p.socket.RoomManager - RoomManager successfully instantiated.
2026-09-21 10:13:55 [WebSocketSelector-25] INFO  c.t.t.t.p.socket.SocketServer - WebSocketServer started successfully. [port=8081] [url=ws://localhost:8081]
2026-09-21 10:13:55 [main] INFO  org.eclipse.jetty.util.log - Logging initialized @422ms to org.eclipse.jetty.util.log.Slf4jLog
2026-09-21 10:13:55 [main] INFO  io.javalin.Javalin - Starting Javalin ...
2026-09-21 10:13:55 [main] INFO  io.javalin.Javalin - You are running Javalin 4.6.8 (released May 4, 2023. Your Javalin version is 1235 days old. Consider checking for a newer version.).
2026-09-21 10:13:55 [main] INFO  io.javalin.Javalin - Listening on http://localhost:8080/
2026-09-21 10:13:55 [main] INFO  io.javalin.Javalin - Javalin started in 164ms \o/
2026-09-21 10:13:56 [main] INFO  c.t.t.t.i.persistence.jpa.JpaUtil - Instance JpaUtil initialized.
2026-09-21 10:13:56 [main] INFO  c.t.t.t.i.p.j.r.UserJpaRepository - Instance UserJpaRepository initialized.
2026-09-21 10:13:56 [main] INFO  c.t.t.t.p.h.c.AuthController - Instance AuthController initialized.
2026-09-21 10:13:56 [main] INFO  c.t.t.t.i.p.j.r.UserJpaRepository - Instance UserJpaRepository initialized.
2026-09-21 10:13:56 [main] INFO  c.t.t.t.i.security.JwtService - Instance JwtService initialized.
2026-09-21 10:13:56 [main] INFO  c.t.t.t.p.h.m.AuthorizedHttpMiddleware - Instance AuthorizedHttpMiddleware initialized.
2026-09-21 10:13:56 [main] INFO  c.t.t.t.p.h.c.UserController - Instance UserController initialized.
2026-09-21 10:13:56 [main] INFO  c.t.t.t.presentation.http.HttpServer - Instance HttpServer initialized.
2026-09-21 10:13:56 [main] INFO  c.t.t.t.presentation.http.HttpServer - HttpServer started successfully. [port=8080] [url=http://localhost:8080]
2026-09-21 10:13:56 [main] INFO  com.tic.tac.toe.Application - Started Application
2026-09-21 10:13:58 [JettyServerThreadPool-44] INFO  c.t.t.t.presentation.http.HttpServer - METHOD: GET, HOST: localhost:8080, PATH: /api/v1/users, CONTENT_LENGTH: -1
2026-09-21 10:13:58 [JettyServerThreadPool-44] WARN  c.t.t.t.p.h.m.AuthorizedHttpMiddleware - Authentication required.
2026-09-21 10:14:35 [main] INFO  c.t.t.t.i.config.Environment - Instance Environment initialized.
2026-09-21 10:14:35 [main] INFO  c.t.t.t.p.socket.SocketManager - SocketManager successfully instantiated.
2026-09-21 10:14:35 [main] INFO  c.t.t.t.p.socket.RoomManager - RoomManager successfully instantiated.
2026-09-21 10:14:35 [WebSocketSelector-25] INFO  c.t.t.t.p.socket.SocketServer - WebSocketServer started successfully. [port=8081] [url=ws://localhost:8081]
2026-09-21 10:14:35 [main] INFO  org.eclipse.jetty.util.log - Logging initialized @404ms to org.eclipse.jetty.util.log.Slf4jLog
2026-09-21 10:14:35 [main] INFO  io.javalin.Javalin - Starting Javalin ...
2026-09-21 10:14:35 [main] INFO  io.javalin.Javalin - You are running Javalin 4.6.8 (released May 4, 2023. Your Javalin version is 1235 days old. Consider checking for a newer version.).
2026-09-21 10:14:35 [main] INFO  io.javalin.Javalin - Listening on http://localhost:8080/
2026-09-21 10:14:35 [main] INFO  io.javalin.Javalin - Javalin started in 162ms \o/
2026-09-21 10:14:35 [main] INFO  c.t.t.t.i.persistence.jpa.JpaUtil - Instance JpaUtil initialized.
2026-09-21 10:14:35 [main] INFO  c.t.t.t.i.p.j.r.UserJpaRepository - Instance UserJpaRepository initialized.
2026-09-21 10:14:35 [main] INFO  c.t.t.t.p.h.c.AuthController - Instance AuthController initialized.
2026-09-21 10:14:35 [main] INFO  c.t.t.t.i.p.j.r.UserJpaRepository - Instance UserJpaRepository initialized.
2026-09-21 10:14:36 [main] INFO  c.t.t.t.i.security.JwtService - Instance JwtService initialized.
2026-09-21 10:14:36 [main] INFO  c.t.t.t.p.h.m.AuthorizedHttpMiddleware - Instance AuthorizedHttpMiddleware initialized.
2026-09-21 10:14:36 [main] INFO  c.t.t.t.p.h.c.UserController - Instance UserController initialized.
2026-09-21 10:14:36 [main] INFO  c.t.t.t.presentation.http.HttpServer - Instance HttpServer initialized.
2026-09-21 10:14:36 [main] INFO  c.t.t.t.presentation.http.HttpServer - HttpServer started successfully. [port=8080] [url=http://localhost:8080]
2026-09-21 10:14:36 [main] INFO  com.tic.tac.toe.Application - Started Application
2026-09-21 10:14:59 [main] INFO  c.t.t.t.i.config.Environment - Instance Environment initialized.
2026-09-21 10:14:59 [main] INFO  c.t.t.t.p.socket.SocketManager - SocketManager successfully instantiated.
2026-09-21 10:14:59 [main] INFO  c.t.t.t.p.socket.RoomManager - RoomManager successfully instantiated.
2026-09-21 10:14:59 [WebSocketSelector-25] INFO  c.t.t.t.p.socket.SocketServer - WebSocketServer started successfully. [port=8081] [url=ws://localhost:8081]
2026-09-21 10:15:00 [main] INFO  org.eclipse.jetty.util.log - Logging initialized @430ms to org.eclipse.jetty.util.log.Slf4jLog
2026-09-21 10:15:00 [main] INFO  io.javalin.Javalin - Starting Javalin ...
2026-09-21 10:15:00 [main] INFO  io.javalin.Javalin - You are running Javalin 4.6.8 (released May 4, 2023. Your Javalin version is 1235 days old. Consider checking for a newer version.).
2026-09-21 10:15:00 [main] INFO  io.javalin.Javalin - Listening on http://localhost:8080/
2026-09-21 10:15:00 [main] INFO  io.javalin.Javalin - Javalin started in 155ms \o/
2026-09-21 10:15:00 [main] INFO  c.t.t.t.i.persistence.jpa.JpaUtil - Instance JpaUtil initialized.
2026-09-21 10:15:00 [main] INFO  c.t.t.t.i.p.j.r.UserJpaRepository - Instance UserJpaRepository initialized.
2026-09-21 10:15:00 [main] INFO  c.t.t.t.p.h.c.AuthController - Instance AuthController initialized.
2026-09-21 10:15:00 [main] INFO  c.t.t.t.i.p.j.r.UserJpaRepository - Instance UserJpaRepository initialized.
2026-09-21 10:15:00 [main] INFO  c.t.t.t.i.security.JwtService - Instance JwtService initialized.
2026-09-21 10:15:00 [main] INFO  c.t.t.t.p.h.m.AuthorizedHttpMiddleware - Instance AuthorizedHttpMiddleware initialized.
2026-09-21 10:15:00 [main] INFO  c.t.t.t.p.h.c.UserController - Instance UserController initialized.
2026-09-21 10:15:00 [main] INFO  c.t.t.t.presentation.http.HttpServer - Instance HttpServer initialized.
2026-09-21 10:15:00 [main] INFO  c.t.t.t.presentation.http.HttpServer - HttpServer started successfully. [port=8080] [url=http://localhost:8080]
2026-09-21 10:15:00 [main] INFO  com.tic.tac.toe.Application - Started Application
2026-09-21 10:22:10 [main] INFO  c.t.t.t.i.config.Environment - Instance Environment initialized.
2026-09-21 10:22:10 [main] INFO  c.t.t.t.p.socket.SocketManager - SocketManager successfully instantiated.
2026-09-21 10:22:10 [main] INFO  c.t.t.t.p.socket.RoomManager - RoomManager successfully instantiated.
2026-09-21 10:22:10 [WebSocketSelector-25] INFO  c.t.t.t.p.socket.SocketServer - WebSocketServer started successfully. [port=8081] [url=ws://localhost:8081]
2026-09-21 10:22:10 [main] INFO  org.eclipse.jetty.util.log - Logging initialized @441ms to org.eclipse.jetty.util.log.Slf4jLog
2026-09-21 10:22:10 [main] INFO  io.javalin.Javalin - Starting Javalin ...
2026-09-21 10:22:10 [main] INFO  io.javalin.Javalin - You are running Javalin 4.6.8 (released May 4, 2023. Your Javalin version is 1235 days old. Consider checking for a newer version.).
2026-09-21 10:22:10 [main] INFO  io.javalin.Javalin - Listening on http://localhost:8080/
2026-09-21 10:22:10 [main] INFO  io.javalin.Javalin - Javalin started in 151ms \o/
2026-09-21 10:22:11 [main] INFO  c.t.t.t.i.persistence.jpa.JpaUtil - Instance JpaUtil initialized.
2026-09-21 10:22:11 [main] INFO  c.t.t.t.i.p.j.r.UserJpaRepository - Instance UserJpaRepository initialized.
2026-09-21 10:22:11 [main] INFO  c.t.t.t.p.h.c.AuthController - Instance AuthController initialized.
2026-09-21 10:22:11 [main] INFO  c.t.t.t.i.security.JwtService - Instance JwtService initialized.
2026-09-21 10:22:11 [main] INFO  c.t.t.t.p.h.m.AuthorizedHttpMiddleware - Instance AuthorizedHttpMiddleware initialized.
2026-09-21 10:22:11 [main] INFO  c.t.t.t.p.h.c.UserController - Instance UserController initialized.
2026-09-21 10:22:11 [main] INFO  c.t.t.t.presentation.http.HttpServer - Instance HttpServer initialized.
2026-09-21 10:22:11 [main] INFO  c.t.t.t.presentation.http.HttpServer - HttpServer started successfully. [port=8080] [url=http://localhost:8080]
2026-09-21 10:22:11 [main] INFO  com.tic.tac.toe.Application - Started Application
2026-09-21 10:23:19 [main] INFO  c.t.t.t.i.config.Environment - Instance Environment initialized.
2026-09-21 10:23:19 [main] INFO  c.t.t.t.p.socket.SocketManager - SocketManager successfully instantiated.
2026-09-21 10:23:19 [main] INFO  c.t.t.t.p.socket.RoomManager - RoomManager successfully instantiated.
2026-09-21 10:23:20 [WebSocketSelector-25] INFO  c.t.t.t.p.socket.SocketServer - WebSocketServer started successfully. [port=8081] [url=ws://localhost:8081]
2026-09-21 10:23:20 [main] INFO  org.eclipse.jetty.util.log - Logging initialized @419ms to org.eclipse.jetty.util.log.Slf4jLog
2026-09-21 10:23:20 [main] INFO  io.javalin.Javalin - Starting Javalin ...
2026-09-21 10:23:20 [main] INFO  io.javalin.Javalin - You are running Javalin 4.6.8 (released May 4, 2023. Your Javalin version is 1235 days old. Consider checking for a newer version.).
2026-09-21 10:23:20 [main] INFO  io.javalin.Javalin - Listening on http://localhost:8080/
2026-09-21 10:23:20 [main] INFO  io.javalin.Javalin - Javalin started in 154ms \o/
2026-09-21 10:23:20 [main] INFO  c.t.t.t.i.persistence.jpa.JpaUtil - Instance JpaUtil initialized.
2026-09-21 10:23:20 [main] INFO  c.t.t.t.i.p.j.r.UserJpaRepository - Instance UserJpaRepository initialized.
2026-09-21 10:23:20 [main] INFO  c.t.t.t.p.h.c.AuthController - Instance AuthController initialized.
2026-09-21 10:23:20 [main] INFO  c.t.t.t.i.security.JwtService - Instance JwtService initialized.
2026-09-21 10:23:20 [main] INFO  c.t.t.t.p.h.m.AuthorizedHttpMiddleware - Instance AuthorizedHttpMiddleware initialized.
2026-09-21 10:23:20 [main] INFO  c.t.t.t.p.h.c.UserController - Instance UserController initialized.
2026-09-21 10:23:20 [main] INFO  c.t.t.t.presentation.http.HttpServer - Instance HttpServer initialized.
2026-09-21 10:23:20 [main] INFO  c.t.t.t.presentation.http.HttpServer - HttpServer started successfully. [port=8080] [url=http://localhost:8080]
2026-09-21 10:23:20 [main] INFO  com.tic.tac.toe.Application - Started Application
2026-09-21 10:23:23 [JettyServerThreadPool-44] INFO  c.t.t.t.presentation.http.HttpServer - METHOD: GET, HOST: localhost:8080, PATH: /api/v1/users, CONTENT_LENGTH: -1
2026-09-21 10:23:25 [JettyServerThreadPool-32] INFO  c.t.t.t.presentation.http.HttpServer - METHOD: GET, HOST: localhost:8080, PATH: /api/v1/users, CONTENT_LENGTH: -1
2026-09-21 10:23:50 [JettyServerThreadPool-35] INFO  c.t.t.t.presentation.http.HttpServer - METHOD: POST, HOST: localhost:8080, PATH: /api/v1/users, CONTENT_LENGTH: 92
2026-09-21 10:23:50 [JettyServerThreadPool-35] ERROR c.t.t.t.i.p.j.r.UserJpaRepository - Error trying to save the user. [error=Exception [EclipseLink-4002] (Eclipse Persistence Services - 2.7.16.v20250613-47773a333b): org.eclipse.persistence.exceptions.DatabaseException
Internal Exception: org.h2.jdbc.JdbcSQLIntegrityConstraintViolationException: Unique index or primary key violation: "PUBLIC.CONSTRAINT_INDEX_4 ON PUBLIC.USERS(EMAIL NULLS FIRST) VALUES ( /* 1 */ 'teste@eemail.com' )"; SQL statement:
INSERT INTO users (id, created_at, email, password_hash, username) VALUES (?, ?, ?, ?, ?) [23505-224]
Error Code: 23505
Call: INSERT INTO users (id, created_at, email, password_hash, username) VALUES (?, ?, ?, ?, ?)
	bind => [5 parameters bound]
Query: InsertObjectQuery(com.tic.tac.toe.domain.entity.User@6f440933)]
2026-09-21 10:23:54 [JettyServerThreadPool-44] INFO  c.t.t.t.presentation.http.HttpServer - METHOD: POST, HOST: localhost:8080, PATH: /api/v1/users, CONTENT_LENGTH: 93
2026-09-21 10:23:56 [JettyServerThreadPool-35] INFO  c.t.t.t.presentation.http.HttpServer - METHOD: GET, HOST: localhost:8080, PATH: /api/v1/users, CONTENT_LENGTH: -1
2026-09-21 10:24:03 [JettyServerThreadPool-44] INFO  c.t.t.t.presentation.http.HttpServer - METHOD: POST, HOST: localhost:8080, PATH: /api/v1/users, CONTENT_LENGTH: 97
2026-09-21 10:24:07 [JettyServerThreadPool-35] INFO  c.t.t.t.presentation.http.HttpServer - METHOD: POST, HOST: localhost:8080, PATH: /api/v1/users, CONTENT_LENGTH: 101
2026-09-21 10:24:25 [JettyServerThreadPool-44] INFO  c.t.t.t.presentation.http.HttpServer - METHOD: GET, HOST: localhost:8080, PATH: /api/v1/users, CONTENT_LENGTH: -1
2026-09-21 10:24:27 [JettyServerThreadPool-35] INFO  c.t.t.t.presentation.http.HttpServer - METHOD: GET, HOST: localhost:8080, PATH: /api/v1/users, CONTENT_LENGTH: -1
2026-09-21 10:30:40 [main] INFO  c.t.t.t.i.config.Environment - Instance Environment initialized.
2026-09-21 10:30:40 [main] INFO  c.t.t.t.p.socket.SocketManager - SocketManager successfully instantiated.
2026-09-21 10:30:40 [main] INFO  c.t.t.t.p.socket.RoomManager - RoomManager successfully instantiated.
2026-09-21 10:30:41 [WebSocketSelector-25] INFO  c.t.t.t.p.socket.SocketServer - WebSocketServer started successfully. [port=8081] [url=ws://localhost:8081]
2026-09-21 10:30:41 [main] INFO  org.eclipse.jetty.util.log - Logging initialized @422ms to org.eclipse.jetty.util.log.Slf4jLog
2026-09-21 10:30:41 [main] INFO  io.javalin.Javalin - Starting Javalin ...
2026-09-21 10:30:41 [main] INFO  io.javalin.Javalin - You are running Javalin 4.6.8 (released May 4, 2023. Your Javalin version is 1235 days old. Consider checking for a newer version.).
2026-09-21 10:30:41 [main] INFO  io.javalin.Javalin - Listening on http://localhost:8080/
2026-09-21 10:30:41 [main] INFO  io.javalin.Javalin - Javalin started in 154ms \o/
2026-09-21 10:30:41 [main] INFO  c.t.t.t.i.persistence.jpa.JpaUtil - Instance JpaUtil initialized.
2026-09-21 10:30:41 [main] INFO  c.t.t.t.i.p.j.r.UserJpaRepository - Instance UserJpaRepository initialized.
2026-09-21 10:30:41 [main] INFO  c.t.t.t.p.h.c.AuthController - Instance AuthController initialized.
2026-09-21 10:30:41 [main] INFO  c.t.t.t.i.security.JwtService - Instance JwtService initialized.
2026-09-21 10:30:41 [main] INFO  c.t.t.t.p.h.m.AuthorizedHttpMiddleware - Instance AuthorizedHttpMiddleware initialized.
2026-09-21 10:30:41 [main] INFO  c.t.t.t.p.h.c.UserController - Instance UserController initialized.
2026-09-21 10:30:41 [main] INFO  c.t.t.t.presentation.http.HttpServer - Instance HttpServer initialized.
2026-09-21 10:30:41 [main] INFO  c.t.t.t.presentation.http.HttpServer - HttpServer started successfully. [port=8080] [url=http://localhost:8080]
2026-09-21 10:30:41 [main] INFO  com.tic.tac.toe.Application - Started Application
2026-09-21 10:30:43 [JettyServerThreadPool-44] INFO  c.t.t.t.presentation.http.HttpServer - METHOD: GET, HOST: localhost:8080, PATH: /api/v1/users, CONTENT_LENGTH: -1
2026-09-21 10:30:45 [JettyServerThreadPool-33] INFO  c.t.t.t.presentation.http.HttpServer - METHOD: GET, HOST: localhost:8080, PATH: /api/v1/users, CONTENT_LENGTH: -1
2026-09-21 10:30:47 [JettyServerThreadPool-39] INFO  c.t.t.t.presentation.http.HttpServer - METHOD: GET, HOST: localhost:8080, PATH: /api/v1/users, CONTENT_LENGTH: -1
2026-09-21 10:30:50 [JettyServerThreadPool-44] INFO  c.t.t.t.presentation.http.HttpServer - METHOD: GET, HOST: localhost:8080, PATH: /api/v1/users, CONTENT_LENGTH: -1
2026-09-21 10:30:52 [JettyServerThreadPool-39] INFO  c.t.t.t.presentation.http.HttpServer - METHOD: GET, HOST: localhost:8080, PATH: /api/v1/users, CONTENT_LENGTH: -1
2026-09-21 10:47:12 [main] INFO  c.t.t.t.i.config.Environment - Instance Environment initialized.
2026-09-21 10:47:12 [main] INFO  c.t.t.t.p.socket.SocketManager - SocketManager successfully instantiated.
2026-09-21 10:47:12 [main] INFO  c.t.t.t.p.socket.RoomManager - RoomManager successfully instantiated.
2026-09-21 10:47:12 [main] INFO  org.eclipse.jetty.util.log - Logging initialized @461ms to org.eclipse.jetty.util.log.Slf4jLog
2026-09-21 10:47:12 [main] INFO  io.javalin.Javalin - Starting Javalin ...
2026-09-21 10:47:12 [main] INFO  io.javalin.Javalin - You are running Javalin 4.6.8 (released May 4, 2023. Your Javalin version is 1235 days old. Consider checking for a newer version.).
2026-09-21 10:47:12 [WebSocketSelector-25] INFO  c.t.t.t.p.socket.SocketServer - WebSocketServer started successfully. [port=8081] [url=ws://localhost:8081]
2026-09-21 10:47:12 [main] INFO  io.javalin.Javalin - Listening on http://localhost:8080/
2026-09-21 10:47:12 [main] INFO  io.javalin.Javalin - Javalin started in 169ms \o/
2026-09-21 10:47:12 [main] INFO  c.t.t.t.i.persistence.jpa.JpaUtil - Instance JpaUtil initialized.
2026-09-21 10:47:12 [main] INFO  c.t.t.t.i.p.j.r.UserJpaRepository - Instance UserJpaRepository initialized.
2026-09-21 10:47:12 [main] INFO  c.t.t.t.p.h.c.AuthController - Instance AuthController initialized.
2026-09-21 10:47:12 [main] INFO  c.t.t.t.i.security.JwtService - Instance JwtService initialized.
2026-09-21 10:47:12 [main] INFO  c.t.t.t.p.h.m.AuthorizedHttpMiddleware - Instance AuthorizedHttpMiddleware initialized.
2026-09-21 10:47:12 [main] INFO  c.t.t.t.p.h.c.UserController - Instance UserController initialized.
2026-09-21 10:47:12 [main] INFO  c.t.t.t.presentation.http.HttpServer - Instance HttpServer initialized.
2026-09-21 10:47:12 [main] INFO  c.t.t.t.presentation.http.HttpServer - HttpServer started successfully. [port=8080] [url=http://localhost:8080]
2026-09-21 10:47:12 [main] INFO  com.tic.tac.toe.Application - Started Application
2026-09-21 11:10:41 [main] INFO  c.t.t.t.i.config.Environment - Instance Environment initialized.
2026-09-21 11:10:41 [main] INFO  c.t.t.t.p.socket.SocketManager - SocketManager successfully instantiated.
2026-09-21 11:10:41 [main] INFO  c.t.t.t.p.socket.RoomManager - RoomManager successfully instantiated.
2026-09-21 11:10:42 [main] INFO  org.eclipse.jetty.util.log - Logging initialized @478ms to org.eclipse.jetty.util.log.Slf4jLog
2026-09-21 11:10:42 [main] INFO  io.javalin.Javalin - Starting Javalin ...
2026-09-21 11:10:42 [WebSocketSelector-25] INFO  c.t.t.t.p.socket.SocketServer - WebSocketServer started successfully. [port=8081] [url=ws://localhost:8081]
2026-09-21 11:10:42 [main] INFO  io.javalin.Javalin - You are running Javalin 4.6.8 (released May 4, 2023. Your Javalin version is 1235 days old. Consider checking for a newer version.).
2026-09-21 11:10:42 [main] INFO  io.javalin.Javalin - Listening on http://localhost:8080/
2026-09-21 11:10:42 [main] INFO  io.javalin.Javalin - Javalin started in 171ms \o/
2026-09-21 11:10:42 [main] INFO  c.t.t.t.i.persistence.jpa.JpaUtil - Instance JpaUtil initialized.
2026-09-21 11:10:42 [main] INFO  c.t.t.t.i.p.j.r.UserJpaRepository - Instance UserJpaRepository initialized.
2026-09-21 11:10:42 [main] INFO  c.t.t.t.p.h.c.AuthController - Instance AuthController initialized.
2026-09-21 11:10:42 [main] INFO  c.t.t.t.i.security.JwtService - Instance JwtService initialized.
2026-09-21 11:10:42 [main] INFO  c.t.t.t.p.h.m.AuthorizedHttpMiddleware - Instance AuthorizedHttpMiddleware initialized.
2026-09-21 11:10:42 [main] INFO  c.t.t.t.p.h.c.UserController - Instance UserController initialized.
2026-09-21 11:10:42 [main] INFO  c.t.t.t.presentation.http.HttpServer - Instance HttpServer initialized.
2026-09-21 11:10:42 [main] INFO  c.t.t.t.presentation.http.HttpServer - HttpServer started successfully. [port=8080] [url=http://localhost:8080]
2026-09-21 11:10:42 [main] INFO  com.tic.tac.toe.Application - Started Application
2026-09-21 12:01:14 [main] INFO  c.t.t.t.i.config.Environment - Instance Environment initialized.
2026-09-21 12:01:14 [main] INFO  c.t.t.t.p.socket.SocketManager - SocketManager successfully instantiated.
2026-09-21 12:01:14 [main] INFO  c.t.t.t.p.socket.RoomManager - RoomManager successfully instantiated.
2026-09-21 12:01:14 [main] INFO  org.eclipse.jetty.util.log - Logging initialized @519ms to org.eclipse.jetty.util.log.Slf4jLog
2026-09-21 12:01:14 [main] INFO  io.javalin.Javalin - Starting Javalin ...
2026-09-21 12:01:14 [main] INFO  io.javalin.Javalin - You are running Javalin 4.6.8 (released May 4, 2023. Your Javalin version is 1236 days old. Consider checking for a newer version.).
2026-09-21 12:01:14 [WebSocketSelector-25] INFO  c.t.t.t.p.socket.SocketServer - WebSocketServer started successfully. [port=8081] [url=ws://localhost:8081]
2026-09-21 12:01:14 [main] INFO  io.javalin.Javalin - Listening on http://localhost:8080/
2026-09-21 12:01:14 [main] INFO  io.javalin.Javalin - Javalin started in 186ms \o/
2026-09-21 12:01:15 [main] INFO  c.t.t.t.i.persistence.jpa.JpaUtil - Instance JpaUtil initialized.
2026-09-21 12:01:15 [main] INFO  c.t.t.t.i.p.j.r.UserJpaRepository - Instance UserJpaRepository initialized.
2026-09-21 12:01:15 [main] INFO  c.t.t.t.a.service.UserServiceImpl - Instance UserServiceImpl initialized.
2026-09-21 12:01:15 [main] INFO  c.t.t.t.p.h.c.AuthController - Instance AuthController initialized.
2026-09-21 12:01:15 [main] INFO  c.t.t.t.a.service.UserServiceImpl - Instance UserServiceImpl initialized.
2026-09-21 12:01:15 [main] INFO  c.t.t.t.i.security.JwtService - Instance JwtService initialized.
2026-09-21 12:01:15 [main] INFO  c.t.t.t.p.h.m.AuthorizedHttpMiddleware - Instance AuthorizedHttpMiddleware initialized.
2026-09-21 12:01:15 [main] INFO  c.t.t.t.p.h.c.UserController - Instance UserController initialized.
2026-09-21 12:01:15 [main] INFO  c.t.t.t.presentation.http.HttpServer - Instance HttpServer initialized.
2026-09-21 12:01:15 [main] INFO  c.t.t.t.presentation.http.HttpServer - HttpServer started successfully. [port=8080] [url=http://localhost:8080]
2026-09-21 12:01:15 [main] INFO  com.tic.tac.toe.Application - Started Application
2026-09-21 12:03:38 [main] INFO  c.t.t.t.i.config.Environment - Instance Environment initialized.
2026-09-21 12:03:38 [main] INFO  c.t.t.t.p.socket.SocketManager - SocketManager successfully instantiated.
2026-09-21 12:03:38 [main] INFO  c.t.t.t.p.socket.RoomManager - RoomManager successfully instantiated.
2026-09-21 12:03:38 [WebSocketSelector-25] INFO  c.t.t.t.p.socket.SocketServer - WebSocketServer started successfully. [port=8081] [url=ws://localhost:8081]
2026-09-21 12:03:38 [main] INFO  org.eclipse.jetty.util.log - Logging initialized @456ms to org.eclipse.jetty.util.log.Slf4jLog
2026-09-21 12:03:38 [main] INFO  io.javalin.Javalin - Starting Javalin ...
2026-09-21 12:03:38 [main] INFO  io.javalin.Javalin - You are running Javalin 4.6.8 (released May 4, 2023. Your Javalin version is 1236 days old. Consider checking for a newer version.).
2026-09-21 12:03:38 [main] INFO  io.javalin.Javalin - Listening on http://localhost:8080/
2026-09-21 12:03:38 [main] INFO  io.javalin.Javalin - Javalin started in 164ms \o/
2026-09-21 12:03:38 [main] INFO  c.t.t.t.i.persistence.jpa.JpaUtil - Instance JpaUtil initialized.
2026-09-21 12:03:38 [main] INFO  c.t.t.t.i.p.j.r.UserJpaRepository - Instance UserJpaRepository initialized.
2026-09-21 12:03:38 [main] INFO  c.t.t.t.p.h.c.AuthController - Instance AuthController initialized.
2026-09-21 12:03:38 [main] INFO  c.t.t.t.i.security.JwtService - Instance JwtService initialized.
2026-09-21 12:03:38 [main] INFO  c.t.t.t.p.h.m.AuthorizedHttpMiddleware - Instance AuthorizedHttpMiddleware initialized.
2026-09-21 12:03:38 [main] INFO  c.t.t.t.p.h.c.UserController - Instance UserController initialized.
2026-09-21 12:03:38 [main] INFO  c.t.t.t.presentation.http.HttpServer - Instance HttpServer initialized.
2026-09-21 12:03:38 [main] INFO  c.t.t.t.presentation.http.HttpServer - HttpServer started successfully. [port=8080] [url=http://localhost:8080]
2026-09-21 12:03:38 [main] INFO  com.tic.tac.toe.Application - Started Application
2026-09-21 13:51:32 [main] INFO  c.t.t.t.i.config.Environment - Instance Environment initialized.
2026-09-21 13:51:32 [main] INFO  c.t.t.t.p.s.connection.SocketManager - SocketManager successfully instantiated.
2026-09-21 13:51:32 [main] INFO  c.t.t.t.p.socket.room.RoomManager - RoomManager successfully instantiated.
2026-09-21 13:51:32 [main] INFO  org.eclipse.jetty.util.log - Logging initialized @689ms to org.eclipse.jetty.util.log.Slf4jLog
2026-09-21 13:51:32 [main] INFO  io.javalin.Javalin - Starting Javalin ...
2026-09-21 13:51:32 [main] INFO  io.javalin.Javalin - You are running Javalin 4.6.8 (released May 4, 2023. Your Javalin version is 1236 days old. Consider checking for a newer version.).
2026-09-21 13:51:32 [WebSocketSelector-25] INFO  c.t.t.t.p.socket.SocketServer - WebSocketServer started successfully. [port=8081] [url=ws://localhost:8081]
2026-09-21 13:51:32 [main] INFO  io.javalin.Javalin - Listening on http://localhost:8080/
2026-09-21 13:51:32 [main] INFO  io.javalin.Javalin - Javalin started in 237ms \o/
2026-09-21 13:51:33 [main] INFO  c.t.t.t.i.persistence.jpa.JpaUtil - Instance JpaUtil initialized.
2026-09-21 13:51:33 [main] INFO  c.t.t.t.i.p.j.r.UserJpaRepository - Instance UserJpaRepository initialized.
2026-09-21 13:51:33 [main] INFO  c.t.t.t.p.h.c.AuthController - Instance AuthController initialized.
2026-09-21 13:51:33 [main] INFO  c.t.t.t.i.security.JwtService - Instance JwtService initialized.
2026-09-21 13:51:33 [main] INFO  c.t.t.t.p.h.m.AuthorizedHttpMiddleware - Instance AuthorizedHttpMiddleware initialized.
2026-09-21 13:51:33 [main] INFO  c.t.t.t.p.h.c.UserController - Instance UserController initialized.
2026-09-21 13:51:33 [main] INFO  c.t.t.t.presentation.http.HttpServer - Instance HttpServer initialized.
2026-09-21 13:51:33 [main] INFO  c.t.t.t.presentation.http.HttpServer - HttpServer started successfully. [port=8080] [url=http://localhost:8080]
2026-09-21 13:51:33 [main] INFO  com.tic.tac.toe.Application - Started Application
2026-09-21 14:06:33 [main] INFO  c.t.t.t.i.config.Environment - Instance Environment initialized.
2026-09-21 14:06:33 [main] INFO  c.t.t.t.p.s.connection.SocketManager - SocketManager successfully instantiated.
2026-09-21 14:06:33 [main] INFO  c.t.t.t.p.socket.room.RoomManager - RoomManager successfully instantiated.
2026-09-21 14:06:34 [WebSocketSelector-25] INFO  c.t.t.t.p.socket.SocketServer - WebSocketServer started successfully. [port=8081] [url=ws://localhost:8081]
2026-09-21 14:06:34 [main] INFO  org.eclipse.jetty.util.log - Logging initialized @659ms to org.eclipse.jetty.util.log.Slf4jLog
2026-09-21 14:06:34 [main] INFO  io.javalin.Javalin - Starting Javalin ...
2026-09-21 14:06:34 [main] INFO  io.javalin.Javalin - You are running Javalin 4.6.8 (released May 4, 2023. Your Javalin version is 1236 days old. Consider checking for a newer version.).
2026-09-21 14:06:34 [main] INFO  io.javalin.Javalin - Listening on http://localhost:8080/
2026-09-21 14:06:34 [main] INFO  io.javalin.Javalin - Javalin started in 184ms \o/
2026-09-21 14:06:34 [main] INFO  c.t.t.t.i.persistence.jpa.JpaUtil - Instance JpaUtil initialized.
2026-09-21 14:06:34 [main] INFO  c.t.t.t.i.p.j.r.UserJpaRepository - Instance UserJpaRepository initialized.
2026-09-21 14:06:34 [main] INFO  c.t.t.t.p.h.c.AuthController - Instance AuthController initialized.
2026-09-21 14:06:34 [main] INFO  c.t.t.t.i.security.JwtService - Instance JwtService initialized.
2026-09-21 14:06:34 [main] INFO  c.t.t.t.p.h.m.AuthorizedHttpMiddleware - Instance AuthorizedHttpMiddleware initialized.
2026-09-21 14:06:34 [main] INFO  c.t.t.t.p.h.c.UserController - Instance UserController initialized.
2026-09-21 14:06:34 [main] INFO  c.t.t.t.presentation.http.HttpServer - Instance HttpServer initialized.
2026-09-21 14:06:34 [main] INFO  c.t.t.t.presentation.http.HttpServer - HttpServer started successfully. [port=8080] [url=http://localhost:8080]
2026-09-21 14:06:34 [main] INFO  com.tic.tac.toe.Application - Started Application
2026-09-21 23:39:23 [main] INFO  c.t.t.t.i.config.Environment - Instance Environment initialized.
2026-09-21 23:39:23 [main] INFO  c.t.t.t.p.s.connection.SocketManager - SocketManager successfully instantiated.
2026-09-21 23:39:23 [main] INFO  c.t.t.t.p.socket.room.RoomManager - RoomManager successfully instantiated.
2026-09-21 23:39:23 [main] INFO  org.eclipse.jetty.util.log - Logging initialized @805ms to org.eclipse.jetty.util.log.Slf4jLog
2026-09-21 23:39:23 [main] INFO  io.javalin.Javalin - Starting Javalin ...
2026-09-21 23:39:23 [main] INFO  io.javalin.Javalin - You are running Javalin 4.6.8 (released May 4, 2023. Your Javalin version is 1236 days old. Consider checking for a newer version.).
2026-09-21 23:39:23 [WebSocketSelector-25] INFO  c.t.t.t.p.socket.SocketServer - WebSocketServer started successfully. [port=8081] [url=ws://localhost:8081]
2026-09-21 23:39:23 [main] INFO  io.javalin.Javalin - Listening on http://localhost:8080/
2026-09-21 23:39:23 [main] INFO  io.javalin.Javalin - Javalin started in 208ms \o/
2026-09-21 23:39:24 [main] INFO  c.t.t.t.i.persistence.jpa.JpaUtil - Instance JpaUtil initialized.
2026-09-21 23:39:24 [main] INFO  c.t.t.t.i.p.j.r.UserJpaRepository - Instance UserJpaRepository initialized.
2026-09-21 23:39:24 [main] INFO  c.t.t.t.p.h.c.AuthController - Instance AuthController initialized.
2026-09-21 23:39:24 [main] INFO  c.t.t.t.i.security.JwtService - Instance JwtService initialized.
2026-09-21 23:39:24 [main] INFO  c.t.t.t.p.h.m.AuthorizedHttpMiddleware - Instance AuthorizedHttpMiddleware initialized.
2026-09-21 23:39:24 [main] INFO  c.t.t.t.p.h.c.UserController - Instance UserController initialized.
2026-09-21 23:39:24 [main] INFO  c.t.t.t.presentation.http.HttpServer - Instance HttpServer initialized.
2026-09-21 23:39:24 [main] INFO  c.t.t.t.presentation.http.HttpServer - HttpServer started successfully. [port=8080] [url=http://localhost:8080]
2026-09-21 23:39:24 [main] INFO  com.tic.tac.toe.Application - Started Application
2026-09-22 09:16:44 [main] INFO  c.t.t.t.i.config.Environment - Instance Environment initialized.
2026-09-22 09:16:44 [main] INFO  c.t.t.t.p.s.connection.SocketManager - SocketManager successfully instantiated.
2026-09-22 09:16:44 [main] INFO  c.t.t.t.p.socket.room.RoomManager - RoomManager successfully instantiated.
2026-09-22 09:16:44 [main] INFO  org.eclipse.jetty.util.log - Logging initialized @667ms to org.eclipse.jetty.util.log.Slf4jLog
2026-09-22 09:16:44 [main] INFO  io.javalin.Javalin - Starting Javalin ...
2026-09-22 09:16:44 [main] INFO  io.javalin.Javalin - You are running Javalin 4.6.8 (released May 4, 2023. Your Javalin version is 1236 days old. Consider checking for a newer version.).
2026-09-22 09:16:44 [WebSocketSelector-25] INFO  c.t.t.t.p.socket.SocketServer - WebSocketServer started successfully. [port=8081] [url=ws://localhost:8081]
2026-09-22 09:16:44 [main] INFO  io.javalin.Javalin - Listening on http://localhost:8080/
2026-09-22 09:16:44 [main] INFO  io.javalin.Javalin - Javalin started in 262ms \o/
2026-09-22 09:16:45 [main] INFO  c.t.t.t.i.persistence.jpa.JpaUtil - Instance JpaUtil initialized.
2026-09-22 09:16:45 [main] INFO  c.t.t.t.i.p.j.r.UserJpaRepository - Instance UserJpaRepository initialized.
2026-09-22 09:16:45 [main] INFO  c.t.t.t.p.h.c.AuthController - Instance AuthController initialized.
2026-09-22 09:16:45 [main] INFO  c.t.t.t.i.security.JwtService - Instance JwtService initialized.
2026-09-22 09:16:45 [main] INFO  c.t.t.t.p.h.m.AuthorizedHttpMiddleware - Instance AuthorizedHttpMiddleware initialized.
2026-09-22 09:16:45 [main] INFO  c.t.t.t.p.h.c.UserController - Instance UserController initialized.
2026-09-22 09:16:45 [main] INFO  c.t.t.t.presentation.http.HttpServer - Instance HttpServer initialized.
2026-09-22 09:16:45 [main] INFO  c.t.t.t.presentation.http.HttpServer - HttpServer started successfully. [port=8080] [url=http://localhost:8080]
2026-09-22 09:16:45 [main] INFO  com.tic.tac.toe.Application - Started Application
2026-09-22 09:18:25 [JettyServerThreadPool-45] INFO  c.t.t.t.presentation.http.HttpServer - METHOD: POST, HOST: localhost:8080, PATH: /ap1/v1/auth/register, CONTENT_LENGTH: 93
2026-09-22 09:19:13 [main] INFO  c.t.t.t.i.config.Environment - Instance Environment initialized.
2026-09-22 09:19:13 [main] INFO  c.t.t.t.p.s.connection.SocketManager - SocketManager successfully instantiated.
2026-09-22 09:19:13 [main] INFO  c.t.t.t.p.socket.room.RoomManager - RoomManager successfully instantiated.
2026-09-22 09:19:13 [WebSocketSelector-25] INFO  c.t.t.t.p.socket.SocketServer - WebSocketServer started successfully. [port=8081] [url=ws://localhost:8081]
2026-09-22 09:19:13 [main] INFO  org.eclipse.jetty.util.log - Logging initialized @472ms to org.eclipse.jetty.util.log.Slf4jLog
2026-09-22 09:19:13 [main] INFO  io.javalin.Javalin - Starting Javalin ...
2026-09-22 09:19:13 [main] INFO  io.javalin.Javalin - You are running Javalin 4.6.8 (released May 4, 2023. Your Javalin version is 1236 days old. Consider checking for a newer version.).
2026-09-22 09:19:13 [main] INFO  io.javalin.Javalin - Listening on http://localhost:8080/
2026-09-22 09:19:13 [main] INFO  io.javalin.Javalin - Javalin started in 173ms \o/
2026-09-22 09:19:14 [main] INFO  c.t.t.t.i.persistence.jpa.JpaUtil - Instance JpaUtil initialized.
2026-09-22 09:19:14 [main] INFO  c.t.t.t.i.p.j.r.UserJpaRepository - Instance UserJpaRepository initialized.
2026-09-22 09:19:14 [main] INFO  c.t.t.t.p.h.c.AuthController - Instance AuthController initialized.
2026-09-22 09:19:14 [main] INFO  c.t.t.t.i.security.JwtService - Instance JwtService initialized.
2026-09-22 09:19:14 [main] INFO  c.t.t.t.p.h.m.AuthorizedHttpMiddleware - Instance AuthorizedHttpMiddleware initialized.
2026-09-22 09:19:14 [main] INFO  c.t.t.t.p.h.c.UserController - Instance UserController initialized.
2026-09-22 09:19:14 [main] INFO  c.t.t.t.presentation.http.HttpServer - Instance HttpServer initialized.
2026-09-22 09:19:14 [main] INFO  c.t.t.t.presentation.http.HttpServer - HttpServer started successfully. [port=8080] [url=http://localhost:8080]
2026-09-22 09:19:14 [main] INFO  com.tic.tac.toe.Application - Started Application
2026-09-22 09:19:21 [JettyServerThreadPool-44] INFO  c.t.t.t.presentation.http.HttpServer - METHOD: POST, HOST: localhost:8080, PATH: /api/v1/auth/register, CONTENT_LENGTH: 93
2026-09-22 09:19:22 [JettyServerThreadPool-44] ERROR c.t.t.t.i.p.j.r.UserJpaRepository - Error trying to save the user. [error=Exception [EclipseLink-4002] (Eclipse Persistence Services - 2.7.16.v20250613-47773a333b): org.eclipse.persistence.exceptions.DatabaseException
Internal Exception: org.h2.jdbc.JdbcSQLIntegrityConstraintViolationException: Unique index or primary key violation: "PUBLIC.CONSTRAINT_INDEX_4 ON PUBLIC.USERS(EMAIL NULLS FIRST) VALUES ( /* 3 */ 'testee@eemail.com' )"; SQL statement:
INSERT INTO users (id, created_at, email, password_hash, username) VALUES (?, ?, ?, ?, ?) [23505-224]
Error Code: 23505
Call: INSERT INTO users (id, created_at, email, password_hash, username) VALUES (?, ?, ?, ?, ?)
	bind => [5 parameters bound]
Query: InsertObjectQuery(com.tic.tac.toe.domain.entity.User@9154ee9b)]
2026-09-22 09:19:45 [JettyServerThreadPool-33] INFO  c.t.t.t.presentation.http.HttpServer - METHOD: POST, HOST: localhost:8080, PATH: /api/v1/auth/register, CONTENT_LENGTH: 94
2026-09-22 09:20:48 [JettyServerThreadPool-30] INFO  c.t.t.t.presentation.http.HttpServer - METHOD: POST, HOST: localhost:8080, PATH: /api/v1/auth/register, CONTENT_LENGTH: 98
2026-09-22 09:22:22 [main] INFO  c.t.t.t.i.config.Environment - Instance Environment initialized.
2026-09-22 09:22:22 [main] INFO  c.t.t.t.p.s.connection.SocketManager - SocketManager successfully instantiated.
2026-09-22 09:22:22 [main] INFO  c.t.t.t.p.socket.room.RoomManager - RoomManager successfully instantiated.
2026-09-22 09:22:22 [WebSocketSelector-25] INFO  c.t.t.t.p.socket.SocketServer - WebSocketServer started successfully. [port=8081] [url=ws://localhost:8081]
2026-09-22 09:22:22 [main] INFO  org.eclipse.jetty.util.log - Logging initialized @429ms to org.eclipse.jetty.util.log.Slf4jLog
2026-09-22 09:22:22 [main] INFO  io.javalin.Javalin - Starting Javalin ...
2026-09-22 09:22:22 [main] INFO  io.javalin.Javalin - You are running Javalin 4.6.8 (released May 4, 2023. Your Javalin version is 1236 days old. Consider checking for a newer version.).
2026-09-22 09:22:22 [main] INFO  io.javalin.Javalin - Listening on http://localhost:8080/
2026-09-22 09:22:22 [main] INFO  io.javalin.Javalin - Javalin started in 154ms \o/
2026-09-22 09:22:22 [main] INFO  c.t.t.t.i.persistence.jpa.JpaUtil - Instance JpaUtil initialized.
2026-09-22 09:22:22 [main] INFO  c.t.t.t.i.p.j.r.UserJpaRepository - Instance UserJpaRepository initialized.
2026-09-22 09:22:22 [main] INFO  c.t.t.t.p.h.c.AuthController - Instance AuthController initialized.
2026-09-22 09:22:22 [main] INFO  c.t.t.t.i.security.JwtService - Instance JwtService initialized.
2026-09-22 09:22:22 [main] INFO  c.t.t.t.p.h.m.AuthorizedHttpMiddleware - Instance AuthorizedHttpMiddleware initialized.
2026-09-22 09:22:22 [main] INFO  c.t.t.t.p.h.c.UserController - Instance UserController initialized.
2026-09-22 09:22:22 [main] INFO  c.t.t.t.presentation.http.HttpServer - Instance HttpServer initialized.
2026-09-22 09:22:22 [main] INFO  c.t.t.t.presentation.http.HttpServer - HttpServer started successfully. [port=8080] [url=http://localhost:8080]
2026-09-22 09:22:22 [main] INFO  com.tic.tac.toe.Application - Started Application
2026-09-22 09:22:28 [JettyServerThreadPool-44] INFO  c.t.t.t.presentation.http.HttpServer - METHOD: POST, HOST: localhost:8080, PATH: /api/v1/auth/register, CONTENT_LENGTH: 99
2026-09-22 09:22:28 [JettyServerThreadPool-44] INFO  c.t.t.t.a.service.AuthServiceImpl - Creating a new user. [username=teste] [email=testfasdeaee@eemail.com]
2026-09-22 09:22:28 [JettyServerThreadPool-44] INFO  c.t.t.t.a.service.AuthServiceImpl - User created successfully. [newUserId=fa31ffee-0e0c-48e9-b6c2-bd6d19e8c32f] [createdAt=2026-09-22T09:22:28.383]
2026-09-22 09:52:21 [main] INFO  c.t.t.t.i.config.Environment - Instance Environment initialized.
2026-09-22 09:52:21 [main] INFO  c.t.t.t.p.s.connection.SocketManager - SocketManager successfully instantiated.
2026-09-22 09:52:21 [main] INFO  c.t.t.t.p.socket.room.RoomManager - RoomManager successfully instantiated.
2026-09-22 09:52:21 [WebSocketSelector-25] INFO  c.t.t.t.p.socket.SocketServer - WebSocketServer started successfully. [port=8081] [url=ws://localhost:8081]
2026-09-22 09:52:21 [main] INFO  org.eclipse.jetty.util.log - Logging initialized @504ms to org.eclipse.jetty.util.log.Slf4jLog
2026-09-22 09:52:21 [main] INFO  io.javalin.Javalin - Starting Javalin ...
2026-09-22 09:52:21 [main] INFO  io.javalin.Javalin - You are running Javalin 4.6.8 (released May 4, 2023. Your Javalin version is 1236 days old. Consider checking for a newer version.).
2026-09-22 09:52:21 [main] INFO  io.javalin.Javalin - Listening on http://localhost:8080/
2026-09-22 09:52:21 [main] INFO  io.javalin.Javalin - Javalin started in 157ms \o/
2026-09-22 09:52:22 [main] INFO  c.t.t.t.i.persistence.jpa.JpaUtil - Instance JpaUtil initialized.
2026-09-22 09:52:22 [main] INFO  c.t.t.t.i.p.j.r.UserJpaRepository - Instance UserJpaRepository initialized.
2026-09-22 09:52:22 [main] INFO  c.t.t.t.i.security.JwtService - Instance JwtService initialized.
2026-09-22 09:52:22 [main] INFO  c.t.t.t.p.h.c.AuthController - Instance AuthController initialized.
2026-09-22 09:52:22 [main] INFO  c.t.t.t.p.h.m.AuthorizedHttpMiddleware - Instance AuthorizedHttpMiddleware initialized.
2026-09-22 09:52:22 [main] INFO  c.t.t.t.p.h.c.UserController - Instance UserController initialized.
2026-09-22 09:52:22 [main] INFO  c.t.t.t.presentation.http.HttpServer - Instance HttpServer initialized.
2026-09-22 09:52:22 [main] INFO  c.t.t.t.presentation.http.HttpServer - HttpServer started successfully. [port=8080] [url=http://localhost:8080]
2026-09-22 09:52:22 [main] INFO  com.tic.tac.toe.Application - Started Application
2026-09-22 09:53:03 [JettyServerThreadPool-45] INFO  c.t.t.t.presentation.http.HttpServer - METHOD: POST, HOST: localhost:8080, PATH: /api/v1/auth/login, CONTENT_LENGTH: 60
2026-09-22 09:53:04 [JettyServerThreadPool-45] INFO  c.t.t.t.a.service.AuthServiceImpl - Trying login. [email=fasdfasfda]
2026-09-22 09:53:04 [JettyServerThreadPool-45] ERROR c.t.t.t.i.p.j.r.UserJpaRepository - Error trying to find user by username and email. [error=getSingleResult() did not retrieve any entities.]
2026-09-22 09:53:04 [JettyServerThreadPool-45] WARN  c.t.t.t.a.service.AuthServiceImpl - Credentials invalid. [email=fasdfasfda]
2026-09-22 09:53:16 [JettyServerThreadPool-35] INFO  c.t.t.t.presentation.http.HttpServer - METHOD: POST, HOST: localhost:8080, PATH: /api/v1/auth/login, CONTENT_LENGTH: 74
2026-09-22 09:53:16 [JettyServerThreadPool-35] INFO  c.t.t.t.a.service.AuthServiceImpl - Trying login. [email=testfasdeaee@eemail.com]
2026-09-22 09:53:16 [JettyServerThreadPool-35] WARN  c.t.t.t.a.service.AuthServiceImpl - Credentials invalid. [email=testfasdeaee@eemail.com]
2026-09-22 09:53:18 [JettyServerThreadPool-39] INFO  c.t.t.t.presentation.http.HttpServer - METHOD: POST, HOST: localhost:8080, PATH: /api/v1/auth/login, CONTENT_LENGTH: 73
2026-09-22 09:53:18 [JettyServerThreadPool-39] INFO  c.t.t.t.a.service.AuthServiceImpl - Trying login. [email=testfasdeaee@eemail.com]
2026-09-22 09:53:18 [JettyServerThreadPool-39] INFO  c.t.t.t.a.service.AuthServiceImpl - Login successfully. [userId=fa31ffee-0e0c-48e9-b6c2-bd6d19e8c32f]
2026-09-22 09:53:21 [JettyServerThreadPool-45] INFO  c.t.t.t.presentation.http.HttpServer - METHOD: POST, HOST: localhost:8080, PATH: /api/v1/auth/login, CONTENT_LENGTH: 73
2026-09-22 09:53:21 [JettyServerThreadPool-45] INFO  c.t.t.t.a.service.AuthServiceImpl - Trying login. [email=testfasdeaee@eemail.com]
2026-09-22 09:53:21 [JettyServerThreadPool-45] INFO  c.t.t.t.a.service.AuthServiceImpl - Login successfully. [userId=fa31ffee-0e0c-48e9-b6c2-bd6d19e8c32f]
2026-09-22 09:53:23 [JettyServerThreadPool-39] INFO  c.t.t.t.presentation.http.HttpServer - METHOD: POST, HOST: localhost:8080, PATH: /api/v1/auth/login, CONTENT_LENGTH: 73
2026-09-22 09:53:23 [JettyServerThreadPool-39] INFO  c.t.t.t.a.service.AuthServiceImpl - Trying login. [email=testfasdeaee@eemail.com]
2026-09-22 09:53:24 [JettyServerThreadPool-39] INFO  c.t.t.t.a.service.AuthServiceImpl - Login successfully. [userId=fa31ffee-0e0c-48e9-b6c2-bd6d19e8c32f]
2026-09-22 09:53:24 [JettyServerThreadPool-45] INFO  c.t.t.t.presentation.http.HttpServer - METHOD: POST, HOST: localhost:8080, PATH: /api/v1/auth/login, CONTENT_LENGTH: 73
2026-09-22 09:53:24 [JettyServerThreadPool-45] INFO  c.t.t.t.a.service.AuthServiceImpl - Trying login. [email=testfasdeaee@eemail.com]
2026-09-22 09:53:24 [JettyServerThreadPool-45] INFO  c.t.t.t.a.service.AuthServiceImpl - Login successfully. [userId=fa31ffee-0e0c-48e9-b6c2-bd6d19e8c32f]
2026-09-22 09:53:25 [JettyServerThreadPool-39] INFO  c.t.t.t.presentation.http.HttpServer - METHOD: POST, HOST: localhost:8080, PATH: /api/v1/auth/login, CONTENT_LENGTH: 73
2026-09-22 09:53:25 [JettyServerThreadPool-39] INFO  c.t.t.t.a.service.AuthServiceImpl - Trying login. [email=testfasdeaee@eemail.com]
2026-09-22 09:53:25 [JettyServerThreadPool-39] INFO  c.t.t.t.a.service.AuthServiceImpl - Login successfully. [userId=fa31ffee-0e0c-48e9-b6c2-bd6d19e8c32f]
2026-09-22 09:53:25 [JettyServerThreadPool-45] INFO  c.t.t.t.presentation.http.HttpServer - METHOD: POST, HOST: localhost:8080, PATH: /api/v1/auth/login, CONTENT_LENGTH: 73
2026-09-22 09:53:25 [JettyServerThreadPool-45] INFO  c.t.t.t.a.service.AuthServiceImpl - Trying login. [email=testfasdeaee@eemail.com]
2026-09-22 09:53:25 [JettyServerThreadPool-45] INFO  c.t.t.t.a.service.AuthServiceImpl - Login successfully. [userId=fa31ffee-0e0c-48e9-b6c2-bd6d19e8c32f]
2026-09-22 09:53:29 [JettyServerThreadPool-39] INFO  c.t.t.t.presentation.http.HttpServer - METHOD: POST, HOST: localhost:8080, PATH: /api/v1/auth/login, CONTENT_LENGTH: 74
2026-09-22 09:53:29 [JettyServerThreadPool-39] INFO  c.t.t.t.a.service.AuthServiceImpl - Trying login. [email=testfasdeaee@eemail.com]
2026-09-22 09:53:29 [JettyServerThreadPool-39] WARN  c.t.t.t.a.service.AuthServiceImpl - Credentials invalid. [email=testfasdeaee@eemail.com]
2026-09-22 09:53:31 [JettyServerThreadPool-45] INFO  c.t.t.t.presentation.http.HttpServer - METHOD: POST, HOST: localhost:8080, PATH: /api/v1/auth/login, CONTENT_LENGTH: 74
2026-09-22 09:53:31 [JettyServerThreadPool-45] INFO  c.t.t.t.a.service.AuthServiceImpl - Trying login. [email=testfasdeaee@eemail.com]
2026-09-22 09:53:31 [JettyServerThreadPool-45] WARN  c.t.t.t.a.service.AuthServiceImpl - Credentials invalid. [email=testfasdeaee@eemail.com]
2026-09-22 09:53:32 [JettyServerThreadPool-39] INFO  c.t.t.t.presentation.http.HttpServer - METHOD: POST, HOST: localhost:8080, PATH: /api/v1/auth/login, CONTENT_LENGTH: 74
2026-09-22 09:53:32 [JettyServerThreadPool-39] INFO  c.t.t.t.a.service.AuthServiceImpl - Trying login. [email=testfasdeaee@eemail.com]
2026-09-22 09:53:32 [JettyServerThreadPool-39] WARN  c.t.t.t.a.service.AuthServiceImpl - Credentials invalid. [email=testfasdeaee@eemail.com]
2026-09-22 09:53:37 [JettyServerThreadPool-45] INFO  c.t.t.t.presentation.http.HttpServer - METHOD: POST, HOST: localhost:8080, PATH: /api/v1/auth/login, CONTENT_LENGTH: 75
2026-09-22 09:53:37 [JettyServerThreadPool-45] INFO  c.t.t.t.a.service.AuthServiceImpl - Trying login. [email=testfasdeaee@eemaill.com]
2026-09-22 09:53:37 [JettyServerThreadPool-45] ERROR c.t.t.t.i.p.j.r.UserJpaRepository - Error trying to find user by username and email. [error=getSingleResult() did not retrieve any entities.]
2026-09-22 09:53:37 [JettyServerThreadPool-45] WARN  c.t.t.t.a.service.AuthServiceImpl - Credentials invalid. [email=testfasdeaee@eemaill.com]
2026-09-22 09:53:39 [JettyServerThreadPool-39] INFO  c.t.t.t.presentation.http.HttpServer - METHOD: POST, HOST: localhost:8080, PATH: /api/v1/auth/login, CONTENT_LENGTH: 75
2026-09-22 09:53:39 [JettyServerThreadPool-39] INFO  c.t.t.t.a.service.AuthServiceImpl - Trying login. [email=testfasdeaee@eemaill.com]
2026-09-22 09:53:39 [JettyServerThreadPool-39] ERROR c.t.t.t.i.p.j.r.UserJpaRepository - Error trying to find user by username and email. [error=getSingleResult() did not retrieve any entities.]
2026-09-22 09:53:39 [JettyServerThreadPool-39] WARN  c.t.t.t.a.service.AuthServiceImpl - Credentials invalid. [email=testfasdeaee@eemaill.com]
2026-09-22 09:53:49 [JettyServerThreadPool-45] INFO  c.t.t.t.presentation.http.HttpServer - METHOD: POST, HOST: localhost:8080, PATH: /api/v1/auth/login, CONTENT_LENGTH: 74
2026-09-22 09:53:49 [JettyServerThreadPool-45] INFO  c.t.t.t.a.service.AuthServiceImpl - Trying login. [email=testfasdeaee@eemail.com]
2026-09-22 09:53:49 [JettyServerThreadPool-45] WARN  c.t.t.t.a.service.AuthServiceImpl - Credentials invalid. [email=testfasdeaee@eemail.com]
2026-09-22 09:54:19 [JettyServerThreadPool-39] INFO  c.t.t.t.presentation.http.HttpServer - METHOD: POST, HOST: localhost:8080, PATH: /api/v1/auth/login, CONTENT_LENGTH: 74
2026-09-22 09:54:19 [JettyServerThreadPool-39] INFO  c.t.t.t.a.service.AuthServiceImpl - Trying login. [email=testfasdeaee@eemail.com]
2026-09-22 09:54:19 [JettyServerThreadPool-39] WARN  c.t.t.t.a.service.AuthServiceImpl - Credentials invalid. [email=testfasdeaee@eemail.com]
2026-09-22 09:54:23 [JettyServerThreadPool-45] INFO  c.t.t.t.presentation.http.HttpServer - METHOD: POST, HOST: localhost:8080, PATH: /api/v1/auth/login, CONTENT_LENGTH: 73
2026-09-22 09:54:23 [JettyServerThreadPool-45] INFO  c.t.t.t.a.service.AuthServiceImpl - Trying login. [email=testfasdeaee@eemail.com]
2026-09-22 09:54:23 [JettyServerThreadPool-45] INFO  c.t.t.t.a.service.AuthServiceImpl - Login successfully. [userId=fa31ffee-0e0c-48e9-b6c2-bd6d19e8c32f]
2026-09-22 11:36:08 [main] INFO  c.t.t.t.i.config.Environment - Instance Environment initialized.
2026-09-22 11:36:08 [main] INFO  c.t.t.t.p.s.connection.SocketManager - SocketManager successfully instantiated.
2026-09-22 11:36:08 [main] INFO  c.t.t.t.p.socket.room.RoomManager - RoomManager successfully instantiated.
2026-09-22 11:36:08 [WebSocketSelector-25] INFO  c.t.t.t.p.socket.SocketServer - WebSocketServer started successfully. [port=8081] [url=ws://localhost:8081]
2026-09-22 11:36:08 [main] INFO  org.eclipse.jetty.util.log - Logging initialized @700ms to org.eclipse.jetty.util.log.Slf4jLog
2026-09-22 11:36:08 [main] INFO  io.javalin.Javalin - Starting Javalin ...
2026-09-22 11:36:08 [main] INFO  io.javalin.Javalin - You are running Javalin 4.6.8 (released May 4, 2023. Your Javalin version is 1237 days old. Consider checking for a newer version.).
2026-09-22 11:36:09 [main] INFO  io.javalin.Javalin - Listening on http://localhost:8080/
2026-09-22 11:36:09 [main] INFO  io.javalin.Javalin - Javalin started in 170ms \o/
2026-09-22 11:36:09 [main] INFO  c.t.t.t.i.persistence.jpa.JpaUtil - Instance JpaUtil initialized.
2026-09-22 11:36:09 [main] INFO  c.t.t.t.i.p.j.r.UserJpaRepository - Instance UserJpaRepository initialized.
2026-09-22 11:36:09 [main] INFO  c.t.t.t.i.security.JwtService - Instance JwtService initialized.
2026-09-22 11:36:09 [main] INFO  c.t.t.t.p.h.c.AuthController - Instance AuthController initialized.
2026-09-22 11:36:09 [main] INFO  c.t.t.t.p.h.m.AuthorizedHttpMiddleware - Instance AuthorizedHttpMiddleware initialized.
2026-09-22 11:36:09 [main] INFO  c.t.t.t.p.h.c.UserController - Instance UserController initialized.
2026-09-22 11:36:09 [main] INFO  c.t.t.t.presentation.http.HttpServer - Instance HttpServer initialized.
2026-09-22 11:36:09 [main] INFO  c.t.t.t.presentation.http.HttpServer - HttpServer started successfully. [port=8080] [url=http://localhost:8080]
2026-09-22 11:36:09 [main] INFO  com.tic.tac.toe.Application - Started Application
2026-09-22 11:36:22 [JettyServerThreadPool-44] INFO  c.t.t.t.presentation.http.HttpServer - METHOD: POST, HOST: localhost:8080, PATH: /api/v1/auth/login, CONTENT_LENGTH: 73
2026-09-22 11:36:23 [JettyServerThreadPool-44] INFO  c.t.t.t.a.service.AuthServiceImpl - Trying login. [email=testfasdeaee@eemail.com]
2026-09-22 11:36:23 [JettyServerThreadPool-44] INFO  c.t.t.t.a.service.AuthServiceImpl - Login successfully. [userId=fa31ffee-0e0c-48e9-b6c2-bd6d19e8c32f]
2026-09-22 11:36:26 [JettyServerThreadPool-29] INFO  c.t.t.t.presentation.http.HttpServer - METHOD: POST, HOST: localhost:8080, PATH: /api/v1/auth/login, CONTENT_LENGTH: 73
2026-09-22 11:36:26 [JettyServerThreadPool-29] INFO  c.t.t.t.a.service.AuthServiceImpl - Trying login. [email=testfasdeaee@eemail.com]
2026-09-22 11:36:26 [JettyServerThreadPool-29] INFO  c.t.t.t.a.service.AuthServiceImpl - Login successfully. [userId=fa31ffee-0e0c-48e9-b6c2-bd6d19e8c32f]
2026-09-22 11:37:07 [JettyServerThreadPool-32] INFO  c.t.t.t.presentation.http.HttpServer - METHOD: POST, HOST: localhost:8080, PATH: /api/v1/auth/logout, CONTENT_LENGTH: 0
2026-09-22 11:37:11 [JettyServerThreadPool-36] INFO  c.t.t.t.presentation.http.HttpServer - METHOD: POST, HOST: localhost:8080, PATH: /api/v1/auth/login, CONTENT_LENGTH: 73
2026-09-22 11:37:12 [JettyServerThreadPool-36] INFO  c.t.t.t.a.service.AuthServiceImpl - Trying login. [email=testfasdeaee@eemail.com]
2026-09-22 11:37:12 [JettyServerThreadPool-36] INFO  c.t.t.t.a.service.AuthServiceImpl - Login successfully. [userId=fa31ffee-0e0c-48e9-b6c2-bd6d19e8c32f]
2026-09-22 11:37:46 [JettyServerThreadPool-31] INFO  c.t.t.t.presentation.http.HttpServer - METHOD: POST, HOST: localhost:8080, PATH: /api/v1/auth/login, CONTENT_LENGTH: 73
2026-09-22 11:37:46 [JettyServerThreadPool-31] INFO  c.t.t.t.a.service.AuthServiceImpl - Trying login. [email=testfasdeaee@eemail.com]
2026-09-22 11:37:46 [JettyServerThreadPool-31] INFO  c.t.t.t.a.service.AuthServiceImpl - Login successfully. [userId=fa31ffee-0e0c-48e9-b6c2-bd6d19e8c32f]
2026-09-22 11:37:54 [JettyServerThreadPool-29] INFO  c.t.t.t.presentation.http.HttpServer - METHOD: POST, HOST: localhost:8080, PATH: /api/v1/auth/login, CONTENT_LENGTH: 73
2026-09-22 11:37:54 [JettyServerThreadPool-29] INFO  c.t.t.t.a.service.AuthServiceImpl - Trying login. [email=testfasdeaee@eemail.com]
2026-09-22 11:37:54 [JettyServerThreadPool-29] INFO  c.t.t.t.a.service.AuthServiceImpl - Login successfully. [userId=fa31ffee-0e0c-48e9-b6c2-bd6d19e8c32f]
2026-09-22 11:38:22 [JettyServerThreadPool-49] INFO  c.t.t.t.presentation.http.HttpServer - METHOD: POST, HOST: localhost:8080, PATH: /api/v1/auth/login, CONTENT_LENGTH: 73
2026-09-22 11:38:22 [JettyServerThreadPool-49] INFO  c.t.t.t.a.service.AuthServiceImpl - Trying login. [email=testfasdeaee@eemail.com]
2026-09-22 11:38:22 [JettyServerThreadPool-49] INFO  c.t.t.t.a.service.AuthServiceImpl - Login successfully. [userId=fa31ffee-0e0c-48e9-b6c2-bd6d19e8c32f]
2026-09-22 11:38:39 [JettyServerThreadPool-29] INFO  c.t.t.t.presentation.http.HttpServer - METHOD: POST, HOST: localhost:8080, PATH: /api/v1/auth/login, CONTENT_LENGTH: 73
2026-09-22 11:38:39 [JettyServerThreadPool-29] INFO  c.t.t.t.a.service.AuthServiceImpl - Trying login. [email=testfasdeaee@eemail.com]
2026-09-22 11:38:39 [JettyServerThreadPool-29] INFO  c.t.t.t.a.service.AuthServiceImpl - Login successfully. [userId=fa31ffee-0e0c-48e9-b6c2-bd6d19e8c32f]
2026-09-22 11:39:25 [JettyServerThreadPool-33] INFO  c.t.t.t.presentation.http.HttpServer - METHOD: POST, HOST: localhost:8080, PATH: /api/v1/auth/login, CONTENT_LENGTH: 73
2026-09-22 11:39:25 [JettyServerThreadPool-33] INFO  c.t.t.t.a.service.AuthServiceImpl - Trying login. [email=testfasdeaee@eemail.com]
2026-09-22 11:39:25 [JettyServerThreadPool-33] INFO  c.t.t.t.a.service.AuthServiceImpl - Login successfully. [userId=fa31ffee-0e0c-48e9-b6c2-bd6d19e8c32f]
2026-09-22 11:39:57 [JettyServerThreadPool-34] INFO  c.t.t.t.presentation.http.HttpServer - METHOD: POST, HOST: localhost:8080, PATH: /api/v1/auth/login, CONTENT_LENGTH: 73
2026-09-22 11:39:57 [JettyServerThreadPool-34] INFO  c.t.t.t.a.service.AuthServiceImpl - Trying login. [email=testfasdeaee@eemail.com]
2026-09-22 11:39:57 [JettyServerThreadPool-34] INFO  c.t.t.t.a.service.AuthServiceImpl - Login successfully. [userId=fa31ffee-0e0c-48e9-b6c2-bd6d19e8c32f]
2026-09-22 11:40:08 [JettyServerThreadPool-49] INFO  c.t.t.t.presentation.http.HttpServer - METHOD: POST, HOST: localhost:8080, PATH: /api/v1/auth/login, CONTENT_LENGTH: 73
2026-09-22 11:40:08 [JettyServerThreadPool-49] INFO  c.t.t.t.a.service.AuthServiceImpl - Trying login. [email=testfasdeaee@eemail.com]
2026-09-22 11:40:08 [JettyServerThreadPool-49] INFO  c.t.t.t.a.service.AuthServiceImpl - Login successfully. [userId=fa31ffee-0e0c-48e9-b6c2-bd6d19e8c32f]
2026-09-22 11:40:41 [JettyServerThreadPool-30] INFO  c.t.t.t.presentation.http.HttpServer - METHOD: POST, HOST: localhost:8080, PATH: /api/v1/auth/login, CONTENT_LENGTH: 73
2026-09-22 11:40:41 [JettyServerThreadPool-30] INFO  c.t.t.t.a.service.AuthServiceImpl - Trying login. [email=testfasdeaee@eemail.com]
2026-09-22 11:40:41 [JettyServerThreadPool-30] INFO  c.t.t.t.a.service.AuthServiceImpl - Login successfully. [userId=fa31ffee-0e0c-48e9-b6c2-bd6d19e8c32f]
2026-09-22 11:42:06 [JettyServerThreadPool-44] INFO  c.t.t.t.presentation.http.HttpServer - METHOD: POST, HOST: localhost:8080, PATH: /api/v1/auth/login, CONTENT_LENGTH: 73
2026-09-22 11:42:06 [JettyServerThreadPool-44] INFO  c.t.t.t.a.service.AuthServiceImpl - Trying login. [email=testfasdeaee@eemail.com]
2026-09-22 11:42:06 [JettyServerThreadPool-44] INFO  c.t.t.t.a.service.AuthServiceImpl - Login successfully. [userId=fa31ffee-0e0c-48e9-b6c2-bd6d19e8c32f]
2026-09-22 11:42:34 [JettyServerThreadPool-51] INFO  c.t.t.t.presentation.http.HttpServer - METHOD: POST, HOST: localhost:8080, PATH: /api/v1/auth/login, CONTENT_LENGTH: 73
2026-09-22 11:42:34 [JettyServerThreadPool-51] INFO  c.t.t.t.a.service.AuthServiceImpl - Trying login. [email=testfasdeaee@eemail.com]
2026-09-22 11:42:34 [JettyServerThreadPool-51] INFO  c.t.t.t.a.service.AuthServiceImpl - Login successfully. [userId=fa31ffee-0e0c-48e9-b6c2-bd6d19e8c32f]
2026-09-22 11:42:38 [JettyServerThreadPool-44] INFO  c.t.t.t.presentation.http.HttpServer - METHOD: POST, HOST: localhost:8080, PATH: /api/v1/auth/login, CONTENT_LENGTH: 73
2026-09-22 11:42:38 [JettyServerThreadPool-44] INFO  c.t.t.t.a.service.AuthServiceImpl - Trying login. [email=testfasdeaee@eemail.com]
2026-09-22 11:42:38 [JettyServerThreadPool-44] INFO  c.t.t.t.a.service.AuthServiceImpl - Login successfully. [userId=fa31ffee-0e0c-48e9-b6c2-bd6d19e8c32f]
2026-09-22 11:42:53 [JettyServerThreadPool-51] INFO  c.t.t.t.presentation.http.HttpServer - METHOD: POST, HOST: localhost:8080, PATH: /api/v1/auth/logout, CONTENT_LENGTH: 0
2026-09-22 11:43:02 [JettyServerThreadPool-44] INFO  c.t.t.t.presentation.http.HttpServer - METHOD: POST, HOST: localhost:8080, PATH: /api/v1/auth/login, CONTENT_LENGTH: 73
2026-09-22 11:43:02 [JettyServerThreadPool-44] INFO  c.t.t.t.a.service.AuthServiceImpl - Trying login. [email=testfasdeaee@eemail.com]
2026-09-22 11:43:02 [JettyServerThreadPool-44] INFO  c.t.t.t.a.service.AuthServiceImpl - Login successfully. [userId=fa31ffee-0e0c-48e9-b6c2-bd6d19e8c32f]
2026-09-22 11:44:28 [main] INFO  c.t.t.t.i.config.Environment - Instance Environment initialized.
2026-09-22 11:44:28 [main] INFO  c.t.t.t.p.s.connection.SocketManager - SocketManager successfully instantiated.
2026-09-22 11:44:28 [main] INFO  c.t.t.t.p.socket.room.RoomManager - RoomManager successfully instantiated.
2026-09-22 11:44:28 [WebSocketSelector-25] INFO  c.t.t.t.p.socket.SocketServer - WebSocketServer started successfully. [port=8081] [url=ws://localhost:8081]
2026-09-22 11:44:28 [main] INFO  org.eclipse.jetty.util.log - Logging initialized @550ms to org.eclipse.jetty.util.log.Slf4jLog
2026-09-22 11:44:28 [main] INFO  io.javalin.Javalin - Starting Javalin ...
2026-09-22 11:44:28 [main] INFO  io.javalin.Javalin - You are running Javalin 4.6.8 (released May 4, 2023. Your Javalin version is 1237 days old. Consider checking for a newer version.).
2026-09-22 11:44:29 [main] INFO  io.javalin.Javalin - Listening on http://localhost:8080/
2026-09-22 11:44:29 [main] INFO  io.javalin.Javalin - Javalin started in 232ms \o/
2026-09-22 11:44:29 [main] INFO  c.t.t.t.i.persistence.jpa.JpaUtil - Instance JpaUtil initialized.
2026-09-22 11:44:29 [main] INFO  c.t.t.t.i.p.j.r.UserJpaRepository - Instance UserJpaRepository initialized.
2026-09-22 11:44:29 [main] INFO  c.t.t.t.i.security.JwtService - Instance JwtService initialized.
2026-09-22 11:44:29 [main] INFO  c.t.t.t.p.h.c.AuthController - Instance AuthController initialized.
2026-09-22 11:44:29 [main] INFO  c.t.t.t.p.h.m.AuthorizedHttpMiddleware - Instance AuthorizedHttpMiddleware initialized.
2026-09-22 11:44:29 [main] INFO  c.t.t.t.p.h.c.UserController - Instance UserController initialized.
2026-09-22 11:44:29 [main] INFO  c.t.t.t.presentation.http.HttpServer - Instance HttpServer initialized.
2026-09-22 11:44:29 [main] INFO  c.t.t.t.presentation.http.HttpServer - HttpServer started successfully. [port=8080] [url=http://localhost:8080]
2026-09-22 11:44:29 [main] INFO  com.tic.tac.toe.Application - Started Application
2026-09-22 11:44:38 [JettyServerThreadPool-45] INFO  c.t.t.t.presentation.http.HttpServer - METHOD: POST, HOST: localhost:8080, PATH: /api/v1/auth/login, CONTENT_LENGTH: 73
2026-09-22 11:44:38 [JettyServerThreadPool-45] INFO  c.t.t.t.a.service.AuthServiceImpl - Trying login. [email=testfasdeaee@eemail.com]
2026-09-22 11:44:39 [JettyServerThreadPool-45] INFO  c.t.t.t.a.service.AuthServiceImpl - Login successfully. [userId=fa31ffee-0e0c-48e9-b6c2-bd6d19e8c32f]
2026-09-22 11:51:31 [main] INFO  c.t.t.t.i.config.Environment - Instance Environment initialized.
2026-09-22 11:51:31 [main] INFO  c.t.t.t.p.s.connection.SocketManager - SocketManager successfully instantiated.
2026-09-22 11:51:31 [main] INFO  c.t.t.t.p.socket.room.RoomManager - RoomManager successfully instantiated.
2026-09-22 11:51:31 [WebSocketSelector-25] INFO  c.t.t.t.p.socket.SocketServer - WebSocketServer started successfully. [port=8081] [url=ws://localhost:8081]
2026-09-22 11:51:31 [main] INFO  org.eclipse.jetty.util.log - Logging initialized @476ms to org.eclipse.jetty.util.log.Slf4jLog
2026-09-22 11:51:31 [main] INFO  io.javalin.Javalin - Starting Javalin ...
2026-09-22 11:51:31 [main] INFO  io.javalin.Javalin - You are running Javalin 4.6.8 (released May 4, 2023. Your Javalin version is 1237 days old. Consider checking for a newer version.).
2026-09-22 11:51:31 [main] INFO  io.javalin.Javalin - Listening on http://localhost:8080/
2026-09-22 11:51:31 [main] INFO  io.javalin.Javalin - Javalin started in 168ms \o/
2026-09-22 11:51:31 [main] INFO  c.t.t.t.i.persistence.jpa.JpaUtil - Instance JpaUtil initialized.
2026-09-22 11:51:31 [main] INFO  c.t.t.t.i.p.j.r.UserJpaRepository - Instance UserJpaRepository initialized.
2026-09-22 11:51:31 [main] INFO  c.t.t.t.i.security.JwtService - Instance JwtService initialized.
2026-09-22 11:51:31 [main] INFO  c.t.t.t.a.service.AuthServiceImpl - Instance AuthServiceImpl initialized. [InstanceId=477376212]
2026-09-22 11:51:31 [main] INFO  c.t.t.t.p.h.c.AuthController - Instance AuthController initialized.
2026-09-22 11:51:31 [main] INFO  c.t.t.t.presentation.http.HttpServer - Instance HttpServer initialized.
2026-09-22 11:51:31 [main] INFO  c.t.t.t.presentation.http.HttpServer - HttpServer started successfully. [port=8080] [url=http://localhost:8080]
2026-09-22 11:51:31 [main] INFO  com.tic.tac.toe.Application - Started Application
2026-09-22 13:45:59 [main] INFO  c.t.t.t.i.config.Environment - Instance Environment initialized.
2026-09-22 13:45:59 [main] INFO  c.t.t.t.p.s.c.ConnectionManager - SocketManager successfully instantiated.
2026-09-22 13:45:59 [main] INFO  c.t.t.t.p.socket.room.RoomManager - RoomManager successfully instantiated.
2026-09-22 13:46:00 [main] INFO  org.eclipse.jetty.util.log - Logging initialized @850ms to org.eclipse.jetty.util.log.Slf4jLog
2026-09-22 13:46:00 [main] INFO  io.javalin.Javalin - Starting Javalin ...
2026-09-22 13:46:00 [main] INFO  io.javalin.Javalin - You are running Javalin 4.6.8 (released May 4, 2023. Your Javalin version is 1237 days old. Consider checking for a newer version.).
2026-09-22 13:46:00 [WebSocketSelector-25] INFO  c.t.t.t.p.socket.SocketServer - WebSocketServer started successfully. [port=8081] [url=ws://localhost:8081]
2026-09-22 13:46:00 [main] INFO  io.javalin.Javalin - Listening on http://localhost:8080/
2026-09-22 13:46:00 [main] INFO  io.javalin.Javalin - Javalin started in 308ms \o/
2026-09-22 13:46:00 [main] INFO  c.t.t.t.i.persistence.jpa.JpaUtil - Instance JpaUtil initialized.
2026-09-22 13:46:00 [main] INFO  c.t.t.t.i.p.j.r.UserJpaRepository - Instance UserJpaRepository initialized.
2026-09-22 13:46:00 [main] INFO  c.t.t.t.i.security.JwtService - Instance JwtService initialized.
2026-09-22 13:46:00 [main] INFO  c.t.t.t.a.service.AuthServiceImpl - Instance AuthServiceImpl initialized. [InstanceId=76659128]
2026-09-22 13:46:00 [main] INFO  c.t.t.t.p.h.c.AuthController - Instance AuthController initialized.
2026-09-22 13:46:00 [main] INFO  c.t.t.t.presentation.http.HttpServer - Instance HttpServer initialized.
2026-09-22 13:46:00 [main] INFO  c.t.t.t.presentation.http.HttpServer - HttpServer started successfully. [port=8080] [url=http://localhost:8080]
2026-09-22 13:46:00 [main] INFO  com.tic.tac.toe.Application - Started Application
2026-09-22 13:49:04 [main] INFO  c.t.t.t.i.config.Environment - Instance Environment initialized.
2026-09-22 13:49:04 [main] INFO  c.t.t.t.p.s.c.ConnectionManager - SocketManager successfully instantiated.
2026-09-22 13:49:04 [main] INFO  c.t.t.t.p.socket.room.RoomManager - RoomManager successfully instantiated.
2026-09-22 13:49:04 [WebSocketSelector-25] INFO  c.t.t.t.p.socket.SocketServer - WebSocketServer started successfully. [port=8081] [url=ws://localhost:8081]
2026-09-22 13:49:04 [main] INFO  org.eclipse.jetty.util.log - Logging initialized @552ms to org.eclipse.jetty.util.log.Slf4jLog
2026-09-22 13:49:04 [main] INFO  io.javalin.Javalin - Starting Javalin ...
2026-09-22 13:49:04 [main] INFO  io.javalin.Javalin - You are running Javalin 4.6.8 (released May 4, 2023. Your Javalin version is 1237 days old. Consider checking for a newer version.).
2026-09-22 13:49:05 [main] INFO  io.javalin.Javalin - Listening on http://localhost:8080/
2026-09-22 13:49:05 [main] INFO  io.javalin.Javalin - Javalin started in 200ms \o/
2026-09-22 13:49:05 [main] INFO  c.t.t.t.i.persistence.jpa.JpaUtil - Instance JpaUtil initialized.
2026-09-22 13:49:05 [main] INFO  c.t.t.t.i.p.j.r.UserJpaRepository - Instance UserJpaRepository initialized.
2026-09-22 13:49:05 [main] INFO  c.t.t.t.i.security.JwtService - Instance JwtService initialized.
2026-09-22 13:49:05 [main] INFO  c.t.t.t.a.service.AuthServiceImpl - Instance AuthServiceImpl initialized. [InstanceId=477376212]
2026-09-22 13:49:05 [main] INFO  c.t.t.t.p.h.c.AuthController - Instance AuthController initialized.
2026-09-22 13:49:05 [main] INFO  c.t.t.t.presentation.http.HttpServer - Instance HttpServer initialized.
2026-09-22 13:49:05 [main] INFO  c.t.t.t.presentation.http.HttpServer - HttpServer started successfully. [port=8080] [url=http://localhost:8080]
2026-09-22 13:49:05 [main] INFO  com.tic.tac.toe.Application - Started Application
2026-09-22 14:34:31 [main] INFO  c.t.t.t.i.config.Environment - Instance Environment initialized.
2026-09-22 14:34:31 [main] INFO  c.t.t.t.p.s.c.ConnectionManager - Instance ConnectionManager initialized.
2026-09-22 14:34:31 [main] INFO  c.t.t.t.p.socket.room.RoomManager - RoomManager successfully instantiated.
2026-09-22 14:34:31 [WebSocketSelector-25] INFO  c.t.t.t.p.socket.SocketServer - WebSocketServer started successfully. [port=8081] [url=ws://localhost:8081]
2026-09-22 14:34:31 [main] INFO  org.eclipse.jetty.util.log - Logging initialized @542ms to org.eclipse.jetty.util.log.Slf4jLog
2026-09-22 14:34:31 [main] INFO  io.javalin.Javalin - Starting Javalin ...
2026-09-22 14:34:31 [main] INFO  io.javalin.Javalin - You are running Javalin 4.6.8 (released May 4, 2023. Your Javalin version is 1237 days old. Consider checking for a newer version.).
2026-09-22 14:34:31 [main] INFO  io.javalin.Javalin - Listening on http://localhost:8080/
2026-09-22 14:34:31 [main] INFO  io.javalin.Javalin - Javalin started in 185ms \o/
2026-09-22 14:34:32 [main] INFO  c.t.t.t.i.persistence.jpa.JpaUtil - Instance JpaUtil initialized.
2026-09-22 14:34:32 [main] INFO  c.t.t.t.i.p.j.r.UserJpaRepository - Instance UserJpaRepository initialized.
2026-09-22 14:34:32 [main] INFO  c.t.t.t.i.security.JwtService - Instance JwtService initialized.
2026-09-22 14:34:32 [main] INFO  c.t.t.t.a.service.AuthServiceImpl - Instance AuthServiceImpl initialized. [InstanceId=477376212]
2026-09-22 14:34:32 [main] INFO  c.t.t.t.p.h.c.AuthController - Instance AuthController initialized.
2026-09-22 14:34:32 [main] INFO  c.t.t.t.presentation.http.HttpServer - Instance HttpServer initialized.
2026-09-22 14:34:32 [main] INFO  c.t.t.t.presentation.http.HttpServer - HttpServer started successfully. [port=8080] [url=http://localhost:8080]
2026-09-22 14:34:32 [main] INFO  com.tic.tac.toe.Application - Started Application
2026-09-22 15:06:41 [main] INFO  c.t.t.t.i.config.Environment - Instance Environment initialized.
2026-09-22 15:06:41 [main] INFO  c.t.t.t.p.s.c.ConnectionManager - Instance ConnectionManager initialized.
2026-09-22 15:06:41 [main] INFO  c.t.t.t.p.socket.room.RoomManager - RoomManager successfully instantiated.
2026-09-22 15:06:41 [WebSocketSelector-25] INFO  c.t.t.t.p.socket.SocketServer - WebSocketServer started successfully. [port=8081] [url=ws://localhost:8081]
2026-09-22 15:06:41 [main] INFO  org.eclipse.jetty.util.log - Logging initialized @552ms to org.eclipse.jetty.util.log.Slf4jLog
2026-09-22 15:06:41 [main] INFO  io.javalin.Javalin - Starting Javalin ...
2026-09-22 15:06:41 [main] INFO  io.javalin.Javalin - You are running Javalin 4.6.8 (released May 4, 2023. Your Javalin version is 1237 days old. Consider checking for a newer version.).
2026-09-22 15:06:41 [main] INFO  io.javalin.Javalin - Listening on http://localhost:8080/
2026-09-22 15:06:41 [main] INFO  io.javalin.Javalin - Javalin started in 192ms \o/
2026-09-22 15:06:42 [main] INFO  c.t.t.t.i.persistence.jpa.JpaUtil - Instance JpaUtil initialized.
2026-09-22 15:06:42 [main] INFO  c.t.t.t.i.p.j.r.UserJpaRepository - Instance UserJpaRepository initialized.
2026-09-22 15:06:42 [main] INFO  c.t.t.t.i.security.JwtService - Instance JwtService initialized.
2026-09-22 15:06:42 [main] INFO  c.t.t.t.a.service.AuthServiceImpl - Instance AuthServiceImpl initialized. [InstanceId=1787189503]
2026-09-22 15:06:42 [main] INFO  c.t.t.t.p.h.c.AuthController - Instance AuthController initialized.
2026-09-22 15:06:42 [main] INFO  c.t.t.t.presentation.http.HttpServer - Instance HttpServer initialized.
2026-09-22 15:06:42 [main] INFO  c.t.t.t.presentation.http.HttpServer - HttpServer started successfully. [port=8080] [url=http://localhost:8080]
2026-09-22 15:06:42 [main] INFO  com.tic.tac.toe.Application - Started Application
2026-09-22 16:19:34 [main] INFO  c.t.t.t.i.config.Environment - Instance Environment initialized.
2026-09-22 16:19:34 [main] INFO  c.t.t.t.p.s.c.ConnectionManager - Instance ConnectionManager initialized.
2026-09-22 16:19:34 [main] INFO  c.t.t.t.p.socket.room.RoomManager - RoomManager successfully instantiated.
2026-09-22 16:19:35 [main] INFO  c.t.t.t.p.s.e.ExceptionSocketHandler - Instance ExceptionHttpHandler initialized.
2026-09-22 16:19:35 [WebSocketSelector-26] INFO  c.t.t.t.p.socket.SocketServer - WebSocketServer started successfully. [port=8081] [url=ws://localhost:8081]
2026-09-22 16:19:35 [main] INFO  org.eclipse.jetty.util.log - Logging initialized @815ms to org.eclipse.jetty.util.log.Slf4jLog
2026-09-22 16:19:35 [main] INFO  io.javalin.Javalin - Starting Javalin ...
2026-09-22 16:19:35 [main] INFO  io.javalin.Javalin - You are running Javalin 4.6.8 (released May 4, 2023. Your Javalin version is 1237 days old. Consider checking for a newer version.).
2026-09-22 16:19:35 [main] INFO  io.javalin.Javalin - Listening on http://localhost:8080/
2026-09-22 16:19:35 [main] INFO  io.javalin.Javalin - Javalin started in 226ms \o/
2026-09-22 16:19:35 [main] INFO  c.t.t.t.i.persistence.jpa.JpaUtil - Instance JpaUtil initialized.
2026-09-22 16:19:35 [main] INFO  c.t.t.t.i.p.j.r.UserJpaRepository - Instance UserJpaRepository initialized.
2026-09-22 16:19:35 [main] INFO  c.t.t.t.i.security.JwtService - Instance JwtService initialized.
2026-09-22 16:19:35 [main] INFO  c.t.t.t.a.service.AuthServiceImpl - Instance AuthServiceImpl initialized. [InstanceId=1237740254]
2026-09-22 16:19:35 [main] INFO  c.t.t.t.p.h.c.AuthController - Instance AuthController initialized.
2026-09-22 16:19:35 [main] INFO  c.t.t.t.presentation.http.HttpServer - Instance HttpServer initialized.
2026-09-22 16:19:35 [main] INFO  c.t.t.t.presentation.http.HttpServer - HttpServer started successfully. [port=8080] [url=http://localhost:8080]
2026-09-22 16:19:35 [main] INFO  com.tic.tac.toe.Application - Started Application
2026-09-22 16:20:06 [JettyServerThreadPool-44] INFO  c.t.t.t.presentation.http.HttpServer - METHOD: POST, HOST: localhost:8080, PATH: /api/v1/auth/login, CONTENT_LENGTH: 73
2026-09-22 16:20:06 [JettyServerThreadPool-44] INFO  c.t.t.t.a.service.AuthServiceImpl - Trying login. [email=testfasdeaee@eemail.com]
2026-09-22 16:20:07 [JettyServerThreadPool-44] INFO  c.t.t.t.a.service.AuthServiceImpl - Login successfully. [userId=fa31ffee-0e0c-48e9-b6c2-bd6d19e8c32f]
2026-09-22 16:20:09 [JettyServerThreadPool-33] INFO  c.t.t.t.presentation.http.HttpServer - METHOD: POST, HOST: localhost:8080, PATH: /api/v1/auth/login, CONTENT_LENGTH: 73
2026-09-22 16:20:09 [JettyServerThreadPool-33] INFO  c.t.t.t.a.service.AuthServiceImpl - Trying login. [email=testfasdeaee@eemail.com]
2026-09-22 16:20:09 [JettyServerThreadPool-33] INFO  c.t.t.t.a.service.AuthServiceImpl - Login successfully. [userId=fa31ffee-0e0c-48e9-b6c2-bd6d19e8c32f]
2026-09-22 16:20:11 [WebSocketWorker-13] ERROR c.t.t.t.p.s.e.ExceptionSocketHandler - Error on transform StandardSocketException in json.
2026-09-22 16:21:22 [main] INFO  c.t.t.t.i.config.Environment - Instance Environment initialized.
2026-09-22 16:21:22 [main] INFO  c.t.t.t.p.s.c.ConnectionManager - Instance ConnectionManager initialized.
2026-09-22 16:21:22 [main] INFO  c.t.t.t.p.socket.room.RoomManager - RoomManager successfully instantiated.
2026-09-22 16:21:22 [main] INFO  c.t.t.t.p.s.e.ExceptionSocketHandler - Instance ExceptionHttpHandler initialized.
2026-09-22 16:21:22 [WebSocketSelector-26] INFO  c.t.t.t.p.socket.SocketServer - WebSocketServer started successfully. [port=8081] [url=ws://localhost:8081]
2026-09-22 16:21:22 [main] INFO  org.eclipse.jetty.util.log - Logging initialized @633ms to org.eclipse.jetty.util.log.Slf4jLog
2026-09-22 16:21:22 [main] INFO  io.javalin.Javalin - Starting Javalin ...
2026-09-22 16:21:22 [main] INFO  io.javalin.Javalin - You are running Javalin 4.6.8 (released May 4, 2023. Your Javalin version is 1237 days old. Consider checking for a newer version.).
2026-09-22 16:21:23 [main] INFO  io.javalin.Javalin - Listening on http://localhost:8080/
2026-09-22 16:21:23 [main] INFO  io.javalin.Javalin - Javalin started in 170ms \o/
2026-09-22 16:21:23 [main] INFO  c.t.t.t.i.persistence.jpa.JpaUtil - Instance JpaUtil initialized.
2026-09-22 16:21:23 [main] INFO  c.t.t.t.i.p.j.r.UserJpaRepository - Instance UserJpaRepository initialized.
2026-09-22 16:21:23 [main] INFO  c.t.t.t.i.security.JwtService - Instance JwtService initialized.
2026-09-22 16:21:23 [main] INFO  c.t.t.t.a.service.AuthServiceImpl - Instance AuthServiceImpl initialized. [InstanceId=460702435]
2026-09-22 16:21:23 [main] INFO  c.t.t.t.p.h.c.AuthController - Instance AuthController initialized.
2026-09-22 16:21:23 [main] INFO  c.t.t.t.presentation.http.HttpServer - Instance HttpServer initialized.
2026-09-22 16:21:23 [main] INFO  c.t.t.t.presentation.http.HttpServer - HttpServer started successfully. [port=8080] [url=http://localhost:8080]
2026-09-22 16:21:23 [main] INFO  com.tic.tac.toe.Application - Started Application
2026-09-22 16:21:27 [JettyServerThreadPool-44] INFO  c.t.t.t.presentation.http.HttpServer - METHOD: POST, HOST: localhost:8080, PATH: /api/v1/auth/login, CONTENT_LENGTH: 73
2026-09-22 16:21:27 [JettyServerThreadPool-44] INFO  c.t.t.t.a.service.AuthServiceImpl - Trying login. [email=testfasdeaee@eemail.com]
2026-09-22 16:21:27 [JettyServerThreadPool-44] INFO  c.t.t.t.a.service.AuthServiceImpl - Login successfully. [userId=fa31ffee-0e0c-48e9-b6c2-bd6d19e8c32f]
2026-09-22 16:21:29 [JettyServerThreadPool-33] INFO  c.t.t.t.presentation.http.HttpServer - METHOD: POST, HOST: localhost:8080, PATH: /api/v1/auth/login, CONTENT_LENGTH: 73
2026-09-22 16:21:29 [JettyServerThreadPool-33] INFO  c.t.t.t.a.service.AuthServiceImpl - Trying login. [email=testfasdeaee@eemail.com]
2026-09-22 16:21:29 [JettyServerThreadPool-33] INFO  c.t.t.t.a.service.AuthServiceImpl - Login successfully. [userId=fa31ffee-0e0c-48e9-b6c2-bd6d19e8c32f]
2026-09-22 16:21:31 [WebSocketWorker-13] ERROR c.t.t.t.p.s.e.ExceptionSocketHandler - Error on transform StandardSocketException in json.
2026-09-22 16:23:25 [main] INFO  c.t.t.t.i.config.Environment - Instance Environment initialized.
2026-09-22 16:23:25 [main] INFO  c.t.t.t.p.s.c.ConnectionManager - Instance ConnectionManager initialized.
2026-09-22 16:23:25 [main] INFO  c.t.t.t.p.socket.room.RoomManager - RoomManager successfully instantiated.
2026-09-22 16:23:25 [main] INFO  c.t.t.t.p.s.e.ExceptionSocketHandler - Instance ExceptionHttpHandler initialized.
2026-09-22 16:23:25 [WebSocketSelector-29] INFO  c.t.t.t.p.socket.SocketServer - WebSocketServer started successfully. [port=8081] [url=ws://localhost:8081]
2026-09-22 16:23:25 [main] INFO  org.eclipse.jetty.util.log - Logging initialized @633ms to org.eclipse.jetty.util.log.Slf4jLog
2026-09-22 16:23:25 [main] INFO  io.javalin.Javalin - Starting Javalin ...
2026-09-22 16:23:25 [main] INFO  io.javalin.Javalin - You are running Javalin 4.6.8 (released May 4, 2023. Your Javalin version is 1237 days old. Consider checking for a newer version.).
2026-09-22 16:23:26 [main] INFO  io.javalin.Javalin - Listening on http://localhost:8080/
2026-09-22 16:23:26 [main] INFO  io.javalin.Javalin - Javalin started in 152ms \o/
2026-09-22 16:23:26 [main] INFO  c.t.t.t.i.persistence.jpa.JpaUtil - Instance JpaUtil initialized.
2026-09-22 16:23:26 [main] INFO  c.t.t.t.i.p.j.r.UserJpaRepository - Instance UserJpaRepository initialized.
2026-09-22 16:23:26 [main] INFO  c.t.t.t.i.security.JwtService - Instance JwtService initialized.
2026-09-22 16:23:26 [main] INFO  c.t.t.t.a.service.AuthServiceImpl - Instance AuthServiceImpl initialized. [InstanceId=693267461]
2026-09-22 16:23:26 [main] INFO  c.t.t.t.p.h.c.AuthController - Instance AuthController initialized.
2026-09-22 16:23:26 [main] INFO  c.t.t.t.presentation.http.HttpServer - Instance HttpServer initialized.
2026-09-22 16:23:26 [main] INFO  c.t.t.t.presentation.http.HttpServer - HttpServer started successfully. [port=8080] [url=http://localhost:8080]
2026-09-22 16:23:26 [main] INFO  com.tic.tac.toe.Application - Started Application
2026-09-22 16:24:07 [main] INFO  c.t.t.t.i.config.Environment - Instance Environment initialized.
2026-09-22 16:24:07 [main] INFO  c.t.t.t.p.s.c.ConnectionManager - Instance ConnectionManager initialized.
2026-09-22 16:24:07 [main] INFO  c.t.t.t.p.socket.room.RoomManager - RoomManager successfully instantiated.
2026-09-22 16:24:07 [main] INFO  c.t.t.t.p.s.e.ExceptionSocketHandler - Instance ExceptionHttpHandler initialized.
2026-09-22 16:24:07 [WebSocketSelector-29] INFO  c.t.t.t.p.socket.SocketServer - WebSocketServer started successfully. [port=8081] [url=ws://localhost:8081]
2026-09-22 16:24:07 [main] INFO  org.eclipse.jetty.util.log - Logging initialized @666ms to org.eclipse.jetty.util.log.Slf4jLog
2026-09-22 16:24:07 [main] INFO  io.javalin.Javalin - Starting Javalin ...
2026-09-22 16:24:07 [main] INFO  io.javalin.Javalin - You are running Javalin 4.6.8 (released May 4, 2023. Your Javalin version is 1237 days old. Consider checking for a newer version.).
2026-09-22 16:24:08 [main] INFO  io.javalin.Javalin - Listening on http://localhost:8080/
2026-09-22 16:24:08 [main] INFO  io.javalin.Javalin - Javalin started in 179ms \o/
2026-09-22 16:24:08 [main] INFO  c.t.t.t.i.persistence.jpa.JpaUtil - Instance JpaUtil initialized.
2026-09-22 16:24:08 [main] INFO  c.t.t.t.i.p.j.r.UserJpaRepository - Instance UserJpaRepository initialized.
2026-09-22 16:24:08 [main] INFO  c.t.t.t.i.security.JwtService - Instance JwtService initialized.
2026-09-22 16:24:08 [main] INFO  c.t.t.t.a.service.AuthServiceImpl - Instance AuthServiceImpl initialized. [InstanceId=1241480588]
2026-09-22 16:24:08 [main] INFO  c.t.t.t.p.h.c.AuthController - Instance AuthController initialized.
2026-09-22 16:24:08 [main] INFO  c.t.t.t.presentation.http.HttpServer - Instance HttpServer initialized.
2026-09-22 16:24:08 [main] INFO  c.t.t.t.presentation.http.HttpServer - HttpServer started successfully. [port=8080] [url=http://localhost:8080]
2026-09-22 16:24:08 [main] INFO  com.tic.tac.toe.Application - Started Application
2026-09-22 16:25:05 [main] INFO  c.t.t.t.i.config.Environment - Instance Environment initialized.
2026-09-22 16:25:05 [main] INFO  c.t.t.t.p.s.c.ConnectionManager - Instance ConnectionManager initialized.
2026-09-22 16:25:05 [main] INFO  c.t.t.t.p.socket.room.RoomManager - RoomManager successfully instantiated.
2026-09-22 16:25:06 [main] INFO  c.t.t.t.p.s.e.ExceptionSocketHandler - Instance ExceptionHttpHandler initialized.
2026-09-22 16:25:06 [WebSocketSelector-29] INFO  c.t.t.t.p.socket.SocketServer - WebSocketServer started successfully. [port=8081] [url=ws://localhost:8081]
2026-09-22 16:25:06 [main] INFO  org.eclipse.jetty.util.log - Logging initialized @604ms to org.eclipse.jetty.util.log.Slf4jLog
2026-09-22 16:25:06 [main] INFO  io.javalin.Javalin - Starting Javalin ...
2026-09-22 16:25:06 [main] INFO  io.javalin.Javalin - You are running Javalin 4.6.8 (released May 4, 2023. Your Javalin version is 1237 days old. Consider checking for a newer version.).
2026-09-22 16:25:06 [main] INFO  io.javalin.Javalin - Listening on http://localhost:8080/
2026-09-22 16:25:06 [main] INFO  io.javalin.Javalin - Javalin started in 157ms \o/
2026-09-22 16:25:06 [main] INFO  c.t.t.t.i.persistence.jpa.JpaUtil - Instance JpaUtil initialized.
2026-09-22 16:25:06 [main] INFO  c.t.t.t.i.p.j.r.UserJpaRepository - Instance UserJpaRepository initialized.
2026-09-22 16:25:06 [main] INFO  c.t.t.t.i.security.JwtService - Instance JwtService initialized.
2026-09-22 16:25:06 [main] INFO  c.t.t.t.a.service.AuthServiceImpl - Instance AuthServiceImpl initialized. [InstanceId=1241480588]
2026-09-22 16:25:06 [main] INFO  c.t.t.t.p.h.c.AuthController - Instance AuthController initialized.
2026-09-22 16:25:06 [main] INFO  c.t.t.t.presentation.http.HttpServer - Instance HttpServer initialized.
2026-09-22 16:25:06 [main] INFO  c.t.t.t.presentation.http.HttpServer - HttpServer started successfully. [port=8080] [url=http://localhost:8080]
2026-09-22 16:25:06 [main] INFO  com.tic.tac.toe.Application - Started Application
2026-09-22 16:25:09 [WebSocketWorker-13] INFO  c.t.t.t.p.socket.SocketServer - Error to connection on websocket. [message=userId is required]
2026-09-22 16:27:52 [main] INFO  c.t.t.t.i.config.Environment - Instance Environment initialized.
2026-09-22 16:27:52 [main] INFO  c.t.t.t.p.s.c.ConnectionManager - Instance ConnectionManager initialized.
2026-09-22 16:27:52 [main] INFO  c.t.t.t.p.socket.room.RoomManager - RoomManager successfully instantiated.
2026-09-22 16:27:52 [main] INFO  c.t.t.t.p.s.e.ExceptionSocketHandler - Instance ExceptionHttpHandler initialized.
2026-09-22 16:27:52 [WebSocketSelector-29] INFO  c.t.t.t.p.socket.SocketServer - WebSocketServer started successfully. [port=8081] [url=ws://localhost:8081]
2026-09-22 16:27:52 [main] INFO  org.eclipse.jetty.util.log - Logging initialized @670ms to org.eclipse.jetty.util.log.Slf4jLog
2026-09-22 16:27:52 [main] INFO  io.javalin.Javalin - Starting Javalin ...
2026-09-22 16:27:52 [main] INFO  io.javalin.Javalin - You are running Javalin 4.6.8 (released May 4, 2023. Your Javalin version is 1237 days old. Consider checking for a newer version.).
2026-09-22 16:27:52 [main] INFO  io.javalin.Javalin - Listening on http://localhost:8080/
2026-09-22 16:27:52 [main] INFO  io.javalin.Javalin - Javalin started in 155ms \o/
2026-09-22 16:27:53 [main] INFO  c.t.t.t.i.persistence.jpa.JpaUtil - Instance JpaUtil initialized.
2026-09-22 16:27:53 [main] INFO  c.t.t.t.i.p.j.r.UserJpaRepository - Instance UserJpaRepository initialized.
2026-09-22 16:27:53 [main] INFO  c.t.t.t.i.security.JwtService - Instance JwtService initialized.
2026-09-22 16:27:53 [main] INFO  c.t.t.t.a.service.AuthServiceImpl - Instance AuthServiceImpl initialized. [InstanceId=693267461]
2026-09-22 16:27:53 [main] INFO  c.t.t.t.p.h.c.AuthController - Instance AuthController initialized.
2026-09-22 16:27:53 [main] INFO  c.t.t.t.presentation.http.HttpServer - Instance HttpServer initialized.
2026-09-22 16:27:53 [main] INFO  c.t.t.t.presentation.http.HttpServer - HttpServer started successfully. [port=8080] [url=http://localhost:8080]
2026-09-22 16:27:53 [main] INFO  com.tic.tac.toe.Application - Started Application
2026-09-22 16:27:57 [WebSocketWorker-13] INFO  c.t.t.t.p.socket.SocketServer - Error to connection on websocket. [message=UserId is required]
2026-09-22 16:50:28 [main] INFO  c.t.t.t.i.config.Environment - Instance Environment initialized.
2026-09-22 16:50:28 [main] INFO  c.t.t.t.p.s.c.ConnectionManager - Instance ConnectionManager initialized.
2026-09-22 16:50:28 [main] INFO  c.t.t.t.p.socket.room.RoomManager - Instance RoomManager initialized.
2026-09-22 16:50:28 [main] INFO  c.t.t.t.p.s.e.ExceptionSocketHandler - Instance ExceptionHttpHandler initialized.
2026-09-22 16:50:28 [main] INFO  c.t.t.t.i.security.JwtService - Instance JwtService initialized.
2026-09-22 16:50:28 [WebSocketSelector-29] INFO  c.t.t.t.p.socket.SocketServer - WebSocketServer started successfully. [port=8081] [url=ws://localhost:8081]
2026-09-22 16:50:28 [main] INFO  org.eclipse.jetty.util.log - Logging initialized @676ms to org.eclipse.jetty.util.log.Slf4jLog
2026-09-22 16:50:28 [main] INFO  io.javalin.Javalin - Starting Javalin ...
2026-09-22 16:50:28 [main] INFO  io.javalin.Javalin - You are running Javalin 4.6.8 (released May 4, 2023. Your Javalin version is 1237 days old. Consider checking for a newer version.).
2026-09-22 16:50:28 [main] INFO  io.javalin.Javalin - Listening on http://localhost:8080/
2026-09-22 16:50:28 [main] INFO  io.javalin.Javalin - Javalin started in 178ms \o/
2026-09-22 16:50:28 [main] INFO  c.t.t.t.i.persistence.jpa.JpaUtil - Instance JpaUtil initialized.
2026-09-22 16:50:28 [main] INFO  c.t.t.t.i.p.j.r.UserJpaRepository - Instance UserJpaRepository initialized.
2026-09-22 16:50:28 [main] INFO  c.t.t.t.a.service.AuthServiceImpl - Instance AuthServiceImpl initialized. [InstanceId=693267461]
2026-09-22 16:50:28 [main] INFO  c.t.t.t.p.h.c.AuthController - Instance AuthController initialized.
2026-09-22 16:50:28 [main] INFO  c.t.t.t.presentation.http.HttpServer - Instance HttpServer initialized.
2026-09-22 16:50:28 [main] INFO  c.t.t.t.presentation.http.HttpServer - HttpServer started successfully. [port=8080] [url=http://localhost:8080]
2026-09-22 16:50:28 [main] INFO  com.tic.tac.toe.Application - Started Application
2026-09-22 16:50:36 [WebSocketWorker-13] WARN  c.t.t.t.p.socket.SocketServer - Invalid access token.
2026-09-22 16:52:13 [main] INFO  c.t.t.t.i.config.Environment - Instance Environment initialized.
2026-09-22 16:52:13 [main] INFO  c.t.t.t.p.s.c.ConnectionManager - Instance ConnectionManager initialized.
2026-09-22 16:52:13 [main] INFO  c.t.t.t.p.socket.room.RoomManager - Instance RoomManager initialized.
2026-09-22 16:52:13 [main] INFO  c.t.t.t.p.s.e.ExceptionSocketHandler - Instance ExceptionHttpHandler initialized.
2026-09-22 16:52:13 [main] INFO  c.t.t.t.i.security.JwtService - Instance JwtService initialized.
2026-09-22 16:52:13 [WebSocketSelector-27] INFO  c.t.t.t.p.socket.SocketServer - WebSocketServer started successfully. [port=8081] [url=ws://localhost:8081]
2026-09-22 16:52:14 [main] INFO  org.eclipse.jetty.util.log - Logging initialized @652ms to org.eclipse.jetty.util.log.Slf4jLog
2026-09-22 16:52:14 [main] INFO  io.javalin.Javalin - Starting Javalin ...
2026-09-22 16:52:14 [main] INFO  io.javalin.Javalin - You are running Javalin 4.6.8 (released May 4, 2023. Your Javalin version is 1237 days old. Consider checking for a newer version.).
2026-09-22 16:52:14 [main] INFO  io.javalin.Javalin - Listening on http://localhost:8080/
2026-09-22 16:52:14 [main] INFO  io.javalin.Javalin - Javalin started in 190ms \o/
2026-09-22 16:52:14 [main] INFO  c.t.t.t.i.persistence.jpa.JpaUtil - Instance JpaUtil initialized.
2026-09-22 16:52:14 [main] INFO  c.t.t.t.i.p.j.r.UserJpaRepository - Instance UserJpaRepository initialized.
2026-09-22 16:52:14 [main] INFO  c.t.t.t.a.service.AuthServiceImpl - Instance AuthServiceImpl initialized. [InstanceId=1241480588]
2026-09-22 16:52:14 [main] INFO  c.t.t.t.p.h.c.AuthController - Instance AuthController initialized.
2026-09-22 16:52:14 [main] INFO  c.t.t.t.presentation.http.HttpServer - Instance HttpServer initialized.
2026-09-22 16:52:14 [main] INFO  c.t.t.t.presentation.http.HttpServer - HttpServer started successfully. [port=8080] [url=http://localhost:8080]
2026-09-22 16:52:14 [main] INFO  com.tic.tac.toe.Application - Started Application
2026-09-22 16:52:20 [JettyServerThreadPool-44] INFO  c.t.t.t.presentation.http.HttpServer - METHOD: POST, HOST: localhost:8080, PATH: /api/v1/auth/login, CONTENT_LENGTH: 73
2026-09-22 16:52:20 [JettyServerThreadPool-44] INFO  c.t.t.t.a.service.AuthServiceImpl - Trying login. [email=testfasdeaee@eemail.com]
2026-09-22 16:52:20 [JettyServerThreadPool-44] INFO  c.t.t.t.a.service.AuthServiceImpl - Login successfully. [userId=fa31ffee-0e0c-48e9-b6c2-bd6d19e8c32f]
2026-09-22 16:52:32 [WebSocketWorker-13] INFO  c.t.t.t.p.s.c.ConnectionManager - A connection added on manager. [connectionId=a4e9d535-d9bc-4e0a-aa28-432727af80df] [userId=fa31ffee-0e0c-48e9-b6c2-bd6d19e8c32f]
2026-09-22 16:55:34 [main] INFO  c.t.t.t.i.config.Environment - Instance Environment initialized.
2026-09-22 16:55:34 [main] INFO  c.t.t.t.p.s.c.ConnectionManager - Instance ConnectionManager initialized.
2026-09-22 16:55:34 [main] INFO  c.t.t.t.p.socket.room.RoomManager - Instance RoomManager initialized.
2026-09-22 16:55:34 [main] INFO  c.t.t.t.p.s.e.ExceptionSocketHandler - Instance ExceptionHttpHandler initialized.
2026-09-22 16:55:34 [main] INFO  c.t.t.t.i.security.JwtService - Instance JwtService initialized.
2026-09-22 16:55:34 [WebSocketSelector-29] INFO  c.t.t.t.p.socket.SocketServer - WebSocketServer started successfully. [port=8081] [url=ws://localhost:8081]
2026-09-22 16:55:34 [main] INFO  org.eclipse.jetty.util.log - Logging initialized @618ms to org.eclipse.jetty.util.log.Slf4jLog
2026-09-22 16:55:34 [main] INFO  io.javalin.Javalin - Starting Javalin ...
2026-09-22 16:55:34 [main] INFO  io.javalin.Javalin - You are running Javalin 4.6.8 (released May 4, 2023. Your Javalin version is 1237 days old. Consider checking for a newer version.).
2026-09-22 16:55:34 [main] INFO  io.javalin.Javalin - Listening on http://localhost:8080/
2026-09-22 16:55:34 [main] INFO  io.javalin.Javalin - Javalin started in 144ms \o/
2026-09-22 16:55:34 [main] INFO  c.t.t.t.i.persistence.jpa.JpaUtil - Instance JpaUtil initialized.
2026-09-22 16:55:34 [main] INFO  c.t.t.t.i.p.j.r.UserJpaRepository - Instance UserJpaRepository initialized.
2026-09-22 16:55:34 [main] INFO  c.t.t.t.a.service.AuthServiceImpl - Instance AuthServiceImpl initialized. [InstanceId=1241480588]
2026-09-22 16:55:34 [main] INFO  c.t.t.t.p.h.c.AuthController - Instance AuthController initialized.
2026-09-22 16:55:34 [main] INFO  c.t.t.t.presentation.http.HttpServer - Instance HttpServer initialized.
2026-09-22 16:55:34 [main] INFO  c.t.t.t.presentation.http.HttpServer - HttpServer started successfully. [port=8080] [url=http://localhost:8080]
2026-09-22 16:55:34 [main] INFO  com.tic.tac.toe.Application - Started Application
2026-09-22 16:55:38 [WebSocketWorker-13] INFO  c.t.t.t.p.s.c.ConnectionManager - A connection added on manager. [connectionId=aa362b79-aa7b-4841-9ed8-90111b0fb1c6] [userId=fa31ffee-0e0c-48e9-b6c2-bd6d19e8c32f]
2026-09-22 16:55:44 [WebSocketWorker-14] INFO  c.t.t.t.p.s.c.ConnectionManager - A connection added on manager. [connectionId=165cc581-32ad-4029-a7da-7503db689868] [userId=fa31ffee-0e0c-48e9-b6c2-bd6d19e8c32f]
2026-09-22 17:02:40 [main] INFO  c.t.t.t.i.config.Environment - Instance Environment initialized.
2026-09-22 17:02:40 [main] INFO  c.t.t.t.p.s.c.ConnectionManager - Instance ConnectionManager initialized.
2026-09-22 17:02:40 [main] INFO  c.t.t.t.p.socket.room.RoomManager - Instance RoomManager initialized.
2026-09-22 17:02:40 [main] INFO  c.t.t.t.p.s.e.ExceptionSocketHandler - Instance ExceptionHttpHandler initialized.
2026-09-22 17:02:40 [main] INFO  c.t.t.t.i.security.JwtService - Instance JwtService initialized.
2026-09-22 17:02:40 [WebSocketSelector-29] INFO  c.t.t.t.p.socket.SocketServer - WebSocketServer started successfully. [port=8081] [url=ws://localhost:8081]
2026-09-22 17:02:40 [main] INFO  org.eclipse.jetty.util.log - Logging initialized @648ms to org.eclipse.jetty.util.log.Slf4jLog
2026-09-22 17:02:40 [main] INFO  io.javalin.Javalin - Starting Javalin ...
2026-09-22 17:02:40 [main] INFO  io.javalin.Javalin - You are running Javalin 4.6.8 (released May 4, 2023. Your Javalin version is 1237 days old. Consider checking for a newer version.).
2026-09-22 17:02:40 [main] INFO  io.javalin.Javalin - Listening on http://localhost:8080/
2026-09-22 17:02:40 [main] INFO  io.javalin.Javalin - Javalin started in 160ms \o/
2026-09-22 17:03:00 [main] INFO  c.t.t.t.i.config.Environment - Instance Environment initialized.
2026-09-22 17:03:00 [main] INFO  c.t.t.t.p.s.c.ConnectionManager - Instance ConnectionManager initialized.
2026-09-22 17:03:00 [main] INFO  c.t.t.t.p.socket.room.RoomManager - Instance RoomManager initialized.
2026-09-22 17:03:01 [main] INFO  c.t.t.t.p.s.e.ExceptionSocketHandler - Instance ExceptionHttpHandler initialized.
2026-09-22 17:03:01 [main] INFO  c.t.t.t.i.security.JwtService - Instance JwtService initialized.
2026-09-22 17:03:01 [WebSocketSelector-29] INFO  c.t.t.t.p.socket.SocketServer - WebSocketServer started successfully. [port=8081] [url=ws://localhost:8081]
2026-09-22 17:03:01 [main] INFO  org.eclipse.jetty.util.log - Logging initialized @613ms to org.eclipse.jetty.util.log.Slf4jLog
2026-09-22 17:03:01 [main] INFO  io.javalin.Javalin - Starting Javalin ...
2026-09-22 17:03:01 [main] INFO  io.javalin.Javalin - You are running Javalin 4.6.8 (released May 4, 2023. Your Javalin version is 1237 days old. Consider checking for a newer version.).
2026-09-22 17:03:01 [main] INFO  io.javalin.Javalin - Listening on http://localhost:8080/
2026-09-22 17:03:01 [main] INFO  io.javalin.Javalin - Javalin started in 151ms \o/
2026-09-22 17:03:01 [main] INFO  c.t.t.t.i.persistence.jpa.JpaUtil - Instance JpaUtil initialized.
2026-09-22 17:03:01 [main] INFO  c.t.t.t.i.p.j.r.UserJpaRepository - Instance UserJpaRepository initialized.
2026-09-22 17:03:01 [main] INFO  c.t.t.t.a.service.AuthServiceImpl - Instance AuthServiceImpl initialized. [InstanceId=693267461]
2026-09-22 17:03:01 [main] INFO  c.t.t.t.p.h.c.AuthController - Instance AuthController initialized.
2026-09-22 17:03:01 [main] INFO  c.t.t.t.presentation.http.HttpServer - Instance HttpServer initialized.
2026-09-22 17:03:01 [main] INFO  c.t.t.t.presentation.http.HttpServer - HttpServer started successfully. [port=8080] [url=http://localhost:8080]
2026-09-22 17:03:01 [main] INFO  com.tic.tac.toe.Application - Started Application
2026-09-22 17:03:06 [WebSocketWorker-13] INFO  c.t.t.t.p.s.c.ConnectionManager - A connection added on manager. [connectionId=bd61d905-a024-45ac-ba66-1c8a33089c47] [userId=fa31ffee-0e0c-48e9-b6c2-bd6d19e8c32f]
2026-09-22 17:03:09 [WebSocketSelector-29] INFO  c.t.t.t.p.s.c.ConnectionManager - Getting connection by websocket
2026-09-22 17:03:09 [WebSocketSelector-29] INFO  c.t.t.t.p.s.c.ConnectionManager - Got connection by websocket. [connectionId=bd61d905-a024-45ac-ba66-1c8a33089c47] [userId=fa31ffee-0e0c-48e9-b6c2-bd6d19e8c32f]
2026-09-22 17:03:09 [WebSocketSelector-29] INFO  c.t.t.t.p.s.c.ConnectionManager - Connection removed successfully. [connectionId=bd61d905-a024-45ac-ba66-1c8a33089c47] [userId=fa31ffee-0e0c-48e9-b6c2-bd6d19e8c32f]
2026-09-22 17:08:55 [main] INFO  c.t.t.t.i.config.Environment - Instance Environment initialized.
2026-09-22 17:08:55 [main] INFO  c.t.t.t.p.s.c.ConnectionManager - Instance ConnectionManager initialized.
2026-09-22 17:08:55 [main] INFO  c.t.t.t.p.socket.room.RoomManager - Instance RoomManager initialized.
2026-09-22 17:08:55 [main] INFO  c.t.t.t.p.s.e.ExceptionSocketHandler - Instance ExceptionHttpHandler initialized.
2026-09-22 17:08:55 [main] INFO  c.t.t.t.i.security.JwtService - Instance JwtService initialized.
2026-09-22 17:08:55 [WebSocketSelector-29] INFO  c.t.t.t.p.socket.SocketServer - WebSocketServer started successfully. [port=8081] [url=ws://localhost:8081]
2026-09-22 17:08:55 [main] INFO  org.eclipse.jetty.util.log - Logging initialized @643ms to org.eclipse.jetty.util.log.Slf4jLog
2026-09-22 17:08:55 [main] INFO  io.javalin.Javalin - Starting Javalin ...
2026-09-22 17:08:55 [main] INFO  io.javalin.Javalin - You are running Javalin 4.6.8 (released May 4, 2023. Your Javalin version is 1237 days old. Consider checking for a newer version.).
2026-09-22 17:08:56 [main] INFO  io.javalin.Javalin - Listening on http://localhost:8080/
2026-09-22 17:08:56 [main] INFO  io.javalin.Javalin - Javalin started in 165ms \o/
2026-09-22 17:08:56 [main] INFO  c.t.t.t.i.persistence.jpa.JpaUtil - Instance JpaUtil initialized.
2026-09-22 17:08:56 [main] INFO  c.t.t.t.i.p.j.r.UserJpaRepository - Instance UserJpaRepository initialized.
2026-09-22 17:08:56 [main] INFO  c.t.t.t.a.service.AuthServiceImpl - Instance AuthServiceImpl initialized. [InstanceId=693267461]
2026-09-22 17:08:56 [main] INFO  c.t.t.t.p.h.c.AuthController - Instance AuthController initialized.
2026-09-22 17:08:56 [main] INFO  c.t.t.t.presentation.http.HttpServer - Instance HttpServer initialized.
2026-09-22 17:08:56 [main] INFO  c.t.t.t.presentation.http.HttpServer - HttpServer started successfully. [port=8080] [url=http://localhost:8080]
2026-09-22 17:08:56 [main] INFO  com.tic.tac.toe.Application - Started Application
2026-09-22 17:08:59 [WebSocketWorker-13] INFO  c.t.t.t.p.s.c.ConnectionManager - A connection added on manager. [connectionId=16189366-1f13-488a-b2e4-9547f9f481fe] [userId=fa31ffee-0e0c-48e9-b6c2-bd6d19e8c32f]
2026-09-22 17:09:04 [WebSocketSelector-29] INFO  c.t.t.t.p.s.c.ConnectionManager - Getting connection by websocket
2026-09-22 17:09:04 [WebSocketSelector-29] INFO  c.t.t.t.p.s.c.ConnectionManager - Got connection by websocket. [connectionId=16189366-1f13-488a-b2e4-9547f9f481fe] [userId=fa31ffee-0e0c-48e9-b6c2-bd6d19e8c32f]
2026-09-22 17:09:04 [WebSocketSelector-29] INFO  c.t.t.t.p.s.c.ConnectionManager - Connection removed successfully. [connectionId=16189366-1f13-488a-b2e4-9547f9f481fe] [userId=fa31ffee-0e0c-48e9-b6c2-bd6d19e8c32f]
2026-09-22 17:09:04 [WebSocketSelector-29] WARN  c.t.t.t.p.socket.SocketServer - Close connection. [connectionId=16189366-1f13-488a-b2e4-9547f9f481fe] [userId=fa31ffee-0e0c-48e9-b6c2-bd6d19e8c32f] [code=1000] [reason=]
2026-09-22 17:11:23 [main] INFO  c.t.t.t.i.config.Environment - Instance Environment initialized.
2026-09-22 17:11:23 [main] INFO  c.t.t.t.p.s.c.ConnectionManager - Instance ConnectionManager initialized.
2026-09-22 17:11:23 [main] INFO  c.t.t.t.p.socket.room.RoomManager - Instance RoomManager initialized.
2026-09-22 17:11:23 [main] INFO  c.t.t.t.p.s.e.ExceptionSocketHandler - Instance ExceptionHttpHandler initialized.
2026-09-22 17:11:23 [main] INFO  c.t.t.t.i.security.JwtService - Instance JwtService initialized.
2026-09-22 17:11:23 [WebSocketSelector-29] INFO  c.t.t.t.p.socket.SocketServer - WebSocketServer started successfully. [port=8081] [url=ws://localhost:8081]
2026-09-22 17:11:23 [main] INFO  org.eclipse.jetty.util.log - Logging initialized @633ms to org.eclipse.jetty.util.log.Slf4jLog
2026-09-22 17:11:23 [main] INFO  io.javalin.Javalin - Starting Javalin ...
2026-09-22 17:11:23 [main] INFO  io.javalin.Javalin - You are running Javalin 4.6.8 (released May 4, 2023. Your Javalin version is 1237 days old. Consider checking for a newer version.).
2026-09-22 17:11:23 [main] INFO  io.javalin.Javalin - Listening on http://localhost:8080/
2026-09-22 17:11:23 [main] INFO  io.javalin.Javalin - Javalin started in 155ms \o/
2026-09-22 17:11:24 [main] INFO  c.t.t.t.i.persistence.jpa.JpaUtil - Instance JpaUtil initialized.
2026-09-22 17:11:24 [main] INFO  c.t.t.t.i.p.j.r.UserJpaRepository - Instance UserJpaRepository initialized.
2026-09-22 17:11:24 [main] INFO  c.t.t.t.a.service.AuthServiceImpl - Instance AuthServiceImpl initialized. [InstanceId=693267461]
2026-09-22 17:11:24 [main] INFO  c.t.t.t.p.h.c.AuthController - Instance AuthController initialized.
2026-09-22 17:11:24 [main] INFO  c.t.t.t.presentation.http.HttpServer - Instance HttpServer initialized.
2026-09-22 17:11:24 [main] INFO  c.t.t.t.presentation.http.HttpServer - HttpServer started successfully. [port=8080] [url=http://localhost:8080]
2026-09-22 17:11:24 [main] INFO  com.tic.tac.toe.Application - Started Application
2026-09-22 17:11:26 [WebSocketWorker-13] INFO  c.t.t.t.p.s.c.ConnectionManager - A connection added on manager. [connectionId=d7fc2f8d-7e38-4858-9fcd-01205ead42e3] [userId=fa31ffee-0e0c-48e9-b6c2-bd6d19e8c32f]
2026-09-22 17:11:28 [WebSocketSelector-29] INFO  c.t.t.t.p.s.c.ConnectionManager - Getting connection by websocket
2026-09-22 17:11:28 [WebSocketSelector-29] INFO  c.t.t.t.p.s.c.ConnectionManager - Got connection by websocket. [connectionId=d7fc2f8d-7e38-4858-9fcd-01205ead42e3] [userId=fa31ffee-0e0c-48e9-b6c2-bd6d19e8c32f]
2026-09-22 17:11:28 [WebSocketSelector-29] INFO  c.t.t.t.p.s.c.ConnectionManager - Connection removed successfully. [connectionId=d7fc2f8d-7e38-4858-9fcd-01205ead42e3] [userId=fa31ffee-0e0c-48e9-b6c2-bd6d19e8c32f]
2026-09-22 17:11:28 [WebSocketSelector-29] WARN  c.t.t.t.p.socket.SocketServer - Close connection. [connectionId=d7fc2f8d-7e38-4858-9fcd-01205ead42e3] [userId=fa31ffee-0e0c-48e9-b6c2-bd6d19e8c32f] [code=1000] [reason=]
2026-09-22 17:12:03 [main] INFO  c.t.t.t.i.config.Environment - Instance Environment initialized.
2026-09-22 17:12:03 [main] INFO  c.t.t.t.p.s.c.ConnectionManager - Instance ConnectionManager initialized.
2026-09-22 17:12:03 [main] INFO  c.t.t.t.p.socket.room.RoomManager - Instance RoomManager initialized.
2026-09-22 17:12:03 [main] INFO  c.t.t.t.p.s.e.ExceptionSocketHandler - Instance ExceptionHttpHandler initialized.
2026-09-22 17:12:03 [main] INFO  c.t.t.t.i.security.JwtService - Instance JwtService initialized.
2026-09-22 17:12:03 [WebSocketSelector-29] INFO  c.t.t.t.p.socket.SocketServer - WebSocketServer started successfully. [port=8081] [url=ws://localhost:8081]
2026-09-22 17:12:03 [main] INFO  org.eclipse.jetty.util.log - Logging initialized @625ms to org.eclipse.jetty.util.log.Slf4jLog
2026-09-22 17:12:03 [main] INFO  io.javalin.Javalin - Starting Javalin ...
2026-09-22 17:12:03 [main] INFO  io.javalin.Javalin - You are running Javalin 4.6.8 (released May 4, 2023. Your Javalin version is 1237 days old. Consider checking for a newer version.).
2026-09-22 17:12:03 [main] INFO  io.javalin.Javalin - Listening on http://localhost:8080/
2026-09-22 17:12:03 [main] INFO  io.javalin.Javalin - Javalin started in 154ms \o/
2026-09-22 17:12:04 [main] INFO  c.t.t.t.i.persistence.jpa.JpaUtil - Instance JpaUtil initialized.
2026-09-22 17:12:04 [main] INFO  c.t.t.t.i.p.j.r.UserJpaRepository - Instance UserJpaRepository initialized.
2026-09-22 17:12:04 [main] INFO  c.t.t.t.a.service.AuthServiceImpl - Instance AuthServiceImpl initialized. [InstanceId=1241480588]
2026-09-22 17:12:04 [main] INFO  c.t.t.t.p.h.c.AuthController - Instance AuthController initialized.
2026-09-22 17:12:04 [main] INFO  c.t.t.t.presentation.http.HttpServer - Instance HttpServer initialized.
2026-09-22 17:12:04 [main] INFO  c.t.t.t.presentation.http.HttpServer - HttpServer started successfully. [port=8080] [url=http://localhost:8080]
2026-09-22 17:12:04 [main] INFO  com.tic.tac.toe.Application - Started Application
2026-09-22 17:12:05 [WebSocketWorker-13] WARN  c.t.t.t.p.socket.SocketServer - Invalid access token.
2026-09-22 17:12:05 [WebSocketSelector-29] INFO  c.t.t.t.p.s.c.ConnectionManager - Getting connection by websocket
2026-09-22 17:12:05 [WebSocketSelector-29] WARN  c.t.t.t.p.s.c.ConnectionManager - Not found connection by websocket
2026-09-22 17:12:05 [WebSocketSelector-29] WARN  c.t.t.t.p.socket.SocketServer - Close connection. [code=1008] [reason=Invalid access token]
2026-09-22 17:13:22 [main] INFO  c.t.t.t.i.config.Environment - Instance Environment initialized.
2026-09-22 17:13:22 [main] INFO  c.t.t.t.p.s.c.ConnectionManager - Instance ConnectionManager initialized.
2026-09-22 17:13:22 [main] INFO  c.t.t.t.p.socket.room.RoomManager - Instance RoomManager initialized.
2026-09-22 17:13:22 [main] INFO  c.t.t.t.p.s.e.ExceptionSocketHandler - Instance ExceptionHttpHandler initialized.
2026-09-22 17:13:22 [main] INFO  c.t.t.t.i.security.JwtService - Instance JwtService initialized.
2026-09-22 17:13:22 [WebSocketSelector-27] INFO  c.t.t.t.p.socket.SocketServer - WebSocketServer started successfully. [port=8081] [url=ws://localhost:8081]
2026-09-22 17:13:22 [main] INFO  org.eclipse.jetty.util.log - Logging initialized @612ms to org.eclipse.jetty.util.log.Slf4jLog
2026-09-22 17:13:22 [main] INFO  io.javalin.Javalin - Starting Javalin ...
2026-09-22 17:13:22 [main] INFO  io.javalin.Javalin - You are running Javalin 4.6.8 (released May 4, 2023. Your Javalin version is 1237 days old. Consider checking for a newer version.).
2026-09-22 17:13:22 [main] INFO  io.javalin.Javalin - Listening on http://localhost:8080/
2026-09-22 17:13:22 [main] INFO  io.javalin.Javalin - Javalin started in 156ms \o/
2026-09-22 17:13:22 [main] INFO  c.t.t.t.i.persistence.jpa.JpaUtil - Instance JpaUtil initialized.
2026-09-22 17:13:22 [main] INFO  c.t.t.t.i.p.j.r.UserJpaRepository - Instance UserJpaRepository initialized.
2026-09-22 17:13:22 [main] INFO  c.t.t.t.a.service.AuthServiceImpl - Instance AuthServiceImpl initialized. [InstanceId=693267461]
2026-09-22 17:13:22 [main] INFO  c.t.t.t.p.h.c.AuthController - Instance AuthController initialized.
2026-09-22 17:13:22 [main] INFO  c.t.t.t.presentation.http.HttpServer - Instance HttpServer initialized.
2026-09-22 17:13:22 [main] INFO  c.t.t.t.presentation.http.HttpServer - HttpServer started successfully. [port=8080] [url=http://localhost:8080]
2026-09-22 17:13:22 [main] INFO  com.tic.tac.toe.Application - Started Application
2026-09-22 17:13:24 [WebSocketWorker-13] WARN  c.t.t.t.p.socket.SocketServer - Invalid access token.
2026-09-22 17:13:24 [WebSocketSelector-27] INFO  c.t.t.t.p.s.c.ConnectionManager - Getting connection by websocket
2026-09-22 17:13:24 [WebSocketSelector-27] WARN  c.t.t.t.p.s.c.ConnectionManager - Not found connection by websocket
2026-09-22 17:13:24 [WebSocketSelector-27] WARN  c.t.t.t.p.socket.SocketServer - Close connection. [code=1008] [reason=Invalid access token]
2026-09-22 17:13:33 [main] INFO  c.t.t.t.i.config.Environment - Instance Environment initialized.
2026-09-22 17:13:33 [main] INFO  c.t.t.t.p.s.c.ConnectionManager - Instance ConnectionManager initialized.
2026-09-22 17:13:33 [main] INFO  c.t.t.t.p.socket.room.RoomManager - Instance RoomManager initialized.
2026-09-22 17:13:33 [main] INFO  c.t.t.t.p.s.e.ExceptionSocketHandler - Instance ExceptionHttpHandler initialized.
2026-09-22 17:13:33 [main] INFO  c.t.t.t.i.security.JwtService - Instance JwtService initialized.
2026-09-22 17:13:33 [WebSocketSelector-27] INFO  c.t.t.t.p.socket.SocketServer - WebSocketServer started successfully. [port=8081] [url=ws://localhost:8081]
2026-09-22 17:13:33 [main] INFO  org.eclipse.jetty.util.log - Logging initialized @612ms to org.eclipse.jetty.util.log.Slf4jLog
2026-09-22 17:13:33 [main] INFO  io.javalin.Javalin - Starting Javalin ...
2026-09-22 17:13:33 [main] INFO  io.javalin.Javalin - You are running Javalin 4.6.8 (released May 4, 2023. Your Javalin version is 1237 days old. Consider checking for a newer version.).
2026-09-22 17:13:33 [main] INFO  io.javalin.Javalin - Listening on http://localhost:8080/
2026-09-22 17:13:33 [main] INFO  io.javalin.Javalin - Javalin started in 161ms \o/
2026-09-22 17:13:34 [main] INFO  c.t.t.t.i.persistence.jpa.JpaUtil - Instance JpaUtil initialized.
2026-09-22 17:13:34 [main] INFO  c.t.t.t.i.p.j.r.UserJpaRepository - Instance UserJpaRepository initialized.
2026-09-22 17:13:34 [main] INFO  c.t.t.t.a.service.AuthServiceImpl - Instance AuthServiceImpl initialized. [InstanceId=693267461]
2026-09-22 17:13:34 [main] INFO  c.t.t.t.p.h.c.AuthController - Instance AuthController initialized.
2026-09-22 17:13:34 [main] INFO  c.t.t.t.presentation.http.HttpServer - Instance HttpServer initialized.
2026-09-22 17:13:34 [main] INFO  c.t.t.t.presentation.http.HttpServer - HttpServer started successfully. [port=8080] [url=http://localhost:8080]
2026-09-22 17:13:34 [main] INFO  com.tic.tac.toe.Application - Started Application
2026-09-22 17:13:35 [WebSocketWorker-13] WARN  c.t.t.t.p.socket.SocketServer - Invalid access token.
2026-09-22 17:13:36 [WebSocketSelector-27] INFO  c.t.t.t.p.s.c.ConnectionManager - Getting connection by websocket
2026-09-22 17:13:36 [WebSocketSelector-27] WARN  c.t.t.t.p.s.c.ConnectionManager - Not found connection by websocket
2026-09-22 17:13:36 [WebSocketSelector-27] WARN  c.t.t.t.p.socket.SocketServer - Close connection. [code=1008] [reason=Invalid access token]
2026-09-22 17:14:05 [main] INFO  c.t.t.t.i.config.Environment - Instance Environment initialized.
2026-09-22 17:14:05 [main] INFO  c.t.t.t.p.s.c.ConnectionManager - Instance ConnectionManager initialized.
2026-09-22 17:14:05 [main] INFO  c.t.t.t.p.socket.room.RoomManager - Instance RoomManager initialized.
2026-09-22 17:14:05 [main] INFO  c.t.t.t.p.s.e.ExceptionSocketHandler - Instance ExceptionHttpHandler initialized.
2026-09-22 17:14:05 [main] INFO  c.t.t.t.i.security.JwtService - Instance JwtService initialized.
2026-09-22 17:14:05 [WebSocketSelector-29] INFO  c.t.t.t.p.socket.SocketServer - WebSocketServer started successfully. [port=8081] [url=ws://localhost:8081]
2026-09-22 17:14:05 [main] INFO  org.eclipse.jetty.util.log - Logging initialized @614ms to org.eclipse.jetty.util.log.Slf4jLog
2026-09-22 17:14:05 [main] INFO  io.javalin.Javalin - Starting Javalin ...
2026-09-22 17:14:05 [main] INFO  io.javalin.Javalin - You are running Javalin 4.6.8 (released May 4, 2023. Your Javalin version is 1237 days old. Consider checking for a newer version.).
2026-09-22 17:14:05 [main] INFO  io.javalin.Javalin - Listening on http://localhost:8080/
2026-09-22 17:14:05 [main] INFO  io.javalin.Javalin - Javalin started in 159ms \o/
2026-09-22 17:14:06 [main] INFO  c.t.t.t.i.persistence.jpa.JpaUtil - Instance JpaUtil initialized.
2026-09-22 17:14:06 [main] INFO  c.t.t.t.i.p.j.r.UserJpaRepository - Instance UserJpaRepository initialized.
2026-09-22 17:14:06 [main] INFO  c.t.t.t.a.service.AuthServiceImpl - Instance AuthServiceImpl initialized. [InstanceId=1241480588]
2026-09-22 17:14:06 [main] INFO  c.t.t.t.p.h.c.AuthController - Instance AuthController initialized.
2026-09-22 17:14:06 [main] INFO  c.t.t.t.presentation.http.HttpServer - Instance HttpServer initialized.
2026-09-22 17:14:06 [main] INFO  c.t.t.t.presentation.http.HttpServer - HttpServer started successfully. [port=8080] [url=http://localhost:8080]
2026-09-22 17:14:06 [main] INFO  com.tic.tac.toe.Application - Started Application
2026-09-22 17:14:08 [WebSocketWorker-13] INFO  c.t.t.t.p.s.c.ConnectionManager - A connection added on manager. [connectionId=338337fc-335a-450a-87b5-dec1335e3b77] [userId=fa31ffee-0e0c-48e9-b6c2-bd6d19e8c32f]
2026-09-22 17:14:10 [WebSocketSelector-29] INFO  c.t.t.t.p.s.c.ConnectionManager - Getting connection by websocket
2026-09-22 17:14:10 [WebSocketSelector-29] INFO  c.t.t.t.p.s.c.ConnectionManager - Got connection by websocket. [connectionId=338337fc-335a-450a-87b5-dec1335e3b77] [userId=fa31ffee-0e0c-48e9-b6c2-bd6d19e8c32f]
2026-09-22 17:14:10 [WebSocketSelector-29] INFO  c.t.t.t.p.s.c.ConnectionManager - Connection removed successfully. [connectionId=338337fc-335a-450a-87b5-dec1335e3b77] [userId=fa31ffee-0e0c-48e9-b6c2-bd6d19e8c32f]
2026-09-22 17:14:10 [WebSocketSelector-29] WARN  c.t.t.t.p.socket.SocketServer - Close connection. [connectionId=338337fc-335a-450a-87b5-dec1335e3b77] [userId=fa31ffee-0e0c-48e9-b6c2-bd6d19e8c32f] [code=1000] [reason=]
2026-09-22 17:18:36 [main] INFO  c.t.t.t.i.config.Environment - Instance Environment initialized.
2026-09-22 17:18:36 [main] INFO  c.t.t.t.p.s.c.ConnectionManager - Instance ConnectionManager initialized.
2026-09-22 17:18:36 [main] INFO  c.t.t.t.p.socket.room.RoomManager - Instance RoomManager initialized.
2026-09-22 17:18:37 [main] INFO  c.t.t.t.p.s.e.ExceptionSocketHandler - Instance ExceptionHttpHandler initialized.
2026-09-22 17:18:37 [main] INFO  c.t.t.t.i.security.JwtService - Instance JwtService initialized.
2026-09-22 17:18:37 [WebSocketSelector-29] INFO  c.t.t.t.p.socket.SocketServer - WebSocketServer started successfully. [port=8081] [url=ws://localhost:8081]
2026-09-22 17:18:37 [main] INFO  org.eclipse.jetty.util.log - Logging initialized @627ms to org.eclipse.jetty.util.log.Slf4jLog
2026-09-22 17:18:37 [main] INFO  io.javalin.Javalin - Starting Javalin ...
2026-09-22 17:18:37 [main] INFO  io.javalin.Javalin - You are running Javalin 4.6.8 (released May 4, 2023. Your Javalin version is 1237 days old. Consider checking for a newer version.).
2026-09-22 17:18:37 [main] INFO  io.javalin.Javalin - Listening on http://localhost:8080/
2026-09-22 17:18:37 [main] INFO  io.javalin.Javalin - Javalin started in 172ms \o/
2026-09-22 17:18:37 [main] INFO  c.t.t.t.i.persistence.jpa.JpaUtil - Instance JpaUtil initialized.
2026-09-22 17:18:37 [main] INFO  c.t.t.t.i.p.j.r.UserJpaRepository - Instance UserJpaRepository initialized.
2026-09-22 17:18:37 [main] INFO  c.t.t.t.a.service.AuthServiceImpl - Instance AuthServiceImpl initialized. [InstanceId=1241480588]
2026-09-22 17:18:37 [main] INFO  c.t.t.t.p.h.c.AuthController - Instance AuthController initialized.
2026-09-22 17:18:37 [main] INFO  c.t.t.t.presentation.http.HttpServer - Instance HttpServer initialized.
2026-09-22 17:18:37 [main] INFO  c.t.t.t.presentation.http.HttpServer - HttpServer started successfully. [port=8080] [url=http://localhost:8080]
2026-09-22 17:18:37 [main] INFO  com.tic.tac.toe.Application - Started Application
2026-09-22 18:56:08 [main] INFO  c.t.t.t.i.config.Environment - Instance Environment initialized.
2026-09-22 18:56:08 [main] INFO  c.t.t.t.p.s.c.ConnectionManager - Instance ConnectionManager initialized.
2026-09-22 18:56:08 [main] INFO  c.t.t.t.p.socket.room.RoomManager - Instance RoomManager initialized.
2026-09-22 18:56:08 [main] INFO  c.t.t.t.p.s.e.ExceptionSocketHandler - Instance ExceptionHttpHandler initialized.
2026-09-22 18:56:08 [main] INFO  c.t.t.t.i.security.JwtService - Instance JwtService initialized.
2026-09-22 18:56:08 [WebSocketSelector-26] INFO  c.t.t.t.p.socket.SocketServer - WebSocketServer started successfully. [port=8081] [url=ws://localhost:8081]
2026-09-22 18:56:08 [main] INFO  org.eclipse.jetty.util.log - Logging initialized @682ms to org.eclipse.jetty.util.log.Slf4jLog
2026-09-22 18:56:08 [main] INFO  io.javalin.Javalin - Starting Javalin ...
2026-09-22 18:56:08 [main] INFO  io.javalin.Javalin - You are running Javalin 4.6.8 (released May 4, 2023. Your Javalin version is 1237 days old. Consider checking for a newer version.).
2026-09-22 18:56:08 [main] INFO  io.javalin.Javalin - Listening on http://localhost:8080/
2026-09-22 18:56:08 [main] INFO  io.javalin.Javalin - Javalin started in 152ms \o/
2026-09-22 18:56:09 [main] INFO  c.t.t.t.i.persistence.jpa.JpaUtil - Instance JpaUtil initialized.
2026-09-22 18:56:09 [main] INFO  c.t.t.t.i.p.j.r.UserJpaRepository - Instance UserJpaRepository initialized.
2026-09-22 18:56:09 [main] INFO  c.t.t.t.a.service.AuthServiceImpl - Instance AuthServiceImpl initialized. [InstanceId=1355887174]
2026-09-22 18:56:09 [main] INFO  c.t.t.t.p.h.c.AuthController - Instance AuthController initialized.
2026-09-22 18:56:09 [main] INFO  c.t.t.t.presentation.http.HttpServer - Instance HttpServer initialized.
2026-09-22 18:56:09 [main] INFO  c.t.t.t.presentation.http.HttpServer - HttpServer started successfully. [port=8080] [url=http://localhost:8080]
2026-09-22 18:56:09 [main] INFO  com.tic.tac.toe.Application - Started Application
2026-09-22 18:56:15 [main] INFO  c.t.t.t.i.config.Environment - Instance Environment initialized.
2026-09-22 18:56:15 [main] INFO  c.t.t.t.p.s.c.ConnectionManager - Instance ConnectionManager initialized.
2026-09-22 18:56:15 [main] INFO  c.t.t.t.p.socket.room.RoomManager - Instance RoomManager initialized.
2026-09-22 18:56:15 [main] INFO  c.t.t.t.p.s.e.ExceptionSocketHandler - Instance ExceptionHttpHandler initialized.
2026-09-22 18:56:15 [main] INFO  c.t.t.t.i.security.JwtService - Instance JwtService initialized.
2026-09-22 18:56:15 [WebSocketSelector-27] INFO  c.t.t.t.p.socket.SocketServer - WebSocketServer started successfully. [port=8081] [url=ws://localhost:8081]
2026-09-22 18:56:15 [main] INFO  org.eclipse.jetty.util.log - Logging initialized @705ms to org.eclipse.jetty.util.log.Slf4jLog
2026-09-22 18:56:15 [main] INFO  io.javalin.Javalin - Starting Javalin ...
2026-09-22 18:56:15 [main] INFO  io.javalin.Javalin - You are running Javalin 4.6.8 (released May 4, 2023. Your Javalin version is 1237 days old. Consider checking for a newer version.).
2026-09-22 18:56:16 [main] INFO  io.javalin.Javalin - Listening on http://localhost:8080/
2026-09-22 18:56:16 [main] INFO  io.javalin.Javalin - Javalin started in 158ms \o/
2026-09-22 18:56:16 [main] INFO  c.t.t.t.i.persistence.jpa.JpaUtil - Instance JpaUtil initialized.
2026-09-22 18:56:16 [main] INFO  c.t.t.t.i.p.j.r.UserJpaRepository - Instance UserJpaRepository initialized.
2026-09-22 18:56:16 [main] INFO  c.t.t.t.a.service.AuthServiceImpl - Instance AuthServiceImpl initialized. [InstanceId=49222910]
2026-09-22 18:56:16 [main] INFO  c.t.t.t.p.h.c.AuthController - Instance AuthController initialized.
2026-09-22 18:56:16 [main] INFO  c.t.t.t.presentation.http.HttpServer - Instance HttpServer initialized.
2026-09-22 18:56:16 [main] INFO  c.t.t.t.presentation.http.HttpServer - HttpServer started successfully. [port=8080] [url=http://localhost:8080]
2026-09-22 18:56:16 [main] INFO  com.tic.tac.toe.Application - Started Application
2026-09-22 19:00:25 [main] INFO  c.t.t.t.i.config.Environment - Instance Environment initialized.
2026-09-22 19:00:25 [main] INFO  c.t.t.t.p.s.c.ConnectionManager - Instance ConnectionManager initialized.
2026-09-22 19:00:25 [main] INFO  c.t.t.t.p.socket.room.RoomManager - Instance RoomManager initialized.
2026-09-22 19:00:25 [main] INFO  c.t.t.t.p.s.e.ExceptionSocketHandler - Instance ExceptionHttpHandler initialized.
2026-09-22 19:00:25 [main] INFO  c.t.t.t.i.security.JwtService - Instance JwtService initialized.
2026-09-22 19:00:25 [WebSocketSelector-29] INFO  c.t.t.t.p.socket.SocketServer - WebSocketServer started successfully. [port=8081] [url=ws://localhost:8081]
2026-09-22 19:00:25 [main] INFO  org.eclipse.jetty.util.log - Logging initialized @650ms to org.eclipse.jetty.util.log.Slf4jLog
2026-09-22 19:00:25 [main] INFO  io.javalin.Javalin - Starting Javalin ...
2026-09-22 19:00:25 [main] INFO  io.javalin.Javalin - You are running Javalin 4.6.8 (released May 4, 2023. Your Javalin version is 1237 days old. Consider checking for a newer version.).
2026-09-22 19:00:26 [main] INFO  io.javalin.Javalin - Listening on http://localhost:8080/
2026-09-22 19:00:26 [main] INFO  io.javalin.Javalin - Javalin started in 159ms \o/
2026-09-22 19:00:26 [main] INFO  c.t.t.t.i.persistence.jpa.JpaUtil - Instance JpaUtil initialized.
2026-09-22 19:00:26 [main] INFO  c.t.t.t.i.p.j.r.UserJpaRepository - Instance UserJpaRepository initialized.
2026-09-22 19:00:26 [main] INFO  c.t.t.t.a.service.AuthServiceImpl - Instance AuthServiceImpl initialized. [InstanceId=1997548433]
2026-09-22 19:00:26 [main] INFO  c.t.t.t.p.h.c.AuthController - Instance AuthController initialized.
2026-09-22 19:00:26 [main] INFO  c.t.t.t.presentation.http.HttpServer - Instance HttpServer initialized.
2026-09-22 19:00:26 [main] INFO  c.t.t.t.presentation.http.HttpServer - HttpServer started successfully. [port=8080] [url=http://localhost:8080]
2026-09-22 19:00:26 [main] INFO  com.tic.tac.toe.Application - Started Application
2026-09-22 19:00:49 [WebSocketWorker-13] INFO  c.t.t.t.p.s.c.ConnectionManager - A connection added on manager. [connectionId=8b5daed6-baec-4018-ba58-fe069916ef75] [userId=fa31ffee-0e0c-48e9-b6c2-bd6d19e8c32f]
2026-09-22 19:01:14 [WebSocketWorker-13] INFO  c.t.t.t.p.s.c.ConnectionManager - Getting connection by websocket
2026-09-22 19:01:14 [WebSocketWorker-13] INFO  c.t.t.t.p.s.c.ConnectionManager - Got connection by websocket. [connectionId=8b5daed6-baec-4018-ba58-fe069916ef75] [userId=fa31ffee-0e0c-48e9-b6c2-bd6d19e8c32f]
2026-09-22 19:01:14 [WebSocketWorker-13] INFO  c.t.t.t.p.s.c.ConnectionManager - Sending message on broadcast
2026-09-22 19:01:14 [WebSocketWorker-13] INFO  c.t.t.t.p.s.c.ConnectionManager - Send message to connection. [connectionId=8b5daed6-baec-4018-ba58-fe069916ef75] [userId=fa31ffee-0e0c-48e9-b6c2-bd6d19e8c32f]
2026-09-22 19:01:31 [WebSocketWorker-14] INFO  c.t.t.t.p.s.c.ConnectionManager - A connection added on manager. [connectionId=adfc18c6-d321-4df2-af07-5c3e2021780a] [userId=fa31ffee-0e0c-48e9-b6c2-bd6d19e8c32f]
2026-09-22 19:01:34 [WebSocketWorker-13] INFO  c.t.t.t.p.s.c.ConnectionManager - Getting connection by websocket
2026-09-22 19:01:34 [WebSocketWorker-13] INFO  c.t.t.t.p.s.c.ConnectionManager - Got connection by websocket. [connectionId=8b5daed6-baec-4018-ba58-fe069916ef75] [userId=fa31ffee-0e0c-48e9-b6c2-bd6d19e8c32f]
2026-09-22 19:01:34 [WebSocketWorker-13] INFO  c.t.t.t.p.s.c.ConnectionManager - Sending message on broadcast
2026-09-22 19:01:34 [WebSocketWorker-13] INFO  c.t.t.t.p.s.c.ConnectionManager - Send message to connection. [connectionId=8b5daed6-baec-4018-ba58-fe069916ef75] [userId=fa31ffee-0e0c-48e9-b6c2-bd6d19e8c32f]
2026-09-22 19:01:34 [WebSocketWorker-13] INFO  c.t.t.t.p.s.c.ConnectionManager - Send message to connection. [connectionId=adfc18c6-d321-4df2-af07-5c3e2021780a] [userId=fa31ffee-0e0c-48e9-b6c2-bd6d19e8c32f]
2026-09-22 19:01:39 [WebSocketSelector-29] INFO  c.t.t.t.p.s.c.ConnectionManager - Getting connection by websocket
2026-09-22 19:01:39 [WebSocketSelector-29] INFO  c.t.t.t.p.s.c.ConnectionManager - Got connection by websocket. [connectionId=adfc18c6-d321-4df2-af07-5c3e2021780a] [userId=fa31ffee-0e0c-48e9-b6c2-bd6d19e8c32f]
2026-09-22 19:01:39 [WebSocketSelector-29] INFO  c.t.t.t.p.s.c.ConnectionManager - Connection removed successfully. [connectionId=adfc18c6-d321-4df2-af07-5c3e2021780a] [userId=fa31ffee-0e0c-48e9-b6c2-bd6d19e8c32f]
2026-09-22 19:01:39 [WebSocketSelector-29] WARN  c.t.t.t.p.socket.SocketServer - Close connection. [connectionId=adfc18c6-d321-4df2-af07-5c3e2021780a] [userId=fa31ffee-0e0c-48e9-b6c2-bd6d19e8c32f] [code=1000] [reason=]
2026-09-22 19:01:42 [WebSocketSelector-29] INFO  c.t.t.t.p.s.c.ConnectionManager - Getting connection by websocket
2026-09-22 19:01:42 [WebSocketSelector-29] INFO  c.t.t.t.p.s.c.ConnectionManager - Got connection by websocket. [connectionId=8b5daed6-baec-4018-ba58-fe069916ef75] [userId=fa31ffee-0e0c-48e9-b6c2-bd6d19e8c32f]
2026-09-22 19:01:42 [WebSocketSelector-29] INFO  c.t.t.t.p.s.c.ConnectionManager - Connection removed successfully. [connectionId=8b5daed6-baec-4018-ba58-fe069916ef75] [userId=fa31ffee-0e0c-48e9-b6c2-bd6d19e8c32f]
2026-09-22 19:01:42 [WebSocketSelector-29] WARN  c.t.t.t.p.socket.SocketServer - Close connection. [connectionId=8b5daed6-baec-4018-ba58-fe069916ef75] [userId=fa31ffee-0e0c-48e9-b6c2-bd6d19e8c32f] [code=1000] [reason=]
2026-09-23 13:57:39 [main] INFO  c.t.t.t.i.config.Environment - Instance Environment initialized.
2026-09-23 13:57:39 [main] INFO  c.t.t.t.i.persistence.jpa.JpaUtil - Instance JpaUtil initialized.
2026-09-23 13:57:39 [main] INFO  c.t.t.t.i.p.j.r.UserJpaRepository - Instance UserJpaRepository initialized.
2026-09-23 13:57:39 [main] INFO  c.t.t.t.i.security.JwtService - Instance JwtService initialized.
2026-09-23 13:57:39 [main] INFO  c.t.t.t.a.service.AuthServiceImpl - Instance AuthServiceImpl initialized. [InstanceId=1928931046]
2026-09-23 13:57:39 [main] INFO  c.t.t.t.p.h.c.AuthController - Instance AuthController initialized.
2026-09-23 13:57:39 [main] INFO  c.t.t.t.p.s.c.ConnectionManager - Instance ConnectionManager initialized.
2026-09-23 13:57:39 [main] INFO  c.t.t.t.p.socket.room.RoomManager - Instance RoomManager initialized.
2026-09-23 13:57:39 [main] INFO  c.t.t.t.p.s.e.ExceptionSocketHandler - Instance ExceptionHttpHandler initialized.
2026-09-23 13:57:39 [WebSocketSelector-29] INFO  c.t.t.t.p.socket.SocketServer - WebSocketServer started successfully. [port=8081] [url=ws://localhost:8081]
2026-09-23 13:57:39 [main] INFO  org.eclipse.jetty.util.log - Logging initialized @1441ms to org.eclipse.jetty.util.log.Slf4jLog
2026-09-23 13:57:39 [main] INFO  io.javalin.Javalin - Starting Javalin ...
2026-09-23 13:57:39 [main] INFO  io.javalin.Javalin - You are running Javalin 4.6.8 (released May 4, 2023. Your Javalin version is 1238 days old. Consider checking for a newer version.).
2026-09-23 13:57:39 [main] INFO  io.javalin.Javalin - Listening on http://localhost:8080/
2026-09-23 13:57:39 [main] INFO  io.javalin.Javalin - Javalin started in 156ms \o/
2026-09-23 13:57:39 [main] INFO  c.t.t.t.presentation.http.HttpServer - Instance HttpServer initialized.
2026-09-23 13:57:39 [main] INFO  c.t.t.t.presentation.http.HttpServer - HttpServer started successfully. [port=8080] [url=http://localhost:8080]
2026-09-23 13:57:39 [main] INFO  com.tic.tac.toe.Application - Started Application
2026-09-23 14:02:15 [main] INFO  c.t.t.t.i.config.Environment - Instance Environment initialized.
2026-09-23 14:02:16 [main] INFO  c.t.t.t.i.persistence.jpa.JpaUtil - Instance JpaUtil initialized.
2026-09-23 14:02:16 [main] INFO  c.t.t.t.i.p.j.r.UserJpaRepository - Instance UserJpaRepository initialized.
2026-09-23 14:02:16 [main] INFO  c.t.t.t.i.security.JwtService - Instance JwtService initialized.
2026-09-23 14:02:16 [main] INFO  c.t.t.t.a.service.AuthServiceImpl - Instance AuthServiceImpl initialized. [InstanceId=365181913]
2026-09-23 14:02:16 [main] INFO  c.t.t.t.p.h.c.AuthController - Instance AuthController initialized.
2026-09-23 14:02:16 [main] INFO  c.t.t.t.p.s.c.ConnectionManager - Instance ConnectionManager initialized.
2026-09-23 14:02:16 [main] INFO  c.t.t.t.p.socket.room.RoomManager - Instance RoomManager initialized.
2026-09-23 14:02:16 [main] INFO  c.t.t.t.p.s.e.ExceptionSocketHandler - Instance ExceptionHttpHandler initialized.
2026-09-23 14:02:16 [WebSocketSelector-29] INFO  c.t.t.t.p.socket.SocketServer - WebSocketServer started successfully. [port=8081] [url=ws://localhost:8081]
2026-09-23 14:02:16 [main] INFO  org.eclipse.jetty.util.log - Logging initialized @932ms to org.eclipse.jetty.util.log.Slf4jLog
2026-09-23 14:02:16 [main] INFO  io.javalin.Javalin - Starting Javalin ...
2026-09-23 14:02:16 [main] INFO  io.javalin.Javalin - You are running Javalin 4.6.8 (released May 4, 2023. Your Javalin version is 1238 days old. Consider checking for a newer version.).
2026-09-23 14:02:16 [main] INFO  io.javalin.Javalin - Listening on http://localhost:8080/
2026-09-23 14:02:16 [main] INFO  io.javalin.Javalin - Javalin started in 124ms \o/
2026-09-23 14:02:16 [main] INFO  c.t.t.t.presentation.http.HttpServer - Instance HttpServer initialized.
2026-09-23 14:02:16 [main] INFO  c.t.t.t.presentation.http.HttpServer - HttpServer started successfully. [port=8080] [url=http://localhost:8080]
2026-09-23 14:02:16 [main] INFO  com.tic.tac.toe.Application - Started Application
2026-09-23 14:36:13 [main] INFO  c.t.t.t.i.config.Environment - Instance Environment initialized.
2026-09-23 14:36:14 [main] INFO  c.t.t.t.i.persistence.jpa.JpaUtil - Instance JpaUtil initialized.
2026-09-23 14:36:14 [main] INFO  c.t.t.t.i.p.j.r.UserJpaRepository - Instance UserJpaRepository initialized.
2026-09-23 14:36:14 [main] INFO  c.t.t.t.i.security.JwtService - Instance JwtService initialized.
2026-09-23 14:36:14 [main] INFO  c.t.t.t.a.service.AuthServiceImpl - Instance AuthServiceImpl initialized. [InstanceId=365181913]
2026-09-23 14:36:14 [main] INFO  c.t.t.t.p.h.c.AuthController - Instance AuthController initialized.
2026-09-23 14:36:14 [main] INFO  c.t.t.t.p.s.c.ConnectionManager - Instance ConnectionManager initialized.
2026-09-23 14:36:14 [main] INFO  c.t.t.t.p.socket.room.RoomManager - Instance RoomManager initialized.
2026-09-23 14:36:14 [main] INFO  c.t.t.t.p.socket.room.RoomManager - Instance RoomManager initialized.
2026-09-23 14:36:14 [main] INFO  c.t.t.t.p.s.e.ExceptionSocketHandler - Instance ExceptionHttpHandler initialized.
2026-09-23 14:36:14 [WebSocketSelector-29] INFO  c.t.t.t.p.socket.SocketServer - WebSocketServer started successfully. [port=8081] [url=ws://localhost:8081]
2026-09-23 14:36:14 [main] INFO  org.eclipse.jetty.util.log - Logging initialized @1212ms to org.eclipse.jetty.util.log.Slf4jLog
2026-09-23 14:36:14 [main] INFO  io.javalin.Javalin - Starting Javalin ...
2026-09-23 14:36:14 [main] INFO  io.javalin.Javalin - You are running Javalin 4.6.8 (released May 4, 2023. Your Javalin version is 1238 days old. Consider checking for a newer version.).
2026-09-23 14:36:14 [main] INFO  io.javalin.Javalin - Listening on http://localhost:8080/
2026-09-23 14:36:14 [main] INFO  io.javalin.Javalin - Javalin started in 147ms \o/
2026-09-23 14:36:14 [main] INFO  c.t.t.t.presentation.http.HttpServer - Instance HttpServer initialized.
2026-09-23 14:36:14 [main] INFO  c.t.t.t.presentation.http.HttpServer - HttpServer started successfully. [port=8080] [url=http://localhost:8080]
2026-09-23 14:36:14 [main] INFO  com.tic.tac.toe.Application - Started Application
2026-09-23 14:36:21 [JettyServerThreadPool-44] INFO  c.t.t.t.presentation.http.HttpServer - METHOD: POST, HOST: localhost:8080, PATH: /api/v1/auth/login, CONTENT_LENGTH: 73
2026-09-23 14:36:21 [JettyServerThreadPool-44] INFO  c.t.t.t.a.service.AuthServiceImpl - Trying login. [email=testfasdeaee@eemail.com]
2026-09-23 14:36:22 [JettyServerThreadPool-44] INFO  c.t.t.t.a.service.AuthServiceImpl - Login successfully. [userId=fa31ffee-0e0c-48e9-b6c2-bd6d19e8c32f]
2026-09-23 14:36:25 [JettyServerThreadPool-32] INFO  c.t.t.t.presentation.http.HttpServer - METHOD: POST, HOST: localhost:8080, PATH: /api/v1/auth/login, CONTENT_LENGTH: 73
2026-09-23 14:36:25 [JettyServerThreadPool-32] INFO  c.t.t.t.a.service.AuthServiceImpl - Trying login. [email=testfasdeaee@eemail.com]
2026-09-23 14:36:25 [JettyServerThreadPool-32] INFO  c.t.t.t.a.service.AuthServiceImpl - Login successfully. [userId=fa31ffee-0e0c-48e9-b6c2-bd6d19e8c32f]
2026-09-23 14:36:27 [WebSocketWorker-17] INFO  c.t.t.t.p.s.c.ConnectionManager - A connection added on manager. [connectionId=52c96425-dada-471e-9df3-72f647f8a0ec] [userId=fa31ffee-0e0c-48e9-b6c2-bd6d19e8c32f]
2026-09-23 14:36:33 [WebSocketWorker-17] INFO  c.t.t.t.p.s.c.ConnectionManager - Getting connection by websocket
2026-09-23 14:36:33 [WebSocketWorker-17] INFO  c.t.t.t.p.s.c.ConnectionManager - Got connection by websocket. [connectionId=52c96425-dada-471e-9df3-72f647f8a0ec] [userId=fa31ffee-0e0c-48e9-b6c2-bd6d19e8c32f]
2026-09-23 14:36:33 [WebSocketWorker-17] INFO  c.t.t.t.p.s.c.ConnectionManager - Sending message on broadcast
2026-09-23 14:36:33 [WebSocketWorker-17] INFO  c.t.t.t.p.s.c.ConnectionManager - Send message to connection. [connectionId=52c96425-dada-471e-9df3-72f647f8a0ec] [userId=fa31ffee-0e0c-48e9-b6c2-bd6d19e8c32f]
2026-09-23 14:36:37 [WebSocketWorker-18] INFO  c.t.t.t.p.s.c.ConnectionManager - A connection added on manager. [connectionId=8412b37a-32af-4817-81b8-56f95a2de811] [userId=fa31ffee-0e0c-48e9-b6c2-bd6d19e8c32f]
2026-09-23 14:36:40 [WebSocketWorker-17] INFO  c.t.t.t.p.s.c.ConnectionManager - Getting connection by websocket
2026-09-23 14:36:40 [WebSocketWorker-17] INFO  c.t.t.t.p.s.c.ConnectionManager - Got connection by websocket. [connectionId=52c96425-dada-471e-9df3-72f647f8a0ec] [userId=fa31ffee-0e0c-48e9-b6c2-bd6d19e8c32f]
2026-09-23 14:36:40 [WebSocketWorker-17] INFO  c.t.t.t.p.s.c.ConnectionManager - Sending message on broadcast
2026-09-23 14:36:40 [WebSocketWorker-17] INFO  c.t.t.t.p.s.c.ConnectionManager - Send message to connection. [connectionId=52c96425-dada-471e-9df3-72f647f8a0ec] [userId=fa31ffee-0e0c-48e9-b6c2-bd6d19e8c32f]
2026-09-23 14:36:40 [WebSocketWorker-17] INFO  c.t.t.t.p.s.c.ConnectionManager - Send message to connection. [connectionId=8412b37a-32af-4817-81b8-56f95a2de811] [userId=fa31ffee-0e0c-48e9-b6c2-bd6d19e8c32f]
2026-09-23 14:36:43 [WebSocketSelector-29] INFO  c.t.t.t.p.s.c.ConnectionManager - Getting connection by websocket
2026-09-23 14:36:43 [WebSocketSelector-29] INFO  c.t.t.t.p.s.c.ConnectionManager - Got connection by websocket. [connectionId=8412b37a-32af-4817-81b8-56f95a2de811] [userId=fa31ffee-0e0c-48e9-b6c2-bd6d19e8c32f]
2026-09-23 14:36:43 [WebSocketSelector-29] INFO  c.t.t.t.p.s.c.ConnectionManager - Connection removed successfully. [connectionId=8412b37a-32af-4817-81b8-56f95a2de811] [userId=fa31ffee-0e0c-48e9-b6c2-bd6d19e8c32f]
2026-09-23 14:36:43 [WebSocketSelector-29] WARN  c.t.t.t.p.socket.SocketServer - Close connection. [connectionId=8412b37a-32af-4817-81b8-56f95a2de811] [userId=fa31ffee-0e0c-48e9-b6c2-bd6d19e8c32f] [code=1000] [reason=]
2026-09-23 14:36:44 [WebSocketSelector-29] INFO  c.t.t.t.p.s.c.ConnectionManager - Getting connection by websocket
2026-09-23 14:36:44 [WebSocketSelector-29] INFO  c.t.t.t.p.s.c.ConnectionManager - Got connection by websocket. [connectionId=52c96425-dada-471e-9df3-72f647f8a0ec] [userId=fa31ffee-0e0c-48e9-b6c2-bd6d19e8c32f]
2026-09-23 14:36:44 [WebSocketSelector-29] INFO  c.t.t.t.p.s.c.ConnectionManager - Connection removed successfully. [connectionId=52c96425-dada-471e-9df3-72f647f8a0ec] [userId=fa31ffee-0e0c-48e9-b6c2-bd6d19e8c32f]
2026-09-23 14:36:44 [WebSocketSelector-29] WARN  c.t.t.t.p.socket.SocketServer - Close connection. [connectionId=52c96425-dada-471e-9df3-72f647f8a0ec] [userId=fa31ffee-0e0c-48e9-b6c2-bd6d19e8c32f] [code=1000] [reason=]
2026-09-23 14:38:51 [main] INFO  c.t.t.t.i.config.Environment - Instance Environment initialized.
2026-09-23 14:38:51 [main] INFO  c.t.t.t.i.security.JwtService - Instance JwtService initialized.
2026-09-23 14:38:51 [main] INFO  c.t.t.t.i.persistence.jpa.JpaUtil - Instance JpaUtil initialized.
2026-09-23 14:38:51 [main] INFO  c.t.t.t.i.p.j.r.UserJpaRepository - Instance UserJpaRepository initialized.
2026-09-23 14:38:51 [main] INFO  c.t.t.t.a.service.AuthServiceImpl - Instance AuthServiceImpl initialized. [InstanceId=1327536153]
2026-09-23 14:38:51 [main] INFO  c.t.t.t.p.h.c.AuthController - Instance AuthController initialized.
2026-09-23 14:38:51 [main] INFO  c.t.t.t.p.s.c.ConnectionManager - Instance ConnectionManager initialized.
2026-09-23 14:38:51 [main] INFO  c.t.t.t.p.socket.room.RoomManager - Instance RoomManager initialized.
2026-09-23 14:38:51 [main] INFO  c.t.t.t.p.socket.room.RoomManager - Instance RoomManager initialized.
2026-09-23 14:38:51 [main] INFO  c.t.t.t.p.s.e.ExceptionSocketHandler - Instance ExceptionHttpHandler initialized.
2026-09-23 14:38:51 [WebSocketSelector-29] INFO  c.t.t.t.p.socket.SocketServer - WebSocketServer started successfully. [port=8081] [url=ws://localhost:8081]
2026-09-23 14:38:51 [main] INFO  org.eclipse.jetty.util.log - Logging initialized @925ms to org.eclipse.jetty.util.log.Slf4jLog
2026-09-23 14:38:51 [main] INFO  io.javalin.Javalin - Starting Javalin ...
2026-09-23 14:38:51 [main] INFO  io.javalin.Javalin - You are running Javalin 4.6.8 (released May 4, 2023. Your Javalin version is 1238 days old. Consider checking for a newer version.).
2026-09-23 14:38:52 [main] INFO  io.javalin.Javalin - Listening on http://localhost:8080/
2026-09-23 14:38:52 [main] INFO  io.javalin.Javalin - Javalin started in 144ms \o/
2026-09-23 14:38:52 [main] INFO  c.t.t.t.presentation.http.HttpServer - Instance HttpServer initialized.
2026-09-23 14:38:52 [main] INFO  c.t.t.t.presentation.http.HttpServer - HttpServer started successfully. [port=8080] [url=http://localhost:8080]
2026-09-23 14:38:52 [main] INFO  com.tic.tac.toe.Application - Started Application
2026-09-23 15:43:32 [main] INFO  c.t.t.t.i.config.Environment - Instance Environment initialized.
2026-09-23 15:43:32 [main] INFO  c.t.t.t.i.security.JwtService - Instance JwtService initialized.
2026-09-23 15:43:33 [main] INFO  c.t.t.t.i.persistence.jpa.JpaUtil - Instance JpaUtil initialized.
2026-09-23 15:43:33 [main] INFO  c.t.t.t.i.p.j.r.UserJpaRepository - Instance UserJpaRepository initialized.
2026-09-23 15:43:33 [main] INFO  c.t.t.t.a.service.AuthServiceImpl - Instance AuthServiceImpl initialized. [InstanceId=1928931046]
2026-09-23 15:43:33 [main] INFO  c.t.t.t.a.service.UserServiceImpl - Instance UserServiceImpl initialized. [InstanceId=1034568234]
2026-09-23 15:43:33 [main] INFO  c.t.t.t.p.h.c.AuthController - Instance AuthController initialized.
2026-09-23 15:43:33 [main] INFO  c.t.t.t.p.s.c.ConnectionManager - Instance ConnectionManager initialized.
2026-09-23 15:43:33 [main] INFO  c.t.t.t.p.socket.room.RoomManager - Instance RoomManager initialized.
2026-09-23 15:43:33 [main] INFO  c.t.t.t.p.s.e.ExceptionSocketHandler - Instance ExceptionHttpHandler initialized.
2026-09-23 15:43:33 [WebSocketSelector-29] INFO  c.t.t.t.p.socket.SocketServer - WebSocketServer started successfully. [port=8081] [url=ws://localhost:8081]
2026-09-23 15:43:33 [main] INFO  org.eclipse.jetty.util.log - Logging initialized @1022ms to org.eclipse.jetty.util.log.Slf4jLog
2026-09-23 15:43:33 [main] INFO  io.javalin.Javalin - Starting Javalin ...
2026-09-23 15:43:33 [main] INFO  io.javalin.Javalin - You are running Javalin 4.6.8 (released May 4, 2023. Your Javalin version is 1238 days old. Consider checking for a newer version.).
2026-09-23 15:43:33 [main] INFO  io.javalin.Javalin - Listening on http://localhost:8080/
2026-09-23 15:43:33 [main] INFO  io.javalin.Javalin - Javalin started in 127ms \o/
2026-09-23 15:43:33 [main] INFO  c.t.t.t.presentation.http.HttpServer - Instance HttpServer initialized.
2026-09-23 15:43:33 [main] INFO  c.t.t.t.presentation.http.HttpServer - HttpServer started successfully. [port=8080] [url=http://localhost:8080]
2026-09-23 15:43:33 [main] INFO  com.tic.tac.toe.Application - Started Application
2026-09-23 15:50:19 [main] INFO  c.t.t.t.i.config.Environment - Instance Environment initialized.
2026-09-23 15:50:19 [main] INFO  c.t.t.t.i.security.JwtService - Instance JwtService initialized.
2026-09-23 15:50:19 [main] INFO  c.t.t.t.i.persistence.jpa.JpaUtil - Instance JpaUtil initialized.
2026-09-23 15:50:19 [main] INFO  c.t.t.t.i.p.j.r.UserJpaRepository - Instance UserJpaRepository initialized.
2026-09-23 15:50:19 [main] INFO  c.t.t.t.a.service.AuthServiceImpl - Instance AuthServiceImpl initialized. [InstanceId=1923598304]
2026-09-23 15:50:19 [main] INFO  c.t.t.t.a.service.UserServiceImpl - Instance UserServiceImpl initialized. [InstanceId=776700275]
2026-09-23 15:50:19 [main] INFO  c.t.t.t.p.h.c.AuthController - Instance AuthController initialized.
2026-09-23 15:50:19 [main] INFO  c.t.t.t.p.s.c.ConnectionManager - Instance ConnectionManager initialized.
2026-09-23 15:50:19 [main] INFO  c.t.t.t.p.socket.room.RoomManager - Instance RoomManager initialized.
2026-09-23 15:50:20 [main] INFO  c.t.t.t.p.s.e.ExceptionSocketHandler - Instance ExceptionHttpHandler initialized.
2026-09-23 15:50:20 [WebSocketSelector-29] INFO  c.t.t.t.p.socket.SocketServer - WebSocketServer started successfully. [port=8081] [url=ws://localhost:8081]
2026-09-23 15:50:20 [main] INFO  org.eclipse.jetty.util.log - Logging initialized @3772ms to org.eclipse.jetty.util.log.Slf4jLog
2026-09-23 15:50:20 [main] INFO  io.javalin.Javalin - Starting Javalin ...
2026-09-23 15:50:20 [main] INFO  io.javalin.Javalin - You are running Javalin 4.6.8 (released May 4, 2023. Your Javalin version is 1238 days old. Consider checking for a newer version.).
2026-09-23 15:50:20 [main] INFO  io.javalin.Javalin - Listening on http://localhost:8080/
2026-09-23 15:50:20 [main] INFO  io.javalin.Javalin - Javalin started in 177ms \o/
2026-09-23 15:50:20 [main] INFO  c.t.t.t.presentation.http.HttpServer - Instance HttpServer initialized.
2026-09-23 15:50:20 [main] INFO  c.t.t.t.presentation.http.HttpServer - HttpServer started successfully. [port=8080] [url=http://localhost:8080]
2026-09-23 15:50:20 [main] INFO  com.tic.tac.toe.Application - Started Application
2026-09-23 15:51:28 [WebSocketWorker-17] INFO  c.t.t.t.p.s.c.ConnectionManager - A connection added on manager. [connectionId=1fac5840-ebad-4eab-bd3f-551159be5579] [userId=fa31ffee-0e0c-48e9-b6c2-bd6d19e8c32f]
2026-09-23 15:51:30 [WebSocketWorker-17] INFO  c.t.t.t.p.s.c.ConnectionManager - Getting connection by websocket
2026-09-23 15:51:30 [WebSocketWorker-17] INFO  c.t.t.t.p.s.c.ConnectionManager - Got connection by websocket. [connectionId=1fac5840-ebad-4eab-bd3f-551159be5579] [userId=fa31ffee-0e0c-48e9-b6c2-bd6d19e8c32f]
2026-09-23 15:51:30 [WebSocketWorker-17] INFO  c.t.t.t.p.s.c.ConnectionManager - Sending message on broadcast
2026-09-23 15:51:30 [WebSocketWorker-17] INFO  c.t.t.t.p.s.c.ConnectionManager - Send message to connection. [connectionId=1fac5840-ebad-4eab-bd3f-551159be5579] [userId=fa31ffee-0e0c-48e9-b6c2-bd6d19e8c32f]
2026-09-23 15:51:37 [WebSocketSelector-29] INFO  c.t.t.t.p.s.c.ConnectionManager - Getting connection by websocket
2026-09-23 15:51:37 [WebSocketSelector-29] INFO  c.t.t.t.p.s.c.ConnectionManager - Got connection by websocket. [connectionId=1fac5840-ebad-4eab-bd3f-551159be5579] [userId=fa31ffee-0e0c-48e9-b6c2-bd6d19e8c32f]
2026-09-23 15:51:37 [WebSocketSelector-29] INFO  c.t.t.t.p.s.c.ConnectionManager - Connection removed successfully. [connectionId=1fac5840-ebad-4eab-bd3f-551159be5579] [userId=fa31ffee-0e0c-48e9-b6c2-bd6d19e8c32f]
2026-09-23 15:51:37 [WebSocketSelector-29] WARN  c.t.t.t.p.socket.SocketServer - Close connection. [connectionId=1fac5840-ebad-4eab-bd3f-551159be5579] [userId=fa31ffee-0e0c-48e9-b6c2-bd6d19e8c32f] [code=1000] [reason=]
2026-09-23 15:51:37 [WebSocketWorker-18] INFO  c.t.t.t.p.s.c.ConnectionManager - A connection added on manager. [connectionId=d1a66550-bc92-4008-abe0-db8cb375d679] [userId=fa31ffee-0e0c-48e9-b6c2-bd6d19e8c32f]
2026-09-23 15:51:38 [WebSocketWorker-18] INFO  c.t.t.t.p.s.c.ConnectionManager - Getting connection by websocket
2026-09-23 15:51:38 [WebSocketWorker-18] INFO  c.t.t.t.p.s.c.ConnectionManager - Got connection by websocket. [connectionId=d1a66550-bc92-4008-abe0-db8cb375d679] [userId=fa31ffee-0e0c-48e9-b6c2-bd6d19e8c32f]
2026-09-23 15:51:44 [WebSocketWorker-18] INFO  c.t.t.t.p.s.c.ConnectionManager - Getting connection by websocket
2026-09-23 15:51:44 [WebSocketWorker-18] INFO  c.t.t.t.p.s.c.ConnectionManager - Got connection by websocket. [connectionId=d1a66550-bc92-4008-abe0-db8cb375d679] [userId=fa31ffee-0e0c-48e9-b6c2-bd6d19e8c32f]
2026-09-23 15:51:44 [WebSocketWorker-18] INFO  c.t.t.t.p.s.c.ConnectionManager - Sending message on broadcast
2026-09-23 15:51:44 [WebSocketWorker-18] INFO  c.t.t.t.p.s.c.ConnectionManager - Send message to connection. [connectionId=d1a66550-bc92-4008-abe0-db8cb375d679] [userId=fa31ffee-0e0c-48e9-b6c2-bd6d19e8c32f]
2026-09-23 15:51:53 [WebSocketWorker-19] INFO  c.t.t.t.p.s.c.ConnectionManager - A connection added on manager. [connectionId=8b3757ce-8980-4ed8-836e-4dbfda87d86d] [userId=fa31ffee-0e0c-48e9-b6c2-bd6d19e8c32f]
2026-09-23 15:52:14 [WebSocketWorker-19] INFO  c.t.t.t.p.s.c.ConnectionManager - Getting connection by websocket
2026-09-23 15:52:14 [WebSocketWorker-19] INFO  c.t.t.t.p.s.c.ConnectionManager - Got connection by websocket. [connectionId=8b3757ce-8980-4ed8-836e-4dbfda87d86d] [userId=fa31ffee-0e0c-48e9-b6c2-bd6d19e8c32f]
2026-09-23 15:52:14 [WebSocketWorker-19] INFO  c.t.t.t.p.s.c.ConnectionManager - Sending message on broadcast
2026-09-23 15:52:14 [WebSocketWorker-19] INFO  c.t.t.t.p.s.c.ConnectionManager - Send message to connection. [connectionId=8b3757ce-8980-4ed8-836e-4dbfda87d86d] [userId=fa31ffee-0e0c-48e9-b6c2-bd6d19e8c32f]
2026-09-23 15:52:14 [WebSocketWorker-19] INFO  c.t.t.t.p.s.c.ConnectionManager - Send message to connection. [connectionId=d1a66550-bc92-4008-abe0-db8cb375d679] [userId=fa31ffee-0e0c-48e9-b6c2-bd6d19e8c32f]
2026-09-23 15:52:38 [WebSocketSelector-29] INFO  c.t.t.t.p.s.c.ConnectionManager - Getting connection by websocket
2026-09-23 15:52:38 [WebSocketSelector-29] INFO  c.t.t.t.p.s.c.ConnectionManager - Got connection by websocket. [connectionId=d1a66550-bc92-4008-abe0-db8cb375d679] [userId=fa31ffee-0e0c-48e9-b6c2-bd6d19e8c32f]
2026-09-23 15:52:38 [WebSocketSelector-29] INFO  c.t.t.t.p.s.c.ConnectionManager - Connection removed successfully. [connectionId=d1a66550-bc92-4008-abe0-db8cb375d679] [userId=fa31ffee-0e0c-48e9-b6c2-bd6d19e8c32f]
2026-09-23 15:52:38 [WebSocketSelector-29] WARN  c.t.t.t.p.socket.SocketServer - Close connection. [connectionId=d1a66550-bc92-4008-abe0-db8cb375d679] [userId=fa31ffee-0e0c-48e9-b6c2-bd6d19e8c32f] [code=1000] [reason=]
2026-09-23 15:52:39 [WebSocketSelector-29] INFO  c.t.t.t.p.s.c.ConnectionManager - Getting connection by websocket
2026-09-23 15:52:39 [WebSocketSelector-29] INFO  c.t.t.t.p.s.c.ConnectionManager - Got connection by websocket. [connectionId=8b3757ce-8980-4ed8-836e-4dbfda87d86d] [userId=fa31ffee-0e0c-48e9-b6c2-bd6d19e8c32f]
2026-09-23 15:52:39 [WebSocketSelector-29] INFO  c.t.t.t.p.s.c.ConnectionManager - Connection removed successfully. [connectionId=8b3757ce-8980-4ed8-836e-4dbfda87d86d] [userId=fa31ffee-0e0c-48e9-b6c2-bd6d19e8c32f]
2026-09-23 15:52:39 [WebSocketSelector-29] WARN  c.t.t.t.p.socket.SocketServer - Close connection. [connectionId=8b3757ce-8980-4ed8-836e-4dbfda87d86d] [userId=fa31ffee-0e0c-48e9-b6c2-bd6d19e8c32f] [code=1000] [reason=]
2026-09-23 15:57:32 [main] INFO  c.t.t.t.i.config.Environment - Instance Environment initialized.
2026-09-23 15:57:32 [main] INFO  c.t.t.t.i.security.JwtService - Instance JwtService initialized.
2026-09-23 15:57:32 [main] INFO  c.t.t.t.i.persistence.jpa.JpaUtil - Instance JpaUtil initialized.
2026-09-23 15:57:32 [main] INFO  c.t.t.t.i.p.j.r.UserJpaRepository - Instance UserJpaRepository initialized.
2026-09-23 15:57:32 [main] INFO  c.t.t.t.a.service.AuthServiceImpl - Instance AuthServiceImpl initialized. [InstanceId=1928931046]
2026-09-23 15:57:32 [main] INFO  c.t.t.t.a.service.UserServiceImpl - Instance UserServiceImpl initialized. [InstanceId=1034568234]
2026-09-23 15:57:32 [main] INFO  c.t.t.t.p.h.c.AuthController - Instance AuthController initialized.
2026-09-23 15:57:32 [main] INFO  c.t.t.t.p.s.c.ConnectionManager - Instance ConnectionManager initialized.
2026-09-23 15:57:32 [main] INFO  c.t.t.t.p.socket.room.RoomManager - Instance RoomManager initialized.
2026-09-23 15:57:32 [main] INFO  c.t.t.t.p.s.e.ExceptionSocketHandler - Instance ExceptionHttpHandler initialized.
2026-09-23 15:57:32 [WebSocketSelector-29] INFO  c.t.t.t.p.socket.SocketServer - WebSocketServer started successfully. [port=8081] [url=ws://localhost:8081]
2026-09-23 15:57:32 [main] INFO  org.eclipse.jetty.util.log - Logging initialized @1016ms to org.eclipse.jetty.util.log.Slf4jLog
2026-09-23 15:57:32 [main] INFO  io.javalin.Javalin - Starting Javalin ...
2026-09-23 15:57:32 [main] INFO  io.javalin.Javalin - You are running Javalin 4.6.8 (released May 4, 2023. Your Javalin version is 1238 days old. Consider checking for a newer version.).
2026-09-23 15:57:32 [main] INFO  io.javalin.Javalin - Listening on http://localhost:8080/
2026-09-23 15:57:32 [main] INFO  io.javalin.Javalin - Javalin started in 197ms \o/
2026-09-23 15:57:32 [main] INFO  c.t.t.t.presentation.http.HttpServer - Instance HttpServer initialized.
2026-09-23 15:57:32 [main] INFO  c.t.t.t.presentation.http.HttpServer - HttpServer started successfully. [port=8080] [url=http://localhost:8080]
2026-09-23 15:57:32 [main] INFO  com.tic.tac.toe.Application - Started Application
2026-09-23 15:58:26 [JettyServerThreadPool-44] INFO  c.t.t.t.presentation.http.HttpServer - METHOD: POST, HOST: localhost:8080, PATH: /api/v1/auth/login, CONTENT_LENGTH: 68
2026-09-23 15:58:26 [JettyServerThreadPool-44] INFO  c.t.t.t.a.service.AuthServiceImpl - Trying login. [email=testeee@eemail.com]
2026-09-23 15:58:47 [JettyServerThreadPool-35] INFO  c.t.t.t.presentation.http.HttpServer - METHOD: POST, HOST: localhost:8080, PATH: /api/v1/auth/login, CONTENT_LENGTH: 68
2026-09-23 15:58:47 [JettyServerThreadPool-35] INFO  c.t.t.t.a.service.AuthServiceImpl - Trying login. [email=testeee@eemail.com]
2026-09-23 16:00:01 [main] INFO  c.t.t.t.i.config.Environment - Instance Environment initialized.
2026-09-23 16:00:01 [main] INFO  c.t.t.t.i.security.JwtService - Instance JwtService initialized.
2026-09-23 16:00:01 [main] INFO  c.t.t.t.i.persistence.jpa.JpaUtil - Instance JpaUtil initialized.
2026-09-23 16:00:01 [main] INFO  c.t.t.t.i.p.j.r.UserJpaRepository - Instance UserJpaRepository initialized.
2026-09-23 16:00:01 [main] INFO  c.t.t.t.a.service.AuthServiceImpl - Instance AuthServiceImpl initialized. [InstanceId=367746789]
2026-09-23 16:00:01 [main] INFO  c.t.t.t.a.service.UserServiceImpl - Instance UserServiceImpl initialized. [InstanceId=558216562]
2026-09-23 16:00:01 [main] INFO  c.t.t.t.p.h.c.AuthController - Instance AuthController initialized.
2026-09-23 16:00:01 [main] INFO  c.t.t.t.p.s.c.ConnectionManager - Instance ConnectionManager initialized.
2026-09-23 16:00:01 [main] INFO  c.t.t.t.p.socket.room.RoomManager - Instance RoomManager initialized.
2026-09-23 16:00:02 [main] INFO  c.t.t.t.p.s.e.ExceptionSocketHandler - Instance ExceptionHttpHandler initialized.
2026-09-23 16:00:02 [WebSocketSelector-29] INFO  c.t.t.t.p.socket.SocketServer - WebSocketServer started successfully. [port=8081] [url=ws://localhost:8081]
2026-09-23 16:00:02 [main] INFO  org.eclipse.jetty.util.log - Logging initialized @1165ms to org.eclipse.jetty.util.log.Slf4jLog
2026-09-23 16:00:02 [main] INFO  io.javalin.Javalin - Starting Javalin ...
2026-09-23 16:00:02 [main] INFO  io.javalin.Javalin - You are running Javalin 4.6.8 (released May 4, 2023. Your Javalin version is 1238 days old. Consider checking for a newer version.).
2026-09-23 16:00:02 [main] INFO  io.javalin.Javalin - Listening on http://localhost:8080/
2026-09-23 16:00:02 [main] INFO  io.javalin.Javalin - Javalin started in 153ms \o/
2026-09-23 16:00:02 [main] INFO  c.t.t.t.presentation.http.HttpServer - Instance HttpServer initialized.
2026-09-23 16:00:02 [main] INFO  c.t.t.t.presentation.http.HttpServer - HttpServer started successfully. [port=8080] [url=http://localhost:8080]
2026-09-23 16:00:02 [main] INFO  com.tic.tac.toe.Application - Started Application
2026-09-23 16:00:14 [JettyServerThreadPool-44] INFO  c.t.t.t.presentation.http.HttpServer - METHOD: POST, HOST: localhost:8080, PATH: /api/v1/auth/login, CONTENT_LENGTH: 66
2026-09-23 16:00:14 [JettyServerThreadPool-44] INFO  c.t.t.t.a.service.AuthServiceImpl - Trying login. [email=teste@eemail.com]
2026-09-23 16:00:15 [JettyServerThreadPool-44] ERROR c.t.t.t.i.p.j.r.UserJpaRepository - Error trying to find user by username and email. [error=getSingleResult() did not retrieve any entities.]
2026-09-23 16:00:15 [JettyServerThreadPool-44] WARN  c.t.t.t.a.service.AuthServiceImpl - Credentials invalid. [email=teste@eemail.com]
2026-09-23 16:00:35 [JettyServerThreadPool-33] INFO  c.t.t.t.presentation.http.HttpServer - METHOD: POST, HOST: localhost:8080, PATH: /api/v1/auth/register, CONTENT_LENGTH: 92
2026-09-23 16:00:35 [JettyServerThreadPool-33] INFO  c.t.t.t.a.service.AuthServiceImpl - Creating a new user. [username=klaua] [email=teste@eemail.com]
2026-09-23 16:00:35 [JettyServerThreadPool-33] INFO  c.t.t.t.a.service.AuthServiceImpl - User created successfully. [newUserId=a9876944-0518-4057-ba2b-5171c3a8bea7] [createdAt=2026-09-23T16:00:35.666]
2026-09-23 16:00:41 [JettyServerThreadPool-39] INFO  c.t.t.t.presentation.http.HttpServer - METHOD: POST, HOST: localhost:8080, PATH: /api/v1/auth/login, CONTENT_LENGTH: 66
2026-09-23 16:00:41 [JettyServerThreadPool-39] INFO  c.t.t.t.a.service.AuthServiceImpl - Trying login. [email=teste@eemail.com]
2026-09-23 16:00:41 [JettyServerThreadPool-39] INFO  c.t.t.t.a.service.AuthServiceImpl - Login successfully. [userId=a9876944-0518-4057-ba2b-5171c3a8bea7]
2026-09-23 16:01:24 [JettyServerThreadPool-34] INFO  c.t.t.t.presentation.http.HttpServer - METHOD: POST, HOST: localhost:8080, PATH: /api/v1/auth/register, CONTENT_LENGTH: 94
2026-09-23 16:01:24 [JettyServerThreadPool-34] INFO  c.t.t.t.a.service.AuthServiceImpl - Creating a new user. [username=teste] [email=testete@eemail.com]
2026-09-23 16:01:24 [JettyServerThreadPool-34] INFO  c.t.t.t.a.service.AuthServiceImpl - User created successfully. [newUserId=64f51ab2-6a09-44f6-8606-bf4a0718d920] [createdAt=2026-09-23T16:01:24.072]
2026-09-23 16:01:29 [JettyServerThreadPool-44] INFO  c.t.t.t.presentation.http.HttpServer - METHOD: POST, HOST: localhost:8080, PATH: /api/v1/auth/login, CONTENT_LENGTH: 68
2026-09-23 16:01:29 [JettyServerThreadPool-44] INFO  c.t.t.t.a.service.AuthServiceImpl - Trying login. [email=testete@eemail.com]
2026-09-23 16:01:29 [JettyServerThreadPool-44] INFO  c.t.t.t.a.service.AuthServiceImpl - Login successfully. [userId=64f51ab2-6a09-44f6-8606-bf4a0718d920]
2026-09-23 16:01:51 [WebSocketWorker-17] INFO  c.t.t.t.p.s.c.ConnectionManager - A connection added on manager. [connectionId=5f676ad8-1c36-4fab-acf5-d71b9b0a6878] [userId=a9876944-0518-4057-ba2b-5171c3a8bea7]
2026-09-23 16:01:54 [WebSocketWorker-18] INFO  c.t.t.t.p.s.c.ConnectionManager - A connection added on manager. [connectionId=e53f8103-71bb-4e63-bf85-8ef1b7bc33a2] [userId=64f51ab2-6a09-44f6-8606-bf4a0718d920]
2026-09-23 16:01:58 [WebSocketWorker-17] INFO  c.t.t.t.p.s.c.ConnectionManager - Getting connection by websocket
2026-09-23 16:01:58 [WebSocketWorker-17] INFO  c.t.t.t.p.s.c.ConnectionManager - Got connection by websocket. [connectionId=5f676ad8-1c36-4fab-acf5-d71b9b0a6878] [userId=a9876944-0518-4057-ba2b-5171c3a8bea7]
2026-09-23 16:01:58 [WebSocketWorker-17] INFO  c.t.t.t.p.s.c.ConnectionManager - Sending message on broadcast
2026-09-23 16:01:58 [WebSocketWorker-17] INFO  c.t.t.t.p.s.c.ConnectionManager - Send message to connection. [connectionId=5f676ad8-1c36-4fab-acf5-d71b9b0a6878] [userId=a9876944-0518-4057-ba2b-5171c3a8bea7]
2026-09-23 16:01:58 [WebSocketWorker-17] INFO  c.t.t.t.p.s.c.ConnectionManager - Send message to connection. [connectionId=e53f8103-71bb-4e63-bf85-8ef1b7bc33a2] [userId=64f51ab2-6a09-44f6-8606-bf4a0718d920]
2026-09-23 16:02:43 [WebSocketWorker-18] INFO  c.t.t.t.p.s.c.ConnectionManager - Getting connection by websocket
2026-09-23 16:02:43 [WebSocketWorker-18] INFO  c.t.t.t.p.s.c.ConnectionManager - Got connection by websocket. [connectionId=e53f8103-71bb-4e63-bf85-8ef1b7bc33a2] [userId=64f51ab2-6a09-44f6-8606-bf4a0718d920]
2026-09-23 16:02:43 [WebSocketWorker-18] INFO  c.t.t.t.p.s.c.ConnectionManager - Sending message on broadcast
2026-09-23 16:02:43 [WebSocketWorker-18] INFO  c.t.t.t.p.s.c.ConnectionManager - Send message to connection. [connectionId=5f676ad8-1c36-4fab-acf5-d71b9b0a6878] [userId=a9876944-0518-4057-ba2b-5171c3a8bea7]
2026-09-23 16:02:43 [WebSocketWorker-18] INFO  c.t.t.t.p.s.c.ConnectionManager - Send message to connection. [connectionId=e53f8103-71bb-4e63-bf85-8ef1b7bc33a2] [userId=64f51ab2-6a09-44f6-8606-bf4a0718d920]
2026-09-23 16:02:53 [WebSocketSelector-29] INFO  c.t.t.t.p.s.c.ConnectionManager - Getting connection by websocket
2026-09-23 16:02:53 [WebSocketSelector-29] INFO  c.t.t.t.p.s.c.ConnectionManager - Got connection by websocket. [connectionId=e53f8103-71bb-4e63-bf85-8ef1b7bc33a2] [userId=64f51ab2-6a09-44f6-8606-bf4a0718d920]
2026-09-23 16:02:53 [WebSocketSelector-29] INFO  c.t.t.t.p.s.c.ConnectionManager - Connection removed successfully. [connectionId=e53f8103-71bb-4e63-bf85-8ef1b7bc33a2] [userId=64f51ab2-6a09-44f6-8606-bf4a0718d920]
2026-09-23 16:02:53 [WebSocketSelector-29] WARN  c.t.t.t.p.socket.SocketServer - Close connection. [connectionId=e53f8103-71bb-4e63-bf85-8ef1b7bc33a2] [userId=64f51ab2-6a09-44f6-8606-bf4a0718d920] [code=1000] [reason=]
2026-09-23 16:02:55 [WebSocketSelector-29] INFO  c.t.t.t.p.s.c.ConnectionManager - Getting connection by websocket
2026-09-23 16:02:55 [WebSocketSelector-29] INFO  c.t.t.t.p.s.c.ConnectionManager - Got connection by websocket. [connectionId=5f676ad8-1c36-4fab-acf5-d71b9b0a6878] [userId=a9876944-0518-4057-ba2b-5171c3a8bea7]
2026-09-23 16:02:55 [WebSocketSelector-29] INFO  c.t.t.t.p.s.c.ConnectionManager - Connection removed successfully. [connectionId=5f676ad8-1c36-4fab-acf5-d71b9b0a6878] [userId=a9876944-0518-4057-ba2b-5171c3a8bea7]
2026-09-23 16:02:55 [WebSocketSelector-29] WARN  c.t.t.t.p.socket.SocketServer - Close connection. [connectionId=5f676ad8-1c36-4fab-acf5-d71b9b0a6878] [userId=a9876944-0518-4057-ba2b-5171c3a8bea7] [code=1000] [reason=]
2026-09-23 16:05:16 [JettyServerThreadPool-50] INFO  c.t.t.t.presentation.http.HttpServer - METHOD: POST, HOST: localhost:8080, PATH: /api/v1/auth/register, CONTENT_LENGTH: 94
2026-09-23 16:05:16 [JettyServerThreadPool-50] INFO  c.t.t.t.a.service.AuthServiceImpl - Creating a new user. [username=teste] [email=testete@eemail.com]
2026-09-23 16:05:16 [JettyServerThreadPool-50] ERROR c.t.t.t.i.p.j.r.UserJpaRepository - Error trying to save the user. [error=Exception [EclipseLink-4002] (Eclipse Persistence Services - 2.7.16.v20250613-47773a333b): org.eclipse.persistence.exceptions.DatabaseException
Internal Exception: org.h2.jdbc.JdbcSQLIntegrityConstraintViolationException: Unique index or primary key violation: "PUBLIC.CONSTRAINT_INDEX_4 ON PUBLIC.USERS(EMAIL NULLS FIRST) VALUES ( /* 2 */ 'testete@eemail.com' )"; SQL statement:
INSERT INTO users (id, created_at, email, password_hash, username) VALUES (?, ?, ?, ?, ?) [23505-224]
Error Code: 23505
Call: INSERT INTO users (id, created_at, email, password_hash, username) VALUES (?, ?, ?, ?, ?)
	bind => [5 parameters bound]
Query: InsertObjectQuery(com.tic.tac.toe.domain.entity.User@a2aa2a21)]
2026-09-23 16:05:21 [JettyServerThreadPool-38] INFO  c.t.t.t.presentation.http.HttpServer - METHOD: POST, HOST: localhost:8080, PATH: /api/v1/auth/register, CONTENT_LENGTH: 100
2026-09-23 16:05:21 [JettyServerThreadPool-38] INFO  c.t.t.t.a.service.AuthServiceImpl - Creating a new user. [username=teste] [email=testetegsdfgs@eemail.com]
2026-09-23 16:05:21 [JettyServerThreadPool-38] INFO  c.t.t.t.a.service.AuthServiceImpl - User created successfully. [newUserId=5b2bd98b-40da-412d-83b8-14833b48f537] [createdAt=2026-09-23T16:05:21.223]
2026-09-23 18:07:30 [main] INFO  c.t.t.t.i.config.Environment - Instance Environment initialized.
2026-09-23 18:07:30 [main] INFO  c.t.t.t.i.security.JwtService - Instance JwtService initialized.
2026-09-23 18:07:30 [main] INFO  c.t.t.t.i.persistence.jpa.JpaUtil - Instance JpaUtil initialized.
2026-09-23 18:07:30 [main] INFO  c.t.t.t.i.p.j.r.UserJpaRepository - Instance UserJpaRepository initialized.
2026-09-23 18:07:30 [main] INFO  c.t.t.t.a.service.AuthServiceImpl - Instance AuthServiceImpl initialized. [InstanceId=318857719]
2026-09-23 18:07:30 [main] INFO  c.t.t.t.a.service.UserServiceImpl - Instance UserServiceImpl initialized. [InstanceId=745962066]
2026-09-23 18:07:30 [main] INFO  c.t.t.t.p.h.c.AuthController - Instance AuthController initialized.
2026-09-23 18:07:30 [main] INFO  c.t.t.t.p.s.c.ConnectionManager - Instance ConnectionManager initialized.
2026-09-23 18:07:30 [main] INFO  c.t.t.t.p.socket.room.RoomManager - Instance RoomManager initialized.
2026-09-23 18:07:30 [main] INFO  c.t.t.t.p.s.e.ExceptionSocketHandler - Instance ExceptionHttpHandler initialized.
2026-09-23 18:07:30 [WebSocketSelector-29] INFO  c.t.t.t.p.socket.SocketServer - WebSocketServer started successfully. [port=8081] [url=ws://localhost:8081]
2026-09-23 18:07:30 [main] INFO  org.eclipse.jetty.util.log - Logging initialized @1271ms to org.eclipse.jetty.util.log.Slf4jLog
2026-09-23 18:07:30 [main] INFO  io.javalin.Javalin - Starting Javalin ...
2026-09-23 18:07:30 [main] INFO  io.javalin.Javalin - You are running Javalin 4.6.8 (released May 4, 2023. Your Javalin version is 1238 days old. Consider checking for a newer version.).
2026-09-23 18:07:31 [main] INFO  io.javalin.Javalin - Listening on http://localhost:8080/
2026-09-23 18:07:31 [main] INFO  io.javalin.Javalin - Javalin started in 157ms \o/
2026-09-23 18:07:31 [main] INFO  c.t.t.t.presentation.http.HttpServer - Instance HttpServer initialized.
2026-09-23 18:07:31 [main] INFO  c.t.t.t.presentation.http.HttpServer - HttpServer started successfully. [port=8080] [url=http://localhost:8080]
2026-09-23 18:07:31 [main] INFO  com.tic.tac.toe.Application - Started Application
2026-09-23 18:07:54 [WebSocketWorker-17] INFO  c.t.t.t.p.s.c.ConnectionManager - A connection added on manager. [connectionId=43af2a59-39b6-4db4-b265-2604013a96c3] [userId=a9876944-0518-4057-ba2b-5171c3a8bea7]
2026-09-23 18:08:05 [WebSocketWorker-18] WARN  c.t.t.t.p.socket.SocketServer - Authentication required
2026-09-23 18:08:05 [WebSocketSelector-29] INFO  c.t.t.t.p.s.c.ConnectionManager - Getting connection by websocket
2026-09-23 18:08:05 [WebSocketSelector-29] WARN  c.t.t.t.p.s.c.ConnectionManager - Not found connection by websocket
2026-09-23 18:08:05 [WebSocketSelector-29] WARN  c.t.t.t.p.socket.SocketServer - Close connection. [code=1008] [reason=Authentication required]
2026-09-23 18:08:19 [WebSocketWorker-19] INFO  c.t.t.t.p.s.c.ConnectionManager - A connection added on manager. [connectionId=4d1c25df-1ada-4a2e-85cc-d90a670439e8] [userId=64f51ab2-6a09-44f6-8606-bf4a0718d920]
2026-09-23 18:08:20 [WebSocketSelector-29] INFO  c.t.t.t.p.s.c.ConnectionManager - Getting connection by websocket
2026-09-23 18:08:20 [WebSocketSelector-29] INFO  c.t.t.t.p.s.c.ConnectionManager - Got connection by websocket. [connectionId=4d1c25df-1ada-4a2e-85cc-d90a670439e8] [userId=64f51ab2-6a09-44f6-8606-bf4a0718d920]
2026-09-23 18:08:20 [WebSocketSelector-29] INFO  c.t.t.t.p.s.c.ConnectionManager - Connection removed successfully. [connectionId=4d1c25df-1ada-4a2e-85cc-d90a670439e8] [userId=64f51ab2-6a09-44f6-8606-bf4a0718d920]
2026-09-23 18:08:20 [WebSocketSelector-29] WARN  c.t.t.t.p.socket.SocketServer - Close connection. [connectionId=4d1c25df-1ada-4a2e-85cc-d90a670439e8] [userId=64f51ab2-6a09-44f6-8606-bf4a0718d920] [code=1000] [reason=]
2026-09-23 18:08:22 [WebSocketSelector-29] INFO  c.t.t.t.p.s.c.ConnectionManager - Getting connection by websocket
2026-09-23 18:08:22 [WebSocketSelector-29] INFO  c.t.t.t.p.s.c.ConnectionManager - Got connection by websocket. [connectionId=43af2a59-39b6-4db4-b265-2604013a96c3] [userId=a9876944-0518-4057-ba2b-5171c3a8bea7]
2026-09-23 18:08:22 [WebSocketSelector-29] INFO  c.t.t.t.p.s.c.ConnectionManager - Connection removed successfully. [connectionId=43af2a59-39b6-4db4-b265-2604013a96c3] [userId=a9876944-0518-4057-ba2b-5171c3a8bea7]
2026-09-23 18:08:22 [WebSocketSelector-29] WARN  c.t.t.t.p.socket.SocketServer - Close connection. [connectionId=43af2a59-39b6-4db4-b265-2604013a96c3] [userId=a9876944-0518-4057-ba2b-5171c3a8bea7] [code=1000] [reason=]
2026-09-23 18:21:57 [main] INFO  c.t.t.t.i.config.Environment - Instance Environment initialized.
2026-09-23 18:21:57 [main] INFO  c.t.t.t.i.security.JwtService - Instance JwtService initialized.
2026-09-23 18:21:57 [main] INFO  c.t.t.t.i.persistence.jpa.JpaUtil - Instance JpaUtil initialized.
2026-09-23 18:21:57 [main] INFO  c.t.t.t.i.p.j.r.UserJpaRepository - Instance UserJpaRepository initialized.
2026-09-23 18:21:57 [main] INFO  c.t.t.t.a.service.AuthServiceImpl - Instance AuthServiceImpl initialized. [InstanceId=367746789]
2026-09-23 18:21:57 [main] INFO  c.t.t.t.a.service.UserServiceImpl - Instance UserServiceImpl initialized. [InstanceId=558216562]
2026-09-23 18:21:57 [main] INFO  c.t.t.t.p.h.c.AuthController - Instance AuthController initialized.
2026-09-23 18:21:57 [main] INFO  c.t.t.t.p.s.c.ConnectionManager - Instance ConnectionManager initialized.
2026-09-23 18:21:57 [main] INFO  c.t.t.t.p.socket.room.RoomManager - Instance RoomManager initialized.
2026-09-23 18:21:57 [main] INFO  c.t.t.t.p.s.e.ExceptionSocketHandler - Instance ExceptionHttpHandler initialized.
2026-09-23 18:21:57 [WebSocketSelector-29] INFO  c.t.t.t.p.socket.SocketServer - WebSocketServer started successfully. [port=8081] [url=ws://localhost:8081]
2026-09-23 18:21:57 [main] INFO  org.eclipse.jetty.util.log - Logging initialized @948ms to org.eclipse.jetty.util.log.Slf4jLog
2026-09-23 18:21:57 [main] INFO  io.javalin.Javalin - Starting Javalin ...
2026-09-23 18:21:57 [main] INFO  io.javalin.Javalin - You are running Javalin 4.6.8 (released May 4, 2023. Your Javalin version is 1238 days old. Consider checking for a newer version.).
2026-09-23 18:21:58 [main] INFO  io.javalin.Javalin - Listening on http://localhost:8080/
2026-09-23 18:21:58 [main] INFO  io.javalin.Javalin - Javalin started in 130ms \o/
2026-09-23 18:21:58 [main] INFO  c.t.t.t.presentation.http.HttpServer - Instance HttpServer initialized.
2026-09-23 18:21:58 [main] INFO  c.t.t.t.presentation.http.HttpServer - HttpServer started successfully. [port=8080] [url=http://localhost:8080]
2026-09-23 18:21:58 [main] INFO  com.tic.tac.toe.Application - Started Application
2026-09-23 18:22:46 [main] INFO  c.t.t.t.i.config.Environment - Instance Environment initialized.
2026-09-23 18:22:46 [main] INFO  c.t.t.t.i.security.JwtService - Instance JwtService initialized.
2026-09-23 18:22:46 [main] INFO  c.t.t.t.i.persistence.jpa.JpaUtil - Instance JpaUtil initialized.
2026-09-23 18:22:46 [main] INFO  c.t.t.t.i.p.j.r.UserJpaRepository - Instance UserJpaRepository initialized.
2026-09-23 18:22:46 [main] INFO  c.t.t.t.a.service.AuthServiceImpl - Instance AuthServiceImpl initialized. [InstanceId=367746789]
2026-09-23 18:22:46 [main] INFO  c.t.t.t.a.service.UserServiceImpl - Instance UserServiceImpl initialized. [InstanceId=558216562]
2026-09-23 18:22:46 [main] INFO  c.t.t.t.p.h.c.AuthController - Instance AuthController initialized.
2026-09-23 18:22:46 [main] INFO  c.t.t.t.p.s.c.ConnectionManager - Instance ConnectionManager initialized.
2026-09-23 18:22:46 [main] INFO  c.t.t.t.p.socket.room.RoomManager - Instance RoomManager initialized.
2026-09-23 18:22:46 [main] INFO  c.t.t.t.p.s.e.ExceptionSocketHandler - Instance ExceptionHttpHandler initialized.
2026-09-23 18:22:46 [WebSocketSelector-29] INFO  c.t.t.t.p.socket.SocketServer - WebSocketServer started successfully. [port=8081] [url=ws://localhost:8081]
2026-09-23 18:22:46 [main] INFO  org.eclipse.jetty.util.log - Logging initialized @884ms to org.eclipse.jetty.util.log.Slf4jLog
2026-09-23 18:22:46 [main] INFO  io.javalin.Javalin - Starting Javalin ...
2026-09-23 18:22:46 [main] INFO  io.javalin.Javalin - You are running Javalin 4.6.8 (released May 4, 2023. Your Javalin version is 1238 days old. Consider checking for a newer version.).
2026-09-23 18:22:46 [main] INFO  io.javalin.Javalin - Listening on http://localhost:8080/
2026-09-23 18:22:46 [main] INFO  io.javalin.Javalin - Javalin started in 123ms \o/
2026-09-23 18:22:46 [main] INFO  c.t.t.t.presentation.http.HttpServer - Instance HttpServer initialized.
2026-09-23 18:22:46 [main] INFO  c.t.t.t.presentation.http.HttpServer - HttpServer started successfully. [port=8080] [url=http://localhost:8080]
2026-09-23 18:22:46 [main] INFO  com.tic.tac.toe.Application - Started Application
2026-09-23 18:22:54 [WebSocketWorker-17] INFO  c.t.t.t.p.s.c.ConnectionManager - A connection added on manager. [connectionId=549e593a-3b75-4164-a9a7-b6d19cb5c86a] [userId=a9876944-0518-4057-ba2b-5171c3a8bea7]
2026-09-23 18:23:01 [WebSocketWorker-18] INFO  c.t.t.t.p.s.c.ConnectionManager - A connection added on manager. [connectionId=74ef5c84-cddb-4e94-9570-66ca70ff8a39] [userId=64f51ab2-6a09-44f6-8606-bf4a0718d920]
2026-09-23 18:23:02 [WebSocketWorker-18] INFO  c.t.t.t.p.s.c.ConnectionManager - Getting connection by websocket
2026-09-23 18:23:02 [WebSocketWorker-18] INFO  c.t.t.t.p.s.c.ConnectionManager - Got connection by websocket. [connectionId=74ef5c84-cddb-4e94-9570-66ca70ff8a39] [userId=64f51ab2-6a09-44f6-8606-bf4a0718d920]
2026-09-23 18:23:03 [WebSocketWorker-18] INFO  c.t.t.t.p.s.c.ConnectionManager - Sending message on broadcast
2026-09-23 18:23:03 [WebSocketWorker-18] INFO  c.t.t.t.p.s.c.ConnectionManager - Send message to connection. [connectionId=74ef5c84-cddb-4e94-9570-66ca70ff8a39] [userId=64f51ab2-6a09-44f6-8606-bf4a0718d920]
2026-09-23 18:23:03 [WebSocketWorker-18] INFO  c.t.t.t.p.s.c.ConnectionManager - Send message to connection. [connectionId=549e593a-3b75-4164-a9a7-b6d19cb5c86a] [userId=a9876944-0518-4057-ba2b-5171c3a8bea7]
2026-09-23 18:23:07 [WebSocketWorker-17] INFO  c.t.t.t.p.s.c.ConnectionManager - Getting connection by websocket
2026-09-23 18:23:07 [WebSocketWorker-17] INFO  c.t.t.t.p.s.c.ConnectionManager - Got connection by websocket. [connectionId=549e593a-3b75-4164-a9a7-b6d19cb5c86a] [userId=a9876944-0518-4057-ba2b-5171c3a8bea7]
2026-09-23 18:23:07 [WebSocketWorker-17] INFO  c.t.t.t.p.s.c.ConnectionManager - Sending message on broadcast
2026-09-23 18:23:07 [WebSocketWorker-17] INFO  c.t.t.t.p.s.c.ConnectionManager - Send message to connection. [connectionId=74ef5c84-cddb-4e94-9570-66ca70ff8a39] [userId=64f51ab2-6a09-44f6-8606-bf4a0718d920]
2026-09-23 18:23:07 [WebSocketWorker-17] INFO  c.t.t.t.p.s.c.ConnectionManager - Send message to connection. [connectionId=549e593a-3b75-4164-a9a7-b6d19cb5c86a] [userId=a9876944-0518-4057-ba2b-5171c3a8bea7]
2026-09-23 18:23:09 [WebSocketWorker-17] INFO  c.t.t.t.p.s.c.ConnectionManager - Getting connection by websocket
2026-09-23 18:23:09 [WebSocketWorker-17] INFO  c.t.t.t.p.s.c.ConnectionManager - Got connection by websocket. [connectionId=549e593a-3b75-4164-a9a7-b6d19cb5c86a] [userId=a9876944-0518-4057-ba2b-5171c3a8bea7]
2026-09-23 18:23:09 [WebSocketWorker-17] INFO  c.t.t.t.p.s.c.ConnectionManager - Sending message on broadcast
2026-09-23 18:23:09 [WebSocketWorker-17] INFO  c.t.t.t.p.s.c.ConnectionManager - Send message to connection. [connectionId=74ef5c84-cddb-4e94-9570-66ca70ff8a39] [userId=64f51ab2-6a09-44f6-8606-bf4a0718d920]
2026-09-23 18:23:09 [WebSocketWorker-17] INFO  c.t.t.t.p.s.c.ConnectionManager - Send message to connection. [connectionId=549e593a-3b75-4164-a9a7-b6d19cb5c86a] [userId=a9876944-0518-4057-ba2b-5171c3a8bea7]
2026-09-23 18:23:13 [WebSocketSelector-29] INFO  c.t.t.t.p.s.c.ConnectionManager - Getting connection by websocket
2026-09-23 18:23:13 [WebSocketSelector-29] INFO  c.t.t.t.p.s.c.ConnectionManager - Got connection by websocket. [connectionId=549e593a-3b75-4164-a9a7-b6d19cb5c86a] [userId=a9876944-0518-4057-ba2b-5171c3a8bea7]
2026-09-23 18:23:13 [WebSocketSelector-29] INFO  c.t.t.t.p.s.c.ConnectionManager - Connection removed successfully. [connectionId=549e593a-3b75-4164-a9a7-b6d19cb5c86a] [userId=a9876944-0518-4057-ba2b-5171c3a8bea7]
2026-09-23 18:23:13 [WebSocketSelector-29] WARN  c.t.t.t.p.socket.SocketServer - Close connection. [connectionId=549e593a-3b75-4164-a9a7-b6d19cb5c86a] [userId=a9876944-0518-4057-ba2b-5171c3a8bea7] [code=1000] [reason=]
2026-09-23 18:23:14 [WebSocketSelector-29] INFO  c.t.t.t.p.s.c.ConnectionManager - Getting connection by websocket
2026-09-23 18:23:14 [WebSocketSelector-29] INFO  c.t.t.t.p.s.c.ConnectionManager - Got connection by websocket. [connectionId=74ef5c84-cddb-4e94-9570-66ca70ff8a39] [userId=64f51ab2-6a09-44f6-8606-bf4a0718d920]
2026-09-23 18:23:14 [WebSocketSelector-29] INFO  c.t.t.t.p.s.c.ConnectionManager - Connection removed successfully. [connectionId=74ef5c84-cddb-4e94-9570-66ca70ff8a39] [userId=64f51ab2-6a09-44f6-8606-bf4a0718d920]
2026-09-23 18:23:14 [WebSocketSelector-29] WARN  c.t.t.t.p.socket.SocketServer - Close connection. [connectionId=74ef5c84-cddb-4e94-9570-66ca70ff8a39] [userId=64f51ab2-6a09-44f6-8606-bf4a0718d920] [code=1000] [reason=]
2026-09-24 13:59:14 [main] INFO  c.t.t.t.i.config.Environment - Instance Environment initialized.
2026-09-24 13:59:14 [main] INFO  c.t.t.t.i.security.JwtService - Instance JwtService initialized.
2026-09-24 13:59:15 [main] INFO  c.t.t.t.i.persistence.jpa.JpaUtil - Instance JpaUtil initialized.
2026-09-24 13:59:15 [main] INFO  c.t.t.t.i.p.j.r.UserJpaRepository - Instance UserJpaRepository initialized.
2026-09-24 13:59:15 [main] INFO  c.t.t.t.a.service.AuthServiceImpl - Instance AuthServiceImpl initialized. [InstanceId=1754894440]
2026-09-24 13:59:15 [main] INFO  c.t.t.t.a.service.UserServiceImpl - Instance UserServiceImpl initialized. [InstanceId=1998767043]
2026-09-24 13:59:15 [main] INFO  c.t.t.t.p.h.c.AuthController - Instance AuthController initialized.
2026-09-24 13:59:15 [main] INFO  c.t.t.t.p.s.c.ConnectionManager - Instance ConnectionManager initialized.
2026-09-24 13:59:15 [main] INFO  c.t.t.t.p.socket.room.RoomManager - Instance RoomManager initialized.
2026-09-24 13:59:15 [main] INFO  c.t.t.t.p.s.e.ExceptionSocketHandler - Instance ExceptionHttpHandler initialized.
2026-09-24 13:59:15 [WebSocketSelector-29] INFO  c.t.t.t.p.socket.SocketServer - WebSocketServer started successfully. [port=8081] [url=ws://localhost:8081]
2026-09-24 13:59:16 [main] INFO  org.eclipse.jetty.util.log - Logging initialized @1741ms to org.eclipse.jetty.util.log.Slf4jLog
2026-09-24 13:59:16 [main] INFO  io.javalin.Javalin - Starting Javalin ...
2026-09-24 13:59:16 [main] INFO  io.javalin.Javalin - You are running Javalin 4.6.8 (released May 4, 2023. Your Javalin version is 1239 days old. Consider checking for a newer version.).
2026-09-24 13:59:16 [main] INFO  io.javalin.Javalin - Listening on http://localhost:8080/
2026-09-24 13:59:16 [main] INFO  io.javalin.Javalin - Javalin started in 217ms \o/
2026-09-24 13:59:16 [main] INFO  c.t.t.t.presentation.http.HttpServer - Instance HttpServer initialized.
2026-09-24 13:59:16 [main] INFO  c.t.t.t.presentation.http.HttpServer - HttpServer started successfully. [port=8080] [url=http://localhost:8080]
2026-09-24 13:59:16 [main] INFO  com.tic.tac.toe.Application - Started Application
2026-09-24 13:59:19 [JettyServerThreadPool-46] INFO  c.t.t.t.presentation.http.HttpServer - METHOD: POST, HOST: localhost:8080, PATH: /api/v1/auth/login, CONTENT_LENGTH: 68
2026-09-24 13:59:20 [JettyServerThreadPool-46] INFO  c.t.t.t.a.service.AuthServiceImpl - Trying login. [email=testete@eemail.com]
2026-09-24 13:59:21 [JettyServerThreadPool-46] INFO  c.t.t.t.a.service.AuthServiceImpl - Login successfully. [userId=64f51ab2-6a09-44f6-8606-bf4a0718d920]
2026-09-24 13:59:59 [JettyServerThreadPool-36] INFO  c.t.t.t.presentation.http.HttpServer - METHOD: POST, HOST: localhost:8080, PATH: /api/v1/auth/login, CONTENT_LENGTH: 68
2026-09-24 13:59:59 [JettyServerThreadPool-36] INFO  c.t.t.t.a.service.AuthServiceImpl - Trying login. [email=testete@eemail.com]
2026-09-24 14:00:00 [JettyServerThreadPool-36] INFO  c.t.t.t.a.service.AuthServiceImpl - Login successfully. [userId=64f51ab2-6a09-44f6-8606-bf4a0718d920]
2026-09-24 14:00:39 [JettyServerThreadPool-33] INFO  c.t.t.t.presentation.http.HttpServer - METHOD: POST, HOST: localhost:8080, PATH: /api/v1/auth/login, CONTENT_LENGTH: 68
2026-09-24 14:00:39 [JettyServerThreadPool-33] INFO  c.t.t.t.a.service.AuthServiceImpl - Trying login. [email=testete@eemail.com]
2026-09-24 14:00:39 [JettyServerThreadPool-33] INFO  c.t.t.t.a.service.AuthServiceImpl - Login successfully. [userId=64f51ab2-6a09-44f6-8606-bf4a0718d920]
2026-09-24 14:01:26 [JettyServerThreadPool-43] INFO  c.t.t.t.presentation.http.HttpServer - METHOD: POST, HOST: localhost:8080, PATH: /api/v1/auth/login, CONTENT_LENGTH: 68
2026-09-24 14:01:26 [JettyServerThreadPool-43] INFO  c.t.t.t.a.service.AuthServiceImpl - Trying login. [email=testete@eemail.com]
2026-09-24 14:01:26 [JettyServerThreadPool-43] INFO  c.t.t.t.a.service.AuthServiceImpl - Login successfully. [userId=64f51ab2-6a09-44f6-8606-bf4a0718d920]
2026-09-24 14:01:42 [JettyServerThreadPool-37] INFO  c.t.t.t.presentation.http.HttpServer - METHOD: POST, HOST: localhost:8080, PATH: /api/v1/auth/login, CONTENT_LENGTH: 68
2026-09-24 14:01:42 [JettyServerThreadPool-37] INFO  c.t.t.t.a.service.AuthServiceImpl - Trying login. [email=testete@eemail.com]
2026-09-24 14:01:42 [JettyServerThreadPool-37] INFO  c.t.t.t.a.service.AuthServiceImpl - Login successfully. [userId=64f51ab2-6a09-44f6-8606-bf4a0718d920]
2026-09-24 14:02:01 [JettyServerThreadPool-43] INFO  c.t.t.t.presentation.http.HttpServer - METHOD: POST, HOST: localhost:8080, PATH: /api/v1/auth/login, CONTENT_LENGTH: 68
2026-09-24 14:02:01 [JettyServerThreadPool-43] INFO  c.t.t.t.a.service.AuthServiceImpl - Trying login. [email=testete@eemail.com]
2026-09-24 14:02:01 [JettyServerThreadPool-43] INFO  c.t.t.t.a.service.AuthServiceImpl - Login successfully. [userId=64f51ab2-6a09-44f6-8606-bf4a0718d920]
2026-09-24 14:03:53 [JettyServerThreadPool-47] INFO  c.t.t.t.presentation.http.HttpServer - METHOD: POST, HOST: localhost:8080, PATH: /api/v1/auth/login, CONTENT_LENGTH: 68
2026-09-24 14:03:53 [JettyServerThreadPool-47] INFO  c.t.t.t.a.service.AuthServiceImpl - Trying login. [email=testete@eemail.com]
2026-09-24 14:03:53 [JettyServerThreadPool-47] INFO  c.t.t.t.a.service.AuthServiceImpl - Login successfully. [userId=64f51ab2-6a09-44f6-8606-bf4a0718d920]
2026-09-24 14:03:58 [JettyServerThreadPool-37] INFO  c.t.t.t.presentation.http.HttpServer - METHOD: POST, HOST: localhost:8080, PATH: /api/v1/auth/login, CONTENT_LENGTH: 68
2026-09-24 14:03:58 [JettyServerThreadPool-37] INFO  c.t.t.t.a.service.AuthServiceImpl - Trying login. [email=testete@eemail.com]
2026-09-24 14:03:58 [JettyServerThreadPool-37] INFO  c.t.t.t.a.service.AuthServiceImpl - Login successfully. [userId=64f51ab2-6a09-44f6-8606-bf4a0718d920]
2026-09-24 14:04:13 [JettyServerThreadPool-47] INFO  c.t.t.t.presentation.http.HttpServer - METHOD: POST, HOST: localhost:8080, PATH: /api/v1/auth/login, CONTENT_LENGTH: 68
2026-09-24 14:04:13 [JettyServerThreadPool-47] INFO  c.t.t.t.a.service.AuthServiceImpl - Trying login. [email=testete@eemail.com]
2026-09-24 14:04:13 [JettyServerThreadPool-47] INFO  c.t.t.t.a.service.AuthServiceImpl - Login successfully. [userId=64f51ab2-6a09-44f6-8606-bf4a0718d920]
2026-09-24 14:04:27 [JettyServerThreadPool-37] INFO  c.t.t.t.presentation.http.HttpServer - METHOD: POST, HOST: localhost:8080, PATH: /api/v1/auth/login, CONTENT_LENGTH: 68
2026-09-24 14:04:27 [JettyServerThreadPool-37] INFO  c.t.t.t.a.service.AuthServiceImpl - Trying login. [email=testete@eemail.com]
2026-09-24 14:04:27 [JettyServerThreadPool-37] INFO  c.t.t.t.a.service.AuthServiceImpl - Login successfully. [userId=64f51ab2-6a09-44f6-8606-bf4a0718d920]
2026-09-24 14:05:05 [JettyServerThreadPool-36] INFO  c.t.t.t.presentation.http.HttpServer - METHOD: POST, HOST: localhost:8080, PATH: /api/v1/auth/login, CONTENT_LENGTH: 68
2026-09-24 14:05:05 [JettyServerThreadPool-36] INFO  c.t.t.t.a.service.AuthServiceImpl - Trying login. [email=testete@eemail.com]
2026-09-24 14:05:05 [JettyServerThreadPool-36] INFO  c.t.t.t.a.service.AuthServiceImpl - Login successfully. [userId=64f51ab2-6a09-44f6-8606-bf4a0718d920]
2026-09-24 14:05:21 [JettyServerThreadPool-46] INFO  c.t.t.t.presentation.http.HttpServer - METHOD: POST, HOST: localhost:8080, PATH: /api/v1/auth/login, CONTENT_LENGTH: 68
2026-09-24 14:05:21 [JettyServerThreadPool-46] INFO  c.t.t.t.a.service.AuthServiceImpl - Trying login. [email=testete@eemail.com]
2026-09-24 14:05:21 [JettyServerThreadPool-46] INFO  c.t.t.t.a.service.AuthServiceImpl - Login successfully. [userId=64f51ab2-6a09-44f6-8606-bf4a0718d920]
2026-09-24 14:05:38 [JettyServerThreadPool-36] INFO  c.t.t.t.presentation.http.HttpServer - METHOD: POST, HOST: localhost:8080, PATH: /api/v1/auth/login, CONTENT_LENGTH: 68
2026-09-24 14:05:38 [JettyServerThreadPool-36] INFO  c.t.t.t.a.service.AuthServiceImpl - Trying login. [email=testete@eemail.com]
2026-09-24 14:05:38 [JettyServerThreadPool-36] INFO  c.t.t.t.a.service.AuthServiceImpl - Login successfully. [userId=64f51ab2-6a09-44f6-8606-bf4a0718d920]
2026-09-24 14:06:30 [JettyServerThreadPool-43] INFO  c.t.t.t.presentation.http.HttpServer - METHOD: POST, HOST: localhost:8080, PATH: /api/v1/auth/login, CONTENT_LENGTH: 68
2026-09-24 14:06:30 [JettyServerThreadPool-43] INFO  c.t.t.t.a.service.AuthServiceImpl - Trying login. [email=testete@eemail.com]
2026-09-24 14:06:30 [JettyServerThreadPool-43] INFO  c.t.t.t.a.service.AuthServiceImpl - Login successfully. [userId=64f51ab2-6a09-44f6-8606-bf4a0718d920]
2026-09-24 14:07:06 [JettyServerThreadPool-37] INFO  c.t.t.t.presentation.http.HttpServer - METHOD: POST, HOST: localhost:8080, PATH: /api/v1/auth/login, CONTENT_LENGTH: 68
2026-09-24 14:07:06 [JettyServerThreadPool-37] INFO  c.t.t.t.a.service.AuthServiceImpl - Trying login. [email=testete@eemail.com]
2026-09-24 14:07:06 [JettyServerThreadPool-37] INFO  c.t.t.t.a.service.AuthServiceImpl - Login successfully. [userId=64f51ab2-6a09-44f6-8606-bf4a0718d920]
2026-09-24 14:08:20 [JettyServerThreadPool-36] INFO  c.t.t.t.presentation.http.HttpServer - METHOD: POST, HOST: localhost:8080, PATH: /api/v1/auth/logout, CONTENT_LENGTH: 0
2026-09-24 14:08:28 [JettyServerThreadPool-47] INFO  c.t.t.t.presentation.http.HttpServer - METHOD: POST, HOST: localhost:8080, PATH: /api/v1/auth/login, CONTENT_LENGTH: 68
2026-09-24 14:08:28 [JettyServerThreadPool-47] INFO  c.t.t.t.a.service.AuthServiceImpl - Trying login. [email=testete@eemail.com]
2026-09-24 14:08:28 [JettyServerThreadPool-47] INFO  c.t.t.t.a.service.AuthServiceImpl - Login successfully. [userId=64f51ab2-6a09-44f6-8606-bf4a0718d920]
2026-09-24 14:10:12 [WebSocketWorker-15] WARN  c.t.t.t.p.s.m.AuthorizedSocketMiddleware - Authentication required
2026-09-24 14:10:12 [WebSocketWorker-15] WARN  c.t.t.t.p.socket.SocketServer - Error to connection on websocket. [message=Authentication required]
2026-09-24 14:10:12 [WebSocketSelector-29] INFO  c.t.t.t.p.s.c.ConnectionManager - Getting connection by websocket
2026-09-24 14:10:12 [WebSocketSelector-29] WARN  c.t.t.t.p.s.c.ConnectionManager - Not found connection by websocket
2026-09-24 14:10:12 [WebSocketSelector-29] WARN  c.t.t.t.p.socket.SocketServer - Close connection. [code=1008] [reason=Authentication required]
2026-09-24 14:11:19 [JettyServerThreadPool-43] INFO  c.t.t.t.presentation.http.HttpServer - METHOD: POST, HOST: localhost:8080, PATH: /api/v1/auth/login, CONTENT_LENGTH: 68
2026-09-24 14:11:19 [JettyServerThreadPool-43] INFO  c.t.t.t.a.service.AuthServiceImpl - Trying login. [email=testete@eemail.com]
2026-09-24 14:11:19 [JettyServerThreadPool-43] INFO  c.t.t.t.a.service.AuthServiceImpl - Login successfully. [userId=64f51ab2-6a09-44f6-8606-bf4a0718d920]
2026-09-24 14:11:43 [WebSocketWorker-16] WARN  c.t.t.t.p.socket.SocketServer - Invalid access token.
2026-09-24 14:11:43 [WebSocketSelector-29] INFO  c.t.t.t.p.s.c.ConnectionManager - Getting connection by websocket
2026-09-24 14:11:43 [WebSocketSelector-29] WARN  c.t.t.t.p.s.c.ConnectionManager - Not found connection by websocket
2026-09-24 14:11:43 [WebSocketSelector-29] WARN  c.t.t.t.p.socket.SocketServer - Close connection. [code=1008] [reason=Invalid access token]
2026-09-24 14:12:28 [WebSocketWorker-17] INFO  c.t.t.t.p.s.c.ConnectionManager - A connection added on manager. [connectionId=43f68c1b-41ac-4b12-8906-0f86977d5a79] [userId=a9876944-0518-4057-ba2b-5171c3a8bea7]
2026-09-24 14:12:31 [WebSocketSelector-29] INFO  c.t.t.t.p.s.c.ConnectionManager - Getting connection by websocket
2026-09-24 14:12:31 [WebSocketSelector-29] INFO  c.t.t.t.p.s.c.ConnectionManager - Got connection by websocket. [connectionId=43f68c1b-41ac-4b12-8906-0f86977d5a79] [userId=a9876944-0518-4057-ba2b-5171c3a8bea7]
2026-09-24 14:12:31 [WebSocketSelector-29] INFO  c.t.t.t.p.s.c.ConnectionManager - Connection removed successfully. [connectionId=43f68c1b-41ac-4b12-8906-0f86977d5a79] [userId=a9876944-0518-4057-ba2b-5171c3a8bea7]
2026-09-24 14:12:31 [WebSocketSelector-29] WARN  c.t.t.t.p.socket.SocketServer - Close connection. [connectionId=43f68c1b-41ac-4b12-8906-0f86977d5a79] [userId=a9876944-0518-4057-ba2b-5171c3a8bea7] [code=1000] [reason=]
2026-09-24 14:13:32 [WebSocketWorker-18] WARN  c.t.t.t.p.socket.SocketServer - Invalid access token.
2026-09-24 14:13:32 [WebSocketSelector-29] INFO  c.t.t.t.p.s.c.ConnectionManager - Getting connection by websocket
2026-09-24 14:13:32 [WebSocketSelector-29] WARN  c.t.t.t.p.s.c.ConnectionManager - Not found connection by websocket
2026-09-24 14:13:32 [WebSocketSelector-29] WARN  c.t.t.t.p.socket.SocketServer - Close connection. [code=1008] [reason=Invalid access token]
2026-09-24 14:14:06 [WebSocketWorker-19] INFO  c.t.t.t.p.s.c.ConnectionManager - A connection added on manager. [connectionId=2f49f6ed-9dfa-4ff9-a737-3bb2e331df18] [userId=a9876944-0518-4057-ba2b-5171c3a8bea7]
2026-09-24 14:14:08 [WebSocketSelector-29] INFO  c.t.t.t.p.s.c.ConnectionManager - Getting connection by websocket
2026-09-24 14:14:08 [WebSocketSelector-29] INFO  c.t.t.t.p.s.c.ConnectionManager - Got connection by websocket. [connectionId=2f49f6ed-9dfa-4ff9-a737-3bb2e331df18] [userId=a9876944-0518-4057-ba2b-5171c3a8bea7]
2026-09-24 14:14:08 [WebSocketSelector-29] INFO  c.t.t.t.p.s.c.ConnectionManager - Connection removed successfully. [connectionId=2f49f6ed-9dfa-4ff9-a737-3bb2e331df18] [userId=a9876944-0518-4057-ba2b-5171c3a8bea7]
2026-09-24 14:14:08 [WebSocketSelector-29] WARN  c.t.t.t.p.socket.SocketServer - Close connection. [connectionId=2f49f6ed-9dfa-4ff9-a737-3bb2e331df18] [userId=a9876944-0518-4057-ba2b-5171c3a8bea7] [code=1000] [reason=]
2026-09-24 14:14:10 [WebSocketWorker-20] INFO  c.t.t.t.p.s.c.ConnectionManager - A connection added on manager. [connectionId=006dac00-fc61-4e44-8b32-a22c48a3e9ba] [userId=a9876944-0518-4057-ba2b-5171c3a8bea7]
2026-09-24 14:14:15 [WebSocketSelector-29] INFO  c.t.t.t.p.s.c.ConnectionManager - Getting connection by websocket
2026-09-24 14:14:15 [WebSocketSelector-29] INFO  c.t.t.t.p.s.c.ConnectionManager - Got connection by websocket. [connectionId=006dac00-fc61-4e44-8b32-a22c48a3e9ba] [userId=a9876944-0518-4057-ba2b-5171c3a8bea7]
2026-09-24 14:14:15 [WebSocketSelector-29] INFO  c.t.t.t.p.s.c.ConnectionManager - Connection removed successfully. [connectionId=006dac00-fc61-4e44-8b32-a22c48a3e9ba] [userId=a9876944-0518-4057-ba2b-5171c3a8bea7]
2026-09-24 14:14:15 [WebSocketSelector-29] WARN  c.t.t.t.p.socket.SocketServer - Close connection. [connectionId=006dac00-fc61-4e44-8b32-a22c48a3e9ba] [userId=a9876944-0518-4057-ba2b-5171c3a8bea7] [code=1000] [reason=]
2026-09-24 14:14:30 [WebSocketWorker-21] WARN  c.t.t.t.p.socket.SocketServer - Invalid access token.
2026-09-24 14:14:30 [WebSocketSelector-29] INFO  c.t.t.t.p.s.c.ConnectionManager - Getting connection by websocket
2026-09-24 14:14:30 [WebSocketSelector-29] WARN  c.t.t.t.p.s.c.ConnectionManager - Not found connection by websocket
2026-09-24 14:14:30 [WebSocketSelector-29] WARN  c.t.t.t.p.socket.SocketServer - Close connection. [code=1008] [reason=Invalid access token]
2026-09-24 14:15:45 [WebSocketWorker-22] INFO  c.t.t.t.p.s.c.ConnectionManager - A connection added on manager. [connectionId=2704f525-587e-46df-afba-89fd6801bac3] [userId=64f51ab2-6a09-44f6-8606-bf4a0718d920]
2026-09-24 14:16:03 [WebSocketWorker-22] INFO  c.t.t.t.p.s.c.ConnectionManager - Getting connection by websocket
2026-09-24 14:16:03 [WebSocketWorker-22] INFO  c.t.t.t.p.s.c.ConnectionManager - Got connection by websocket. [connectionId=2704f525-587e-46df-afba-89fd6801bac3] [userId=64f51ab2-6a09-44f6-8606-bf4a0718d920]
2026-09-24 14:16:03 [WebSocketWorker-22] INFO  c.t.t.t.p.s.c.ConnectionManager - Sending message on broadcast
2026-09-24 14:16:03 [WebSocketWorker-22] INFO  c.t.t.t.p.s.c.ConnectionManager - Send message to connection. [connectionId=2704f525-587e-46df-afba-89fd6801bac3] [userId=64f51ab2-6a09-44f6-8606-bf4a0718d920]
2026-09-24 14:16:08 [WebSocketWorker-22] INFO  c.t.t.t.p.s.c.ConnectionManager - Getting connection by websocket
2026-09-24 14:16:08 [WebSocketWorker-22] INFO  c.t.t.t.p.s.c.ConnectionManager - Got connection by websocket. [connectionId=2704f525-587e-46df-afba-89fd6801bac3] [userId=64f51ab2-6a09-44f6-8606-bf4a0718d920]
2026-09-24 14:16:08 [WebSocketWorker-22] INFO  c.t.t.t.p.s.c.ConnectionManager - Sending message on broadcast
2026-09-24 14:16:08 [WebSocketWorker-22] INFO  c.t.t.t.p.s.c.ConnectionManager - Send message to connection. [connectionId=2704f525-587e-46df-afba-89fd6801bac3] [userId=64f51ab2-6a09-44f6-8606-bf4a0718d920]
2026-09-24 14:18:47 [WebSocketSelector-29] INFO  c.t.t.t.p.s.c.ConnectionManager - Getting connection by websocket
2026-09-24 14:18:47 [WebSocketSelector-29] INFO  c.t.t.t.p.s.c.ConnectionManager - Got connection by websocket. [connectionId=2704f525-587e-46df-afba-89fd6801bac3] [userId=64f51ab2-6a09-44f6-8606-bf4a0718d920]
2026-09-24 14:18:47 [WebSocketSelector-29] INFO  c.t.t.t.p.s.c.ConnectionManager - Connection removed successfully. [connectionId=2704f525-587e-46df-afba-89fd6801bac3] [userId=64f51ab2-6a09-44f6-8606-bf4a0718d920]
2026-09-24 14:18:47 [WebSocketSelector-29] WARN  c.t.t.t.p.socket.SocketServer - Close connection. [connectionId=2704f525-587e-46df-afba-89fd6801bac3] [userId=64f51ab2-6a09-44f6-8606-bf4a0718d920] [code=1000] [reason=]
2026-09-24 14:19:03 [WebSocketWorker-23] INFO  c.t.t.t.p.s.c.ConnectionManager - A connection added on manager. [connectionId=9e549d59-72fb-4963-bcec-6c7bea9bf1c4] [userId=64f51ab2-6a09-44f6-8606-bf4a0718d920]
2026-09-24 14:19:03 [WebSocketWorker-23] INFO  c.t.t.t.p.s.c.ConnectionManager - Getting connection by websocket
2026-09-24 14:19:03 [WebSocketWorker-23] INFO  c.t.t.t.p.s.c.ConnectionManager - Got connection by websocket. [connectionId=9e549d59-72fb-4963-bcec-6c7bea9bf1c4] [userId=64f51ab2-6a09-44f6-8606-bf4a0718d920]
2026-09-24 14:19:03 [WebSocketWorker-23] INFO  c.t.t.t.p.s.c.ConnectionManager - Sending message on broadcast
2026-09-24 14:19:03 [WebSocketWorker-23] INFO  c.t.t.t.p.s.c.ConnectionManager - Send message to connection. [connectionId=9e549d59-72fb-4963-bcec-6c7bea9bf1c4] [userId=64f51ab2-6a09-44f6-8606-bf4a0718d920]
2026-09-24 14:19:06 [WebSocketSelector-29] INFO  c.t.t.t.p.s.c.ConnectionManager - Getting connection by websocket
2026-09-24 14:19:06 [WebSocketSelector-29] INFO  c.t.t.t.p.s.c.ConnectionManager - Got connection by websocket. [connectionId=9e549d59-72fb-4963-bcec-6c7bea9bf1c4] [userId=64f51ab2-6a09-44f6-8606-bf4a0718d920]
2026-09-24 14:19:06 [WebSocketSelector-29] INFO  c.t.t.t.p.s.c.ConnectionManager - Connection removed successfully. [connectionId=9e549d59-72fb-4963-bcec-6c7bea9bf1c4] [userId=64f51ab2-6a09-44f6-8606-bf4a0718d920]
2026-09-24 14:19:06 [WebSocketSelector-29] WARN  c.t.t.t.p.socket.SocketServer - Close connection. [connectionId=9e549d59-72fb-4963-bcec-6c7bea9bf1c4] [userId=64f51ab2-6a09-44f6-8606-bf4a0718d920] [code=1000] [reason=]
2026-09-24 14:19:57 [WebSocketWorker-24] INFO  c.t.t.t.p.s.c.ConnectionManager - A connection added on manager. [connectionId=63565664-c1a5-4ec3-8642-170152f10435] [userId=64f51ab2-6a09-44f6-8606-bf4a0718d920]
2026-09-24 14:20:46 [WebSocketWorker-24] INFO  c.t.t.t.p.s.c.ConnectionManager - Getting connection by websocket
2026-09-24 14:20:46 [WebSocketWorker-24] INFO  c.t.t.t.p.s.c.ConnectionManager - Got connection by websocket. [connectionId=63565664-c1a5-4ec3-8642-170152f10435] [userId=64f51ab2-6a09-44f6-8606-bf4a0718d920]
2026-09-24 14:20:46 [WebSocketWorker-24] INFO  c.t.t.t.p.s.c.ConnectionManager - Sending message on broadcast
2026-09-24 14:20:46 [WebSocketWorker-24] INFO  c.t.t.t.p.s.c.ConnectionManager - Send message to connection. [connectionId=63565664-c1a5-4ec3-8642-170152f10435] [userId=64f51ab2-6a09-44f6-8606-bf4a0718d920]
2026-09-24 14:21:33 [WebSocketWorker-25] INFO  c.t.t.t.p.s.c.ConnectionManager - A connection added on manager. [connectionId=b196432a-e171-4c83-97b7-255041b81a1b] [userId=64f51ab2-6a09-44f6-8606-bf4a0718d920]
2026-09-24 14:21:42 [WebSocketWorker-25] INFO  c.t.t.t.p.s.c.ConnectionManager - Getting connection by websocket
2026-09-24 14:21:42 [WebSocketWorker-25] INFO  c.t.t.t.p.s.c.ConnectionManager - Got connection by websocket. [connectionId=b196432a-e171-4c83-97b7-255041b81a1b] [userId=64f51ab2-6a09-44f6-8606-bf4a0718d920]
2026-09-24 14:21:42 [WebSocketWorker-25] INFO  c.t.t.t.p.s.c.ConnectionManager - Sending message on broadcast
2026-09-24 14:21:42 [WebSocketWorker-25] INFO  c.t.t.t.p.s.c.ConnectionManager - Send message to connection. [connectionId=63565664-c1a5-4ec3-8642-170152f10435] [userId=64f51ab2-6a09-44f6-8606-bf4a0718d920]
2026-09-24 14:21:42 [WebSocketWorker-25] INFO  c.t.t.t.p.s.c.ConnectionManager - Send message to connection. [connectionId=b196432a-e171-4c83-97b7-255041b81a1b] [userId=64f51ab2-6a09-44f6-8606-bf4a0718d920]
2026-09-24 14:21:55 [WebSocketWorker-24] INFO  c.t.t.t.p.s.c.ConnectionManager - Getting connection by websocket
2026-09-24 14:21:55 [WebSocketWorker-24] INFO  c.t.t.t.p.s.c.ConnectionManager - Got connection by websocket. [connectionId=63565664-c1a5-4ec3-8642-170152f10435] [userId=64f51ab2-6a09-44f6-8606-bf4a0718d920]
2026-09-24 14:21:55 [WebSocketWorker-24] INFO  c.t.t.t.p.s.c.ConnectionManager - Sending message on broadcast
2026-09-24 14:21:55 [WebSocketWorker-24] INFO  c.t.t.t.p.s.c.ConnectionManager - Send message to connection. [connectionId=63565664-c1a5-4ec3-8642-170152f10435] [userId=64f51ab2-6a09-44f6-8606-bf4a0718d920]
2026-09-24 14:21:55 [WebSocketWorker-24] INFO  c.t.t.t.p.s.c.ConnectionManager - Send message to connection. [connectionId=b196432a-e171-4c83-97b7-255041b81a1b] [userId=64f51ab2-6a09-44f6-8606-bf4a0718d920]
2026-09-24 14:22:10 [WebSocketSelector-29] INFO  c.t.t.t.p.s.c.ConnectionManager - Getting connection by websocket
2026-09-24 14:22:10 [WebSocketSelector-29] INFO  c.t.t.t.p.s.c.ConnectionManager - Got connection by websocket. [connectionId=b196432a-e171-4c83-97b7-255041b81a1b] [userId=64f51ab2-6a09-44f6-8606-bf4a0718d920]
2026-09-24 14:22:10 [WebSocketSelector-29] INFO  c.t.t.t.p.s.c.ConnectionManager - Connection removed successfully. [connectionId=b196432a-e171-4c83-97b7-255041b81a1b] [userId=64f51ab2-6a09-44f6-8606-bf4a0718d920]
2026-09-24 14:22:10 [WebSocketSelector-29] WARN  c.t.t.t.p.socket.SocketServer - Close connection. [connectionId=b196432a-e171-4c83-97b7-255041b81a1b] [userId=64f51ab2-6a09-44f6-8606-bf4a0718d920] [code=1000] [reason=]
2026-09-24 14:22:11 [WebSocketSelector-29] INFO  c.t.t.t.p.s.c.ConnectionManager - Getting connection by websocket
2026-09-24 14:22:11 [WebSocketSelector-29] INFO  c.t.t.t.p.s.c.ConnectionManager - Got connection by websocket. [connectionId=63565664-c1a5-4ec3-8642-170152f10435] [userId=64f51ab2-6a09-44f6-8606-bf4a0718d920]
2026-09-24 14:22:11 [WebSocketSelector-29] INFO  c.t.t.t.p.s.c.ConnectionManager - Connection removed successfully. [connectionId=63565664-c1a5-4ec3-8642-170152f10435] [userId=64f51ab2-6a09-44f6-8606-bf4a0718d920]
2026-09-24 14:22:11 [WebSocketSelector-29] WARN  c.t.t.t.p.socket.SocketServer - Close connection. [connectionId=63565664-c1a5-4ec3-8642-170152f10435] [userId=64f51ab2-6a09-44f6-8606-bf4a0718d920] [code=1000] [reason=]
2026-09-28 19:57:14 [main] INFO  c.t.t.t.i.config.Environment - Instance Environment initialized.
2026-09-28 19:57:14 [main] INFO  c.t.t.t.i.security.JwtService - Instance JwtService initialized.
2026-09-28 19:57:15 [main] INFO  c.t.t.t.i.persistence.jpa.JpaUtil - Instance JpaUtil initialized.
2026-09-28 19:57:15 [main] INFO  c.t.t.t.i.p.j.r.UserJpaRepository - Instance UserJpaRepository initialized.
2026-09-28 19:57:15 [main] INFO  c.t.t.t.a.service.AuthServiceImpl - Instance AuthServiceImpl initialized. [InstanceId=482082765]
2026-09-28 19:57:15 [main] INFO  c.t.t.t.a.service.UserServiceImpl - Instance UserServiceImpl initialized. [InstanceId=667821226]
2026-09-28 19:57:15 [main] INFO  c.t.t.t.p.h.c.AuthController - Instance AuthController initialized.
2026-09-28 19:57:15 [main] INFO  c.t.t.t.p.s.c.ConnectionManager - Instance ConnectionManager initialized.
2026-09-28 19:57:15 [main] INFO  c.t.t.t.p.socket.room.RoomManager - Instance RoomManager initialized.
2026-09-28 19:57:15 [main] INFO  c.t.t.t.p.s.e.ExceptionSocketHandler - Instance ExceptionHttpHandler initialized.
2026-09-28 19:57:15 [WebSocketSelector-29] INFO  c.t.t.t.p.socket.SocketServer - WebSocketServer started successfully. [port=8081] [url=ws://localhost:8081]
2026-09-28 19:57:15 [main] INFO  org.eclipse.jetty.util.log - Logging initialized @1654ms to org.eclipse.jetty.util.log.Slf4jLog
2026-09-28 19:57:15 [main] INFO  io.javalin.Javalin - Starting Javalin ...
2026-09-28 19:57:15 [main] INFO  io.javalin.Javalin - You are running Javalin 4.6.8 (released May 4, 2023. Your Javalin version is 1243 days old. Consider checking for a newer version.).
2026-09-28 19:57:15 [main] INFO  io.javalin.Javalin - Listening on http://localhost:8080/
2026-09-28 19:57:15 [main] INFO  io.javalin.Javalin - Javalin started in 153ms \o/
2026-09-28 19:57:15 [main] INFO  c.t.t.t.presentation.http.HttpServer - Instance HttpServer initialized.
2026-09-28 19:57:15 [main] INFO  c.t.t.t.presentation.http.HttpServer - HttpServer started successfully. [port=8080] [url=http://localhost:8080]
2026-09-28 19:57:15 [main] INFO  com.tic.tac.toe.Application - Started Application
2026-09-28 20:21:31 [main] INFO  c.t.t.t.i.config.Environment - Instance Environment initialized.
2026-09-28 20:21:31 [main] INFO  c.t.t.t.i.security.JwtService - Instance JwtService initialized. [InstanceId=1566502717]
2026-09-28 20:21:32 [main] INFO  c.t.t.t.i.persistence.jpa.JpaUtil - Instance JpaUtil initialized. [InstanceId=835227336]
2026-09-28 20:21:32 [main] INFO  c.t.t.t.i.p.j.r.UserJpaRepository - Instance UserJpaRepository initialized.
2026-09-28 20:21:32 [main] INFO  c.t.t.t.a.service.AuthServiceImpl - Instance AuthServiceImpl initialized. [InstanceId=482082765]
2026-09-28 20:21:32 [main] INFO  c.t.t.t.a.service.UserServiceImpl - Instance UserServiceImpl initialized. [InstanceId=667821226]
2026-09-28 20:21:32 [main] INFO  c.t.t.t.p.h.c.AuthController - Instance AuthController initialized.
2026-09-28 20:21:32 [main] INFO  c.t.t.t.p.s.m.AuthorizedSocketMiddleware - Instance AuthorizedSocketMiddleware initialized. [InstanceId=1209702763]
2026-09-28 20:21:32 [main] INFO  c.t.t.t.p.s.c.ConnectionManager - Instance ConnectionManager initialized. [InstanceId=1028780142]
2026-09-28 20:21:32 [main] INFO  c.t.t.t.p.socket.room.RoomManager - Instance RoomManager initialized. [InstanceId=2128029086]
2026-09-28 20:21:32 [main] INFO  c.t.t.t.p.s.e.ExceptionSocketHandler - Instance ExceptionSocketHandler initialized. [InstanceId=1293241549]
2026-09-28 20:21:32 [main] INFO  c.t.t.t.p.s.e.h.GlobalMessageHandler - Instance GlobalMessageHandler initialized. [InstanceId=2032079962]
2026-09-28 20:21:32 [WebSocketSelector-29] INFO  c.t.t.t.p.socket.SocketServer - WebSocketServer started successfully. [port=8081] [url=ws://localhost:8081]
2026-09-28 20:21:32 [main] INFO  org.eclipse.jetty.util.log - Logging initialized @989ms to org.eclipse.jetty.util.log.Slf4jLog
2026-09-28 20:21:32 [main] INFO  io.javalin.Javalin - Starting Javalin ...
2026-09-28 20:21:32 [main] INFO  io.javalin.Javalin - You are running Javalin 4.6.8 (released May 4, 2023. Your Javalin version is 1243 days old. Consider checking for a newer version.).
2026-09-28 20:21:32 [main] INFO  io.javalin.Javalin - Listening on http://localhost:8080/
2026-09-28 20:21:32 [main] INFO  io.javalin.Javalin - Javalin started in 124ms \o/
2026-09-28 20:21:32 [main] INFO  c.t.t.t.presentation.http.HttpServer - Instance HttpServer initialized.
2026-09-28 20:21:32 [main] INFO  c.t.t.t.presentation.http.HttpServer - HttpServer started successfully. [port=8080] [url=http://localhost:8080]
2026-09-28 20:21:32 [main] INFO  com.tic.tac.toe.Application - Started Application
2026-09-28 20:22:06 [main] INFO  c.t.t.t.i.config.Environment - Instance Environment initialized.
2026-09-28 20:22:06 [main] INFO  c.t.t.t.i.security.JwtService - Instance JwtService initialized. [InstanceId=600746945]
2026-09-28 20:22:06 [main] INFO  c.t.t.t.i.persistence.jpa.JpaUtil - Instance JpaUtil initialized. [InstanceId=1034568234]
2026-09-28 20:22:06 [main] INFO  c.t.t.t.i.p.j.r.UserJpaRepository - Instance UserJpaRepository initialized.
2026-09-28 20:22:06 [main] INFO  c.t.t.t.a.service.AuthServiceImpl - Instance AuthServiceImpl initialized. [InstanceId=835227336]
2026-09-28 20:22:06 [main] INFO  c.t.t.t.a.service.UserServiceImpl - Instance UserServiceImpl initialized. [InstanceId=482082765]
2026-09-28 20:22:06 [main] INFO  c.t.t.t.p.h.c.AuthController - Instance AuthController initialized.
2026-09-28 20:22:06 [main] INFO  c.t.t.t.p.s.m.AuthorizedSocketMiddleware - Instance AuthorizedSocketMiddleware initialized. [InstanceId=667821226]
2026-09-28 20:22:06 [main] INFO  c.t.t.t.p.s.c.ConnectionManager - Instance ConnectionManager initialized. [InstanceId=1209702763] [SetClass=class java.util.HashSet]
2026-09-28 20:22:06 [main] INFO  c.t.t.t.p.socket.room.RoomManager - Instance RoomManager initialized. [InstanceId=1028780142]
2026-09-28 20:22:06 [main] INFO  c.t.t.t.p.s.e.ExceptionSocketHandler - Instance ExceptionSocketHandler initialized. [InstanceId=1707582034]
2026-09-28 20:22:06 [main] INFO  c.t.t.t.p.s.e.h.GlobalMessageHandler - Instance GlobalMessageHandler initialized. [InstanceId=504053874]
2026-09-28 20:22:06 [WebSocketSelector-29] INFO  c.t.t.t.p.socket.SocketServer - WebSocketServer started successfully. [port=8081] [url=ws://localhost:8081]
2026-09-28 20:22:06 [main] INFO  org.eclipse.jetty.util.log - Logging initialized @906ms to org.eclipse.jetty.util.log.Slf4jLog
2026-09-28 20:22:06 [main] INFO  io.javalin.Javalin - Starting Javalin ...
2026-09-28 20:22:06 [main] INFO  io.javalin.Javalin - You are running Javalin 4.6.8 (released May 4, 2023. Your Javalin version is 1243 days old. Consider checking for a newer version.).
2026-09-28 20:22:06 [main] INFO  io.javalin.Javalin - Listening on http://localhost:8080/
2026-09-28 20:22:06 [main] INFO  io.javalin.Javalin - Javalin started in 131ms \o/
2026-09-28 20:22:06 [main] INFO  c.t.t.t.presentation.http.HttpServer - Instance HttpServer initialized.
2026-09-28 20:22:06 [main] INFO  c.t.t.t.presentation.http.HttpServer - HttpServer started successfully. [port=8080] [url=http://localhost:8080]
2026-09-28 20:22:06 [main] INFO  com.tic.tac.toe.Application - Started Application
2026-09-28 20:23:26 [main] INFO  c.t.t.t.i.config.Environment - Instance Environment initialized.
2026-09-28 20:23:26 [main] INFO  c.t.t.t.i.security.JwtService - Instance JwtService initialized. [InstanceId=600746945]
2026-09-28 20:23:26 [main] INFO  c.t.t.t.i.persistence.jpa.JpaUtil - Instance JpaUtil initialized. [InstanceId=1034568234]
2026-09-28 20:23:26 [main] INFO  c.t.t.t.i.p.j.r.UserJpaRepository - Instance UserJpaRepository initialized.
2026-09-28 20:23:26 [main] INFO  c.t.t.t.a.service.AuthServiceImpl - Instance AuthServiceImpl initialized. [InstanceId=835227336]
2026-09-28 20:23:26 [main] INFO  c.t.t.t.a.service.UserServiceImpl - Instance UserServiceImpl initialized. [InstanceId=482082765]
2026-09-28 20:23:26 [main] INFO  c.t.t.t.p.h.m.AuthorizedHttpMiddleware - Instance AuthorizedHttpMiddleware initialized. [InstanceId=667821226]
2026-09-28 20:23:26 [main] INFO  c.t.t.t.p.h.c.AuthController - Instance AuthController initialized. [InstanceId=1209702763]
2026-09-28 20:23:26 [main] INFO  c.t.t.t.p.s.m.AuthorizedSocketMiddleware - Instance AuthorizedSocketMiddleware initialized. [InstanceId=1028780142]
2026-09-28 20:23:26 [main] INFO  c.t.t.t.p.s.c.ConnectionManager - Instance ConnectionManager initialized. [InstanceId=2128029086]
2026-09-28 20:23:26 [main] INFO  c.t.t.t.p.socket.room.RoomManager - Instance RoomManager initialized. [InstanceId=686466458]
2026-09-28 20:23:26 [main] INFO  c.t.t.t.p.s.e.ExceptionSocketHandler - Instance ExceptionSocketHandler initialized. [InstanceId=580673921]
2026-09-28 20:23:26 [main] INFO  c.t.t.t.p.s.e.h.GlobalMessageHandler - Instance GlobalMessageHandler initialized. [InstanceId=953082513]
2026-09-28 20:23:26 [WebSocketSelector-29] INFO  c.t.t.t.p.socket.SocketServer - WebSocketServer started successfully. [port=8081] [url=ws://localhost:8081]
2026-09-28 20:23:26 [main] INFO  org.eclipse.jetty.util.log - Logging initialized @932ms to org.eclipse.jetty.util.log.Slf4jLog
2026-09-28 20:23:26 [main] INFO  io.javalin.Javalin - Starting Javalin ...
2026-09-28 20:23:26 [main] INFO  io.javalin.Javalin - You are running Javalin 4.6.8 (released May 4, 2023. Your Javalin version is 1243 days old. Consider checking for a newer version.).
2026-09-28 20:23:27 [main] INFO  io.javalin.Javalin - Listening on http://localhost:8080/
2026-09-28 20:23:27 [main] INFO  io.javalin.Javalin - Javalin started in 127ms \o/
2026-09-28 20:23:27 [main] INFO  c.t.t.t.presentation.http.HttpServer - Instance HttpServer initialized.
2026-09-28 20:23:27 [main] INFO  c.t.t.t.presentation.http.HttpServer - HttpServer started successfully. [port=8080] [url=http://localhost:8080]
2026-09-28 20:23:27 [main] INFO  com.tic.tac.toe.Application - Started Application
2026-09-28 20:23:40 [main] INFO  c.t.t.t.i.config.Environment - Instance Environment initialized.
2026-09-28 20:23:40 [main] INFO  c.t.t.t.i.security.JwtService - Instance JwtService initialized. [InstanceId=600746945]
2026-09-28 20:23:40 [main] INFO  c.t.t.t.i.persistence.jpa.JpaUtil - Instance JpaUtil initialized. [InstanceId=1034568234]
2026-09-28 20:23:40 [main] INFO  c.t.t.t.i.p.j.r.UserJpaRepository - Instance UserJpaRepository initialized.
2026-09-28 20:23:40 [main] INFO  c.t.t.t.a.service.AuthServiceImpl - Instance AuthServiceImpl initialized. [InstanceId=835227336]
2026-09-28 20:23:40 [main] INFO  c.t.t.t.a.service.UserServiceImpl - Instance UserServiceImpl initialized. [InstanceId=482082765]
2026-09-28 20:23:40 [main] INFO  c.t.t.t.p.h.m.AuthorizedHttpMiddleware - Instance AuthorizedHttpMiddleware initialized. [InstanceId=667821226]
2026-09-28 20:23:40 [main] INFO  c.t.t.t.p.h.c.AuthController - Instance AuthController initialized. [InstanceId=1209702763]
2026-09-28 20:23:40 [main] INFO  c.t.t.t.p.s.m.AuthorizedSocketMiddleware - Instance AuthorizedSocketMiddleware initialized. [InstanceId=1028780142]
2026-09-28 20:23:40 [main] INFO  c.t.t.t.p.s.c.ConnectionManager - Instance ConnectionManager initialized. [InstanceId=2128029086]
2026-09-28 20:23:40 [main] INFO  c.t.t.t.p.socket.room.RoomManager - Instance RoomManager initialized. [InstanceId=686466458]
2026-09-28 20:23:40 [main] INFO  c.t.t.t.p.s.e.ExceptionSocketHandler - Instance ExceptionSocketHandler initialized. [InstanceId=580673921]
2026-09-28 20:23:41 [main] INFO  c.t.t.t.p.s.e.h.GlobalMessageHandler - Instance GlobalMessageHandler initialized. [InstanceId=953082513]
2026-09-28 20:23:41 [WebSocketSelector-29] INFO  c.t.t.t.p.socket.SocketServer - WebSocketServer started successfully. [port=8081] [url=ws://localhost:8081]
2026-09-28 20:23:41 [main] INFO  org.eclipse.jetty.util.log - Logging initialized @907ms to org.eclipse.jetty.util.log.Slf4jLog
2026-09-28 20:23:41 [main] INFO  io.javalin.Javalin - Starting Javalin ...
2026-09-28 20:23:41 [main] INFO  io.javalin.Javalin - You are running Javalin 4.6.8 (released May 4, 2023. Your Javalin version is 1243 days old. Consider checking for a newer version.).
2026-09-28 20:23:41 [main] INFO  io.javalin.Javalin - Listening on http://localhost:8080/
2026-09-28 20:23:41 [main] INFO  io.javalin.Javalin - Javalin started in 139ms \o/
2026-09-28 20:23:41 [main] INFO  c.t.t.t.presentation.http.HttpServer - Instance HttpServer initialized.
2026-09-28 20:23:41 [main] INFO  c.t.t.t.presentation.http.HttpServer - HttpServer started successfully. [port=8080] [url=http://localhost:8080]
2026-09-28 20:23:41 [main] INFO  com.tic.tac.toe.Application - Started Application
2026-09-28 20:25:06 [main] INFO  c.t.t.t.i.config.Environment - Instance Environment initialized. [InstanceId=1394336709]
2026-09-28 20:25:06 [main] INFO  c.t.t.t.i.security.JwtService - Instance JwtService initialized. [InstanceId=1566502717]
2026-09-28 20:25:06 [main] INFO  c.t.t.t.i.persistence.jpa.JpaUtil - Instance JpaUtil initialized. [InstanceId=835227336]
2026-09-28 20:25:06 [main] INFO  c.t.t.t.i.p.j.r.UserJpaRepository - Instance UserJpaRepository initialized. [InstanceId=482082765]
2026-09-28 20:25:06 [main] INFO  c.t.t.t.a.service.AuthServiceImpl - Instance AuthServiceImpl initialized. [InstanceId=667821226]
2026-09-28 20:25:06 [main] INFO  c.t.t.t.a.service.UserServiceImpl - Instance UserServiceImpl initialized. [InstanceId=1209702763]
2026-09-28 20:25:06 [main] INFO  c.t.t.t.p.h.m.AuthorizedHttpMiddleware - Instance AuthorizedHttpMiddleware initialized. [InstanceId=1028780142]
2026-09-28 20:25:06 [main] INFO  c.t.t.t.p.h.c.AuthController - Instance AuthController initialized. [InstanceId=2128029086]
2026-09-28 20:25:06 [main] INFO  c.t.t.t.p.s.m.AuthorizedSocketMiddleware - Instance AuthorizedSocketMiddleware initialized. [InstanceId=686466458]
2026-09-28 20:25:06 [main] INFO  c.t.t.t.p.s.c.ConnectionManager - Instance ConnectionManager initialized. [InstanceId=875016237]
2026-09-28 20:25:06 [main] INFO  c.t.t.t.p.socket.room.RoomManager - Instance RoomManager initialized. [InstanceId=105374791]
2026-09-28 20:25:06 [main] INFO  c.t.t.t.p.s.e.ExceptionSocketHandler - Instance ExceptionSocketHandler initialized. [InstanceId=504053874]
2026-09-28 20:25:06 [main] INFO  c.t.t.t.p.s.e.h.GlobalMessageHandler - Instance GlobalMessageHandler initialized. [InstanceId=252277567]
2026-09-28 20:25:06 [WebSocketSelector-29] INFO  c.t.t.t.p.socket.SocketServer - WebSocketServer started successfully. [port=8081] [url=ws://localhost:8081]
2026-09-28 20:25:06 [main] INFO  org.eclipse.jetty.util.log - Logging initialized @919ms to org.eclipse.jetty.util.log.Slf4jLog
2026-09-28 20:25:06 [main] INFO  io.javalin.Javalin - Starting Javalin ...
2026-09-28 20:25:06 [main] INFO  io.javalin.Javalin - You are running Javalin 4.6.8 (released May 4, 2023. Your Javalin version is 1243 days old. Consider checking for a newer version.).
2026-09-28 20:25:06 [main] INFO  io.javalin.Javalin - Listening on http://localhost:8080/
2026-09-28 20:25:06 [main] INFO  io.javalin.Javalin - Javalin started in 129ms \o/
2026-09-28 20:25:06 [main] INFO  c.t.t.t.presentation.http.HttpServer - Instance HttpServer initialized.
2026-09-28 20:25:06 [main] INFO  c.t.t.t.presentation.http.HttpServer - HttpServer started successfully. [port=8080] [url=http://localhost:8080]
2026-09-28 20:25:06 [main] INFO  com.tic.tac.toe.Application - Started Application
2026-09-29 13:53:48 [main] INFO  c.t.t.t.i.config.Environment - Instance Environment initialized. [InstanceId=748658608]
2026-09-29 13:53:48 [main] INFO  c.t.t.t.i.security.JwtService - Instance JwtService initialized. [InstanceId=981661423]
2026-09-29 13:53:48 [main] INFO  c.t.t.t.i.persistence.jpa.JpaUtil - Instance JpaUtil initialized. [InstanceId=1209702763]
2026-09-29 13:53:48 [main] INFO  c.t.t.t.i.p.j.r.UserJpaRepository - Instance UserJpaRepository initialized. [InstanceId=1028780142]
2026-09-29 13:53:48 [main] INFO  c.t.t.t.i.p.j.r.RoomPlayerJpaRepository - Instance RoomPlayerJpaRepository initialized. [InstanceId=2128029086]
2026-09-29 13:53:48 [main] INFO  c.t.t.t.a.service.AuthServiceImpl - Instance AuthServiceImpl initialized. [InstanceId=686466458]
2026-09-29 13:53:48 [main] INFO  c.t.t.t.a.service.UserServiceImpl - Instance UserServiceImpl initialized. [InstanceId=875016237]
2026-09-29 13:53:48 [main] INFO  c.t.t.t.p.h.m.AuthorizedHttpMiddleware - Instance AuthorizedHttpMiddleware initialized. [InstanceId=105374791]
2026-09-29 13:53:48 [main] INFO  c.t.t.t.p.h.c.AuthController - Instance AuthController initialized. [InstanceId=1107024580]
2026-09-29 13:53:48 [main] INFO  c.t.t.t.p.s.m.AuthorizedSocketMiddleware - Instance AuthorizedSocketMiddleware initialized. [InstanceId=1010856212]
2026-09-29 13:53:48 [main] INFO  c.t.t.t.p.s.c.ConnectionManager - Instance ConnectionManager initialized. [InstanceId=904861801]
2026-09-29 13:53:48 [main] INFO  c.t.t.t.p.socket.room.RoomManager - Instance RoomManager initialized. [InstanceId=204715855]
2026-09-29 13:53:49 [main] INFO  c.t.t.t.p.s.e.ExceptionSocketHandler - Instance ExceptionSocketHandler initialized. [InstanceId=252277567]
2026-09-29 13:53:49 [main] INFO  c.t.t.t.p.s.e.h.GlobalMessageHandler - Instance GlobalMessageHandler initialized. [InstanceId=1665197552]
2026-09-29 13:53:49 [WebSocketSelector-29] INFO  c.t.t.t.p.socket.SocketServer - WebSocketServer started successfully. [port=8081] [url=ws://localhost:8081]
2026-09-29 13:53:49 [main] INFO  org.eclipse.jetty.util.log - Logging initialized @1900ms to org.eclipse.jetty.util.log.Slf4jLog
2026-09-29 13:53:49 [main] INFO  io.javalin.Javalin - Starting Javalin ...
2026-09-29 13:53:49 [main] INFO  io.javalin.Javalin - You are running Javalin 4.6.8 (released May 4, 2023. Your Javalin version is 1244 days old. Consider checking for a newer version.).
2026-09-29 13:53:49 [main] INFO  io.javalin.Javalin - Listening on http://localhost:8080/
2026-09-29 13:53:49 [main] INFO  io.javalin.Javalin - Javalin started in 177ms \o/
2026-09-29 13:53:49 [main] INFO  c.t.t.t.presentation.http.HttpServer - Instance HttpServer initialized.
2026-09-29 13:53:49 [main] INFO  c.t.t.t.presentation.http.HttpServer - HttpServer started successfully. [port=8080] [url=http://localhost:8080]
2026-09-29 13:53:49 [main] INFO  com.tic.tac.toe.Application - Started Application
2026-09-29 14:18:53 [main] INFO  c.t.t.t.i.config.Environment - Instance Environment initialized. [InstanceId=748658608]
2026-09-29 14:18:53 [main] INFO  c.t.t.t.i.security.JwtService - Instance JwtService initialized. [InstanceId=981661423]
2026-09-29 14:18:54 [main] INFO  c.t.t.t.i.persistence.jpa.JpaUtil - Instance JpaUtil initialized. [InstanceId=1028780142]
2026-09-29 14:18:54 [main] INFO  c.t.t.t.i.p.j.r.UserJpaRepository - Instance UserJpaRepository initialized. [InstanceId=2128029086]
2026-09-29 14:18:54 [main] INFO  c.t.t.t.i.p.j.r.RoomJpaRepository - Instance RoomPlayerJpaRepository initialized. [InstanceId=686466458]
2026-09-29 14:18:54 [main] INFO  c.t.t.t.i.p.j.r.RoomPlayerJpaRepository - Instance RoomPlayerJpaRepository initialized. [InstanceId=875016237]
2026-09-29 14:18:54 [main] INFO  c.t.t.t.a.service.AuthServiceImpl - Instance AuthServiceImpl initialized. [InstanceId=105374791]
2026-09-29 14:18:54 [main] INFO  c.t.t.t.a.service.UserServiceImpl - Instance UserServiceImpl initialized. [InstanceId=1107024580]
2026-09-29 14:18:54 [main] INFO  c.t.t.t.p.h.m.AuthorizedHttpMiddleware - Instance AuthorizedHttpMiddleware initialized. [InstanceId=1010856212]
2026-09-29 14:18:54 [main] INFO  c.t.t.t.p.h.c.AuthController - Instance AuthController initialized. [InstanceId=904861801]
2026-09-29 14:18:54 [main] INFO  c.t.t.t.p.s.m.AuthorizedSocketMiddleware - Instance AuthorizedSocketMiddleware initialized. [InstanceId=204715855]
2026-09-29 14:18:54 [main] INFO  c.t.t.t.p.s.c.ConnectionManager - Instance ConnectionManager initialized. [InstanceId=318857719]
2026-09-29 14:18:54 [main] INFO  c.t.t.t.p.socket.room.RoomManager - Instance RoomManager initialized. [InstanceId=745962066]
2026-09-29 14:18:54 [main] INFO  c.t.t.t.p.s.e.ExceptionSocketHandler - Instance ExceptionSocketHandler initialized. [InstanceId=1101048445]
2026-09-29 14:18:54 [main] INFO  c.t.t.t.p.s.e.h.GlobalMessageHandler - Instance GlobalMessageHandler initialized. [InstanceId=20853837]
2026-09-29 14:18:54 [WebSocketSelector-29] INFO  c.t.t.t.p.socket.SocketServer - WebSocketServer started successfully. [port=8081] [url=ws://localhost:8081]
2026-09-29 14:18:54 [main] INFO  org.eclipse.jetty.util.log - Logging initialized @1135ms to org.eclipse.jetty.util.log.Slf4jLog
2026-09-29 14:18:54 [main] INFO  io.javalin.Javalin - Starting Javalin ...
2026-09-29 14:18:54 [main] INFO  io.javalin.Javalin - You are running Javalin 4.6.8 (released May 4, 2023. Your Javalin version is 1244 days old. Consider checking for a newer version.).
2026-09-29 14:18:54 [main] INFO  io.javalin.Javalin - Listening on http://localhost:8080/
2026-09-29 14:18:54 [main] INFO  io.javalin.Javalin - Javalin started in 151ms \o/
2026-09-29 14:18:54 [main] INFO  c.t.t.t.presentation.http.HttpServer - Instance HttpServer initialized.
2026-09-29 14:18:54 [main] INFO  c.t.t.t.presentation.http.HttpServer - HttpServer started successfully. [port=8080] [url=http://localhost:8080]
2026-09-29 14:18:54 [main] INFO  com.tic.tac.toe.Application - Started Application
2026-09-29 14:19:54 [main] INFO  c.t.t.t.i.config.Environment - Instance Environment initialized. [InstanceId=1394336709]
2026-09-29 14:19:54 [main] INFO  c.t.t.t.i.security.JwtService - Instance JwtService initialized. [InstanceId=1566502717]
2026-09-29 14:19:55 [main] INFO  c.t.t.t.i.persistence.jpa.JpaUtil - Instance JpaUtil initialized. [InstanceId=835227336]
2026-09-29 14:19:55 [main] INFO  c.t.t.t.i.p.j.r.UserJpaRepository - Instance UserJpaRepository initialized. [InstanceId=482082765]
2026-09-29 14:19:55 [main] INFO  c.t.t.t.i.p.j.r.RoomJpaRepository - Instance RoomJpaRepository initialized. [InstanceId=667821226]
2026-09-29 14:19:55 [main] INFO  c.t.t.t.i.p.j.r.RoomPlayerJpaRepository - Instance RoomPlayerJpaRepository initialized. [InstanceId=1209702763]
2026-09-29 14:19:55 [main] INFO  c.t.t.t.a.service.AuthServiceImpl - Instance AuthServiceImpl initialized. [InstanceId=1028780142]
2026-09-29 14:19:55 [main] INFO  c.t.t.t.a.service.UserServiceImpl - Instance UserServiceImpl initialized. [InstanceId=2128029086]
2026-09-29 14:19:55 [main] INFO  c.t.t.t.p.h.m.AuthorizedHttpMiddleware - Instance AuthorizedHttpMiddleware initialized. [InstanceId=686466458]
2026-09-29 14:19:55 [main] INFO  c.t.t.t.p.h.c.AuthController - Instance AuthController initialized. [InstanceId=875016237]
2026-09-29 14:19:55 [main] INFO  c.t.t.t.p.s.m.AuthorizedSocketMiddleware - Instance AuthorizedSocketMiddleware initialized. [InstanceId=105374791]
2026-09-29 14:19:55 [main] INFO  c.t.t.t.p.s.c.ConnectionManager - Instance ConnectionManager initialized. [InstanceId=1107024580]
2026-09-29 14:19:55 [main] INFO  c.t.t.t.p.socket.room.RoomManager - Instance RoomManager initialized. [InstanceId=1010856212]
2026-09-29 14:19:55 [main] INFO  c.t.t.t.p.s.e.ExceptionSocketHandler - Instance ExceptionSocketHandler initialized. [InstanceId=953082513]
2026-09-29 14:19:55 [main] INFO  c.t.t.t.p.s.e.h.GlobalMessageHandler - Instance GlobalMessageHandler initialized. [InstanceId=1101048445]
2026-09-29 14:19:55 [WebSocketSelector-29] INFO  c.t.t.t.p.socket.SocketServer - WebSocketServer started successfully. [port=8081] [url=ws://localhost:8081]
2026-09-29 14:19:55 [main] INFO  org.eclipse.jetty.util.log - Logging initialized @1032ms to org.eclipse.jetty.util.log.Slf4jLog
2026-09-29 14:19:55 [main] INFO  io.javalin.Javalin - Starting Javalin ...
2026-09-29 14:19:55 [main] INFO  io.javalin.Javalin - You are running Javalin 4.6.8 (released May 4, 2023. Your Javalin version is 1244 days old. Consider checking for a newer version.).
2026-09-29 14:19:55 [main] INFO  io.javalin.Javalin - Listening on http://localhost:8080/
2026-09-29 14:19:55 [main] INFO  io.javalin.Javalin - Javalin started in 148ms \o/
2026-09-29 14:19:55 [main] INFO  c.t.t.t.presentation.http.HttpServer - Instance HttpServer initialized.
2026-09-29 14:19:55 [main] INFO  c.t.t.t.presentation.http.HttpServer - HttpServer started successfully. [port=8080] [url=http://localhost:8080]
2026-09-29 14:19:55 [main] INFO  com.tic.tac.toe.Application - Started Application
2026-10-01 13:17:02 [main] INFO  c.t.t.t.i.config.Environment - Instance Environment initialized. [InstanceId=120960120]
2026-10-01 13:17:02 [main] INFO  c.t.t.t.i.security.JwtService - Instance JwtService initialized. [InstanceId=1824835605]
2026-10-01 13:17:03 [main] INFO  c.t.t.t.i.persistence.jpa.JpaUtil - Instance JpaUtil initialized. [InstanceId=667821226]
2026-10-01 13:17:03 [main] INFO  c.t.t.t.i.p.j.r.UserJpaRepository - Instance UserJpaRepository initialized. [InstanceId=1209702763]
2026-10-01 13:17:03 [main] INFO  c.t.t.t.i.p.j.r.RoomJpaRepository - Instance RoomJpaRepository initialized. [InstanceId=1028780142]
2026-10-01 13:17:03 [main] INFO  c.t.t.t.i.p.j.r.RoomPlayerJpaRepository - Instance RoomPlayerJpaRepository initialized. [InstanceId=2128029086]
2026-10-01 13:17:03 [main] INFO  c.t.t.t.a.service.AuthServiceImpl - Instance AuthServiceImpl initialized. [InstanceId=686466458]
2026-10-01 13:17:03 [main] INFO  c.t.t.t.a.service.UserServiceImpl - Instance UserServiceImpl initialized. [InstanceId=875016237]
2026-10-01 13:17:03 [main] INFO  c.t.t.t.p.h.m.AuthorizedHttpMiddleware - Instance AuthorizedHttpMiddleware initialized. [InstanceId=105374791]
2026-10-01 13:17:03 [main] INFO  c.t.t.t.p.h.c.AuthController - Instance AuthController initialized. [InstanceId=1107024580]
2026-10-01 13:17:03 [main] INFO  c.t.t.t.p.s.m.AuthorizedSocketMiddleware - Instance AuthorizedSocketMiddleware initialized. [InstanceId=1010856212]
2026-10-01 13:17:03 [main] INFO  c.t.t.t.p.s.c.ConnectionManager - Instance ConnectionManager initialized. [InstanceId=904861801]
2026-10-01 13:17:03 [main] INFO  c.t.t.t.p.socket.room.RoomManager - Instance RoomManager initialized. [InstanceId=204715855]
2026-10-01 13:17:04 [main] INFO  c.t.t.t.p.s.e.ExceptionSocketHandler - Instance ExceptionSocketHandler initialized. [InstanceId=252277567]
2026-10-01 13:17:04 [main] INFO  c.t.t.t.p.s.e.h.GlobalMessageHandler - Instance GlobalMessageHandler initialized. [InstanceId=664070838]
2026-10-01 13:17:04 [WebSocketSelector-29] INFO  c.t.t.t.p.socket.SocketServer - WebSocketServer started successfully. [port=8081] [url=ws://localhost:8081]
2026-10-01 13:17:04 [main] INFO  org.eclipse.jetty.util.log - Logging initialized @1943ms to org.eclipse.jetty.util.log.Slf4jLog
2026-10-01 13:17:04 [main] INFO  io.javalin.Javalin - Starting Javalin ...
2026-10-01 13:17:04 [main] INFO  io.javalin.Javalin - You are running Javalin 4.6.8 (released May 4, 2023. Your Javalin version is 1246 days old. Consider checking for a newer version.).
2026-10-01 13:17:04 [main] INFO  io.javalin.Javalin - Listening on http://localhost:8080/
2026-10-01 13:17:04 [main] INFO  io.javalin.Javalin - Javalin started in 185ms \o/
2026-10-01 13:17:04 [main] INFO  c.t.t.t.presentation.http.HttpServer - Instance HttpServer initialized.
2026-10-01 13:17:04 [main] INFO  c.t.t.t.presentation.http.HttpServer - HttpServer started successfully. [port=8080] [url=http://localhost:8080]
2026-10-01 13:17:04 [main] INFO  com.tic.tac.toe.Application - Started Application
2026-10-01 13:52:21 [main] INFO  c.t.t.t.i.config.Environment - Instance Environment initialized. [InstanceId=55909012]
2026-10-01 13:52:21 [main] INFO  c.t.t.t.i.security.JwtService - Instance JwtService initialized. [InstanceId=600746945]
2026-10-01 13:52:21 [main] INFO  c.t.t.t.i.persistence.jpa.JpaUtil - Instance JpaUtil initialized. [InstanceId=1034568234]
2026-10-01 13:52:21 [main] INFO  c.t.t.t.i.p.j.r.UserJpaRepository - Instance UserJpaRepository initialized. [InstanceId=835227336]
2026-10-01 13:55:01 [main] INFO  c.t.t.t.i.config.Environment - Instance Environment initialized. [InstanceId=1394336709]
2026-10-01 13:55:01 [main] INFO  c.t.t.t.i.security.JwtService - Instance JwtService initialized. [InstanceId=1566502717]
2026-10-01 13:55:02 [main] INFO  c.t.t.t.i.persistence.jpa.JpaUtil - Instance JpaUtil initialized. [InstanceId=835227336]
2026-10-01 13:55:02 [main] INFO  c.t.t.t.i.p.j.r.UserJpaRepository - Instance UserJpaRepository initialized. [InstanceId=482082765]
2026-10-01 13:55:02 [main] INFO  c.t.t.t.i.p.j.r.RoomJpaRepository - Instance RoomJpaRepository initialized. [InstanceId=667821226]
2026-10-01 13:55:02 [main] INFO  c.t.t.t.i.p.j.r.RoomPlayerJpaRepository - Instance RoomPlayerJpaRepository initialized. [InstanceId=1209702763]
2026-10-01 13:55:02 [main] INFO  c.t.t.t.a.service.AuthServiceImpl - Instance AuthServiceImpl initialized. [InstanceId=1028780142]
2026-10-01 13:55:02 [main] INFO  c.t.t.t.a.service.UserServiceImpl - Instance UserServiceImpl initialized. [InstanceId=2128029086]
2026-10-01 13:55:02 [main] INFO  c.t.t.t.a.service.RoomServiceImpl - Instance RoomServiceImpl initialized. [InstanceId=686466458]
2026-10-01 13:55:02 [main] INFO  c.t.t.t.p.h.m.AuthorizedHttpMiddleware - Instance AuthorizedHttpMiddleware initialized. [InstanceId=875016237]
2026-10-01 13:55:02 [main] INFO  c.t.t.t.p.h.c.AuthController - Instance AuthController initialized. [InstanceId=105374791]
2026-10-01 13:55:02 [main] INFO  c.t.t.t.p.s.m.AuthorizedSocketMiddleware - Instance AuthorizedSocketMiddleware initialized. [InstanceId=1107024580]
2026-10-01 13:55:02 [main] INFO  c.t.t.t.p.s.c.ConnectionManager - Instance ConnectionManager initialized. [InstanceId=1010856212]
2026-10-01 13:55:02 [main] INFO  c.t.t.t.p.socket.room.RoomManager - Instance RoomManager initialized. [InstanceId=904861801]
2026-10-01 13:55:02 [main] INFO  c.t.t.t.p.s.e.ExceptionSocketHandler - Instance ExceptionSocketHandler initialized. [InstanceId=1262854901]
2026-10-01 13:55:02 [main] INFO  c.t.t.t.p.s.e.h.GlobalMessageHandler - Instance GlobalMessageHandler initialized. [InstanceId=1101048445]
2026-10-01 13:55:02 [main] INFO  c.t.t.t.p.s.e.h.CreateRoomHandler - Instance CreateRoomHandler initialized. [InstanceId=1665197552]
2026-10-01 13:55:02 [WebSocketSelector-29] INFO  c.t.t.t.p.socket.SocketServer - WebSocketServer started successfully. [port=8081] [url=ws://localhost:8081]
2026-10-01 13:55:02 [main] INFO  org.eclipse.jetty.util.log - Logging initialized @1288ms to org.eclipse.jetty.util.log.Slf4jLog
2026-10-01 13:55:02 [main] INFO  io.javalin.Javalin - Starting Javalin ...
2026-10-01 13:55:02 [main] INFO  io.javalin.Javalin - You are running Javalin 4.6.8 (released May 4, 2023. Your Javalin version is 1246 days old. Consider checking for a newer version.).
2026-10-01 13:55:03 [main] INFO  io.javalin.Javalin - Listening on http://localhost:8080/
2026-10-01 13:55:03 [main] INFO  io.javalin.Javalin - Javalin started in 191ms \o/
2026-10-01 13:55:03 [main] INFO  c.t.t.t.presentation.http.HttpServer - Instance HttpServer initialized.
2026-10-01 13:55:03 [main] INFO  c.t.t.t.presentation.http.HttpServer - HttpServer started successfully. [port=8080] [url=http://localhost:8080]
2026-10-01 13:55:03 [main] INFO  com.tic.tac.toe.Application - Started Application
2026-10-01 13:57:31 [JettyServerThreadPool-46] INFO  c.t.t.t.presentation.http.HttpServer - METHOD: POST, HOST: localhost:8080, PATH: /api/v1/auth/login, CONTENT_LENGTH: 65
2026-10-01 13:57:34 [JettyServerThreadPool-46] INFO  c.t.t.t.a.service.AuthServiceImpl - Trying login. [email=testete@eemail.com]
2026-10-01 13:57:35 [JettyServerThreadPool-46] INFO  c.t.t.t.a.service.AuthServiceImpl - Login successfully. [userId=64f51ab2-6a09-44f6-8606-bf4a0718d920]
2026-10-01 13:58:43 [WebSocketWorker-17] INFO  c.t.t.t.p.s.c.ConnectionManager - A connection added on manager. [connectionId=365d60bb-05da-4e2c-b0ba-1f77841846d0] [userId=64f51ab2-6a09-44f6-8606-bf4a0718d920]
2026-10-01 13:58:43 [WebSocketWorker-17] INFO  c.t.t.t.p.s.c.ConnectionManager - Getting connection by websocket
2026-10-01 13:58:43 [WebSocketWorker-17] INFO  c.t.t.t.p.s.c.ConnectionManager - Got connection by websocket. [connectionId=365d60bb-05da-4e2c-b0ba-1f77841846d0] [userId=64f51ab2-6a09-44f6-8606-bf4a0718d920]
2026-10-01 13:58:43 [WebSocketWorker-17] INFO  c.t.t.t.p.s.c.ConnectionManager - Sending message on broadcast
2026-10-01 13:58:43 [WebSocketWorker-17] INFO  c.t.t.t.p.s.c.ConnectionManager - Send message to connection. [connectionId=365d60bb-05da-4e2c-b0ba-1f77841846d0] [userId=64f51ab2-6a09-44f6-8606-bf4a0718d920]
2026-10-01 13:58:45 [WebSocketSelector-29] INFO  c.t.t.t.p.s.c.ConnectionManager - Getting connection by websocket
2026-10-01 13:58:45 [WebSocketSelector-29] INFO  c.t.t.t.p.s.c.ConnectionManager - Got connection by websocket. [connectionId=365d60bb-05da-4e2c-b0ba-1f77841846d0] [userId=64f51ab2-6a09-44f6-8606-bf4a0718d920]
2026-10-01 13:58:45 [WebSocketSelector-29] INFO  c.t.t.t.p.s.c.ConnectionManager - Connection removed successfully. [connectionId=365d60bb-05da-4e2c-b0ba-1f77841846d0] [userId=64f51ab2-6a09-44f6-8606-bf4a0718d920]
2026-10-01 13:58:45 [WebSocketSelector-29] WARN  c.t.t.t.p.socket.SocketServer - Close connection. [connectionId=365d60bb-05da-4e2c-b0ba-1f77841846d0] [userId=64f51ab2-6a09-44f6-8606-bf4a0718d920] [code=1000] [reason=Client initiated close]
2026-10-01 13:58:53 [WebSocketWorker-18] INFO  c.t.t.t.p.s.c.ConnectionManager - A connection added on manager. [connectionId=7ec7fce3-7032-4ab9-b41c-9311b1370019] [userId=64f51ab2-6a09-44f6-8606-bf4a0718d920]
2026-10-01 13:58:56 [WebSocketWorker-18] INFO  c.t.t.t.p.s.c.ConnectionManager - Getting connection by websocket
2026-10-01 13:58:56 [WebSocketWorker-18] INFO  c.t.t.t.p.s.c.ConnectionManager - Got connection by websocket. [connectionId=7ec7fce3-7032-4ab9-b41c-9311b1370019] [userId=64f51ab2-6a09-44f6-8606-bf4a0718d920]
2026-10-01 13:58:56 [WebSocketWorker-18] INFO  c.t.t.t.p.s.c.ConnectionManager - Sending message on broadcast
2026-10-01 13:58:56 [WebSocketWorker-18] INFO  c.t.t.t.p.s.c.ConnectionManager - Send message to connection. [connectionId=7ec7fce3-7032-4ab9-b41c-9311b1370019] [userId=64f51ab2-6a09-44f6-8606-bf4a0718d920]
2026-10-01 13:59:45 [WebSocketSelector-29] INFO  c.t.t.t.p.s.c.ConnectionManager - Getting connection by websocket
2026-10-01 13:59:45 [WebSocketSelector-29] INFO  c.t.t.t.p.s.c.ConnectionManager - Got connection by websocket. [connectionId=7ec7fce3-7032-4ab9-b41c-9311b1370019] [userId=64f51ab2-6a09-44f6-8606-bf4a0718d920]
2026-10-01 13:59:45 [WebSocketSelector-29] INFO  c.t.t.t.p.s.c.ConnectionManager - Connection removed successfully. [connectionId=7ec7fce3-7032-4ab9-b41c-9311b1370019] [userId=64f51ab2-6a09-44f6-8606-bf4a0718d920]
2026-10-01 13:59:45 [WebSocketSelector-29] WARN  c.t.t.t.p.socket.SocketServer - Close connection. [connectionId=7ec7fce3-7032-4ab9-b41c-9311b1370019] [userId=64f51ab2-6a09-44f6-8606-bf4a0718d920] [code=1000] [reason=Client initiated close]
2026-10-01 14:01:22 [main] INFO  c.t.t.t.i.config.Environment - Instance Environment initialized. [InstanceId=1394336709]
2026-10-01 14:01:22 [main] INFO  c.t.t.t.i.security.JwtService - Instance JwtService initialized. [InstanceId=1566502717]
2026-10-01 14:01:22 [main] INFO  c.t.t.t.i.persistence.jpa.JpaUtil - Instance JpaUtil initialized. [InstanceId=835227336]
2026-10-01 14:01:22 [main] INFO  c.t.t.t.i.p.j.r.UserJpaRepository - Instance UserJpaRepository initialized. [InstanceId=482082765]
2026-10-01 14:01:22 [main] INFO  c.t.t.t.i.p.j.r.RoomJpaRepository - Instance RoomJpaRepository initialized. [InstanceId=667821226]
2026-10-01 14:01:22 [main] INFO  c.t.t.t.i.p.j.r.RoomPlayerJpaRepository - Instance RoomPlayerJpaRepository initialized. [InstanceId=1209702763]
2026-10-01 14:01:22 [main] INFO  c.t.t.t.a.service.AuthServiceImpl - Instance AuthServiceImpl initialized. [InstanceId=1028780142]
2026-10-01 14:01:22 [main] INFO  c.t.t.t.a.service.UserServiceImpl - Instance UserServiceImpl initialized. [InstanceId=2128029086]
2026-10-01 14:01:22 [main] INFO  c.t.t.t.a.service.RoomServiceImpl - Instance RoomServiceImpl initialized. [InstanceId=686466458]
2026-10-01 14:01:22 [main] INFO  c.t.t.t.p.h.m.AuthorizedHttpMiddleware - Instance AuthorizedHttpMiddleware initialized. [InstanceId=875016237]
2026-10-01 14:01:22 [main] INFO  c.t.t.t.p.h.c.AuthController - Instance AuthController initialized. [InstanceId=105374791]
2026-10-01 14:01:22 [main] INFO  c.t.t.t.p.s.m.AuthorizedSocketMiddleware - Instance AuthorizedSocketMiddleware initialized. [InstanceId=1107024580]
2026-10-01 14:01:22 [main] INFO  c.t.t.t.p.s.c.ConnectionManager - Instance ConnectionManager initialized. [InstanceId=1010856212]
2026-10-01 14:01:22 [main] INFO  c.t.t.t.p.socket.room.RoomManager - Instance RoomManager initialized. [InstanceId=904861801]
2026-10-01 14:01:22 [main] INFO  c.t.t.t.p.s.e.ExceptionSocketHandler - Instance ExceptionSocketHandler initialized. [InstanceId=1262854901]
2026-10-01 14:01:22 [main] INFO  c.t.t.t.p.s.e.h.GlobalMessageHandler - Instance GlobalMessageHandler initialized. [InstanceId=1101048445]
2026-10-01 14:01:22 [main] INFO  c.t.t.t.p.s.e.h.CreateRoomHandler - Instance CreateRoomHandler initialized. [InstanceId=1665197552]
2026-10-01 14:01:22 [WebSocketSelector-29] INFO  c.t.t.t.p.socket.SocketServer - WebSocketServer started successfully. [port=8081] [url=ws://localhost:8081]
2026-10-01 14:01:22 [main] INFO  org.eclipse.jetty.util.log - Logging initialized @1057ms to org.eclipse.jetty.util.log.Slf4jLog
2026-10-01 14:01:22 [main] INFO  io.javalin.Javalin - Starting Javalin ...
2026-10-01 14:01:22 [main] INFO  io.javalin.Javalin - You are running Javalin 4.6.8 (released May 4, 2023. Your Javalin version is 1246 days old. Consider checking for a newer version.).
2026-10-01 14:01:23 [main] INFO  io.javalin.Javalin - Listening on http://localhost:8080/
2026-10-01 14:01:23 [main] INFO  io.javalin.Javalin - Javalin started in 201ms \o/
2026-10-01 14:01:23 [main] INFO  c.t.t.t.presentation.http.HttpServer - Instance HttpServer initialized.
2026-10-01 14:01:23 [main] INFO  c.t.t.t.presentation.http.HttpServer - HttpServer started successfully. [port=8080] [url=http://localhost:8080]
2026-10-01 14:01:23 [main] INFO  com.tic.tac.toe.Application - Started Application
2026-10-01 14:01:31 [WebSocketWorker-17] INFO  c.t.t.t.p.s.c.ConnectionManager - A connection added on manager. [connectionId=40376911-f7ec-4dc4-abeb-d387df38dbec] [userId=64f51ab2-6a09-44f6-8606-bf4a0718d920]
2026-10-01 14:01:33 [WebSocketWorker-17] INFO  c.t.t.t.p.s.c.ConnectionManager - Getting connection by websocket
2026-10-01 14:01:33 [WebSocketWorker-17] INFO  c.t.t.t.p.s.c.ConnectionManager - Got connection by websocket. [connectionId=40376911-f7ec-4dc4-abeb-d387df38dbec] [userId=64f51ab2-6a09-44f6-8606-bf4a0718d920]
2026-10-01 14:01:33 [WebSocketWorker-17] WARN  c.t.t.t.i.p.j.r.RoomJpaRepository - Transaction rolled back for room: com.tic.tac.toe.domain.entity.Room@f52eec80
2026-10-01 14:01:33 [WebSocketWorker-17] ERROR c.t.t.t.i.p.j.r.RoomJpaRepository - Error saving room: com.tic.tac.toe.domain.entity.Room@f52eec80. [error=Object: com.tic.tac.toe.domain.entity.Room@f52eec80 is not a known Entity type.]
2026-10-01 14:05:42 [main] INFO  c.t.t.t.i.config.Environment - Instance Environment initialized. [InstanceId=55909012]
2026-10-01 14:05:42 [main] INFO  c.t.t.t.i.security.JwtService - Instance JwtService initialized. [InstanceId=600746945]
2026-10-01 14:05:42 [main] INFO  c.t.t.t.i.persistence.jpa.JpaUtil - Instance JpaUtil initialized. [InstanceId=1034568234]
2026-10-01 14:05:42 [main] INFO  c.t.t.t.i.p.j.r.UserJpaRepository - Instance UserJpaRepository initialized. [InstanceId=835227336]
2026-10-01 14:05:42 [main] INFO  c.t.t.t.i.p.j.r.RoomJpaRepository - Instance RoomJpaRepository initialized. [InstanceId=482082765]
2026-10-01 14:05:42 [main] INFO  c.t.t.t.i.p.j.r.RoomPlayerJpaRepository - Instance RoomPlayerJpaRepository initialized. [InstanceId=667821226]
2026-10-01 14:05:42 [main] INFO  c.t.t.t.a.service.AuthServiceImpl - Instance AuthServiceImpl initialized. [InstanceId=1209702763]
2026-10-01 14:05:42 [main] INFO  c.t.t.t.a.service.UserServiceImpl - Instance UserServiceImpl initialized. [InstanceId=1028780142]
2026-10-01 14:05:42 [main] INFO  c.t.t.t.a.service.RoomServiceImpl - Instance RoomServiceImpl initialized. [InstanceId=2128029086]
2026-10-01 14:05:42 [main] INFO  c.t.t.t.p.h.m.AuthorizedHttpMiddleware - Instance AuthorizedHttpMiddleware initialized. [InstanceId=686466458]
2026-10-01 14:05:42 [main] INFO  c.t.t.t.p.h.c.AuthController - Instance AuthController initialized. [InstanceId=875016237]
2026-10-01 14:05:42 [main] INFO  c.t.t.t.p.s.m.AuthorizedSocketMiddleware - Instance AuthorizedSocketMiddleware initialized. [InstanceId=105374791]
2026-10-01 14:05:42 [main] INFO  c.t.t.t.p.s.c.ConnectionManager - Instance ConnectionManager initialized. [InstanceId=1107024580]
2026-10-01 14:05:42 [main] INFO  c.t.t.t.p.socket.room.RoomManager - Instance RoomManager initialized. [InstanceId=1010856212]
2026-10-01 14:05:42 [main] INFO  c.t.t.t.p.s.e.ExceptionSocketHandler - Instance ExceptionSocketHandler initialized. [InstanceId=953082513]
2026-10-01 14:05:42 [main] INFO  c.t.t.t.p.s.e.h.GlobalMessageHandler - Instance GlobalMessageHandler initialized. [InstanceId=238357312]
2026-10-01 14:05:42 [main] INFO  c.t.t.t.p.s.e.h.CreateRoomHandler - Instance CreateRoomHandler initialized. [InstanceId=664070838]
2026-10-01 14:05:42 [WebSocketSelector-29] INFO  c.t.t.t.p.socket.SocketServer - WebSocketServer started successfully. [port=8081] [url=ws://localhost:8081]
2026-10-01 14:05:42 [main] INFO  org.eclipse.jetty.util.log - Logging initialized @1079ms to org.eclipse.jetty.util.log.Slf4jLog
2026-10-01 14:05:42 [main] INFO  io.javalin.Javalin - Starting Javalin ...
2026-10-01 14:05:42 [main] INFO  io.javalin.Javalin - You are running Javalin 4.6.8 (released May 4, 2023. Your Javalin version is 1246 days old. Consider checking for a newer version.).
2026-10-01 14:05:43 [main] INFO  io.javalin.Javalin - Listening on http://localhost:8080/
2026-10-01 14:05:43 [main] INFO  io.javalin.Javalin - Javalin started in 161ms \o/
2026-10-01 14:05:43 [main] INFO  c.t.t.t.presentation.http.HttpServer - Instance HttpServer initialized.
2026-10-01 14:05:43 [main] INFO  c.t.t.t.presentation.http.HttpServer - HttpServer started successfully. [port=8080] [url=http://localhost:8080]
2026-10-01 14:05:43 [main] INFO  com.tic.tac.toe.Application - Started Application
2026-10-01 14:05:49 [WebSocketWorker-17] INFO  c.t.t.t.p.s.c.ConnectionManager - A connection added on manager. [connectionId=d802a546-6ca0-4ded-a891-01b924dfe519] [userId=64f51ab2-6a09-44f6-8606-bf4a0718d920]
2026-10-01 14:05:50 [WebSocketWorker-17] INFO  c.t.t.t.p.s.c.ConnectionManager - Getting connection by websocket
2026-10-01 14:05:50 [WebSocketWorker-17] INFO  c.t.t.t.p.s.c.ConnectionManager - Got connection by websocket. [connectionId=d802a546-6ca0-4ded-a891-01b924dfe519] [userId=64f51ab2-6a09-44f6-8606-bf4a0718d920]
2026-10-01 14:05:51 [WebSocketWorker-17] WARN  c.t.t.t.i.p.j.r.RoomJpaRepository - Transaction rolled back for room: com.tic.tac.toe.domain.entity.Room@d0b9de48
2026-10-01 14:05:51 [WebSocketWorker-17] ERROR c.t.t.t.i.p.j.r.RoomJpaRepository - Error saving room: com.tic.tac.toe.domain.entity.Room@d0b9de48. [error=Object: com.tic.tac.toe.domain.entity.Room@d0b9de48 is not a known Entity type.]
2026-10-01 14:09:15 [main] INFO  c.t.t.t.i.config.Environment - Instance Environment initialized. [InstanceId=1394336709]
2026-10-01 14:09:15 [main] INFO  c.t.t.t.i.security.JwtService - Instance JwtService initialized. [InstanceId=1566502717]
2026-10-01 14:09:15 [main] INFO  c.t.t.t.i.persistence.jpa.JpaUtil - Instance JpaUtil initialized. [InstanceId=835227336]
2026-10-01 14:09:15 [main] INFO  c.t.t.t.i.p.j.r.UserJpaRepository - Instance UserJpaRepository initialized. [InstanceId=482082765]
2026-10-01 14:09:15 [main] INFO  c.t.t.t.i.p.j.r.RoomJpaRepository - Instance RoomJpaRepository initialized. [InstanceId=667821226]
2026-10-01 14:09:15 [main] INFO  c.t.t.t.i.p.j.r.RoomPlayerJpaRepository - Instance RoomPlayerJpaRepository initialized. [InstanceId=1209702763]
2026-10-01 14:09:15 [main] INFO  c.t.t.t.a.service.AuthServiceImpl - Instance AuthServiceImpl initialized. [InstanceId=1028780142]
2026-10-01 14:09:15 [main] INFO  c.t.t.t.a.service.UserServiceImpl - Instance UserServiceImpl initialized. [InstanceId=2128029086]
2026-10-01 14:09:15 [main] INFO  c.t.t.t.a.service.RoomServiceImpl - Instance RoomServiceImpl initialized. [InstanceId=686466458]
2026-10-01 14:09:15 [main] INFO  c.t.t.t.p.h.m.AuthorizedHttpMiddleware - Instance AuthorizedHttpMiddleware initialized. [InstanceId=875016237]
2026-10-01 14:09:15 [main] INFO  c.t.t.t.p.h.c.AuthController - Instance AuthController initialized. [InstanceId=105374791]
2026-10-01 14:09:15 [main] INFO  c.t.t.t.p.s.m.AuthorizedSocketMiddleware - Instance AuthorizedSocketMiddleware initialized. [InstanceId=1107024580]
2026-10-01 14:09:15 [main] INFO  c.t.t.t.p.s.c.ConnectionManager - Instance ConnectionManager initialized. [InstanceId=1010856212]
2026-10-01 14:09:15 [main] INFO  c.t.t.t.p.socket.room.RoomManager - Instance RoomManager initialized. [InstanceId=904861801]
2026-10-01 14:09:15 [main] INFO  c.t.t.t.p.s.e.ExceptionSocketHandler - Instance ExceptionSocketHandler initialized. [InstanceId=1262854901]
2026-10-01 14:09:15 [main] INFO  c.t.t.t.p.s.e.h.GlobalMessageHandler - Instance GlobalMessageHandler initialized. [InstanceId=1101048445]
2026-10-01 14:09:15 [main] INFO  c.t.t.t.p.s.e.h.CreateRoomHandler - Instance CreateRoomHandler initialized. [InstanceId=1665197552]
2026-10-01 14:09:15 [WebSocketSelector-29] INFO  c.t.t.t.p.socket.SocketServer - WebSocketServer started successfully. [port=8081] [url=ws://localhost:8081]
2026-10-01 14:09:15 [main] INFO  org.eclipse.jetty.util.log - Logging initialized @967ms to org.eclipse.jetty.util.log.Slf4jLog
2026-10-01 14:09:15 [main] INFO  io.javalin.Javalin - Starting Javalin ...
2026-10-01 14:09:15 [main] INFO  io.javalin.Javalin - You are running Javalin 4.6.8 (released May 4, 2023. Your Javalin version is 1246 days old. Consider checking for a newer version.).
2026-10-01 14:09:15 [main] INFO  io.javalin.Javalin - Listening on http://localhost:8080/
2026-10-01 14:09:15 [main] INFO  io.javalin.Javalin - Javalin started in 150ms \o/
2026-10-01 14:09:15 [main] INFO  c.t.t.t.presentation.http.HttpServer - Instance HttpServer initialized.
2026-10-01 14:09:15 [main] INFO  c.t.t.t.presentation.http.HttpServer - HttpServer started successfully. [port=8080] [url=http://localhost:8080]
2026-10-01 14:09:15 [main] INFO  com.tic.tac.toe.Application - Started Application
2026-10-01 14:09:19 [WebSocketWorker-17] INFO  c.t.t.t.p.s.c.ConnectionManager - A connection added on manager. [connectionId=af59dd6b-edac-4f5d-b2e7-dcf0829408b9] [userId=64f51ab2-6a09-44f6-8606-bf4a0718d920]
2026-10-01 14:09:24 [WebSocketWorker-17] INFO  c.t.t.t.p.s.c.ConnectionManager - Getting connection by websocket
2026-10-01 14:09:24 [WebSocketWorker-17] INFO  c.t.t.t.p.s.c.ConnectionManager - Got connection by websocket. [connectionId=af59dd6b-edac-4f5d-b2e7-dcf0829408b9] [userId=64f51ab2-6a09-44f6-8606-bf4a0718d920]
2026-10-01 14:09:24 [WebSocketWorker-17] WARN  c.t.t.t.i.p.j.r.RoomJpaRepository - Transaction rolled back for room: com.tic.tac.toe.domain.entity.Room@c256ebf5
2026-10-01 14:09:24 [WebSocketWorker-17] ERROR c.t.t.t.i.p.j.r.RoomJpaRepository - Error saving room: com.tic.tac.toe.domain.entity.Room@c256ebf5. [error=Object: com.tic.tac.toe.domain.entity.Room@c256ebf5 is not a known Entity type.]
2026-10-01 14:10:28 [main] INFO  c.t.t.t.i.config.Environment - Instance Environment initialized. [InstanceId=55909012]
2026-10-01 14:10:28 [main] INFO  c.t.t.t.i.security.JwtService - Instance JwtService initialized. [InstanceId=600746945]
2026-10-01 14:10:28 [main] INFO  c.t.t.t.i.persistence.jpa.JpaUtil - Instance JpaUtil initialized. [InstanceId=1034568234]
2026-10-01 14:10:28 [main] INFO  c.t.t.t.i.p.j.r.UserJpaRepository - Instance UserJpaRepository initialized. [InstanceId=835227336]
2026-10-01 14:10:28 [main] INFO  c.t.t.t.i.p.j.r.RoomJpaRepository - Instance RoomJpaRepository initialized. [InstanceId=482082765]
2026-10-01 14:10:28 [main] INFO  c.t.t.t.i.p.j.r.RoomPlayerJpaRepository - Instance RoomPlayerJpaRepository initialized. [InstanceId=667821226]
2026-10-01 14:10:28 [main] INFO  c.t.t.t.a.service.AuthServiceImpl - Instance AuthServiceImpl initialized. [InstanceId=1209702763]
2026-10-01 14:10:28 [main] INFO  c.t.t.t.a.service.UserServiceImpl - Instance UserServiceImpl initialized. [InstanceId=1028780142]
2026-10-01 14:10:28 [main] INFO  c.t.t.t.a.service.RoomServiceImpl - Instance RoomServiceImpl initialized. [InstanceId=2128029086]
2026-10-01 14:10:28 [main] INFO  c.t.t.t.p.h.m.AuthorizedHttpMiddleware - Instance AuthorizedHttpMiddleware initialized. [InstanceId=686466458]
2026-10-01 14:10:28 [main] INFO  c.t.t.t.p.h.c.AuthController - Instance AuthController initialized. [InstanceId=875016237]
2026-10-01 14:10:28 [main] INFO  c.t.t.t.p.s.m.AuthorizedSocketMiddleware - Instance AuthorizedSocketMiddleware initialized. [InstanceId=105374791]
2026-10-01 14:10:28 [main] INFO  c.t.t.t.p.s.c.ConnectionManager - Instance ConnectionManager initialized. [InstanceId=1107024580]
2026-10-01 14:10:28 [main] INFO  c.t.t.t.p.socket.room.RoomManager - Instance RoomManager initialized. [InstanceId=1010856212]
2026-10-01 14:10:29 [main] INFO  c.t.t.t.p.s.e.ExceptionSocketHandler - Instance ExceptionSocketHandler initialized. [InstanceId=953082513]
2026-10-01 14:10:29 [main] INFO  c.t.t.t.p.s.e.h.GlobalMessageHandler - Instance GlobalMessageHandler initialized. [InstanceId=238357312]
2026-10-01 14:10:29 [main] INFO  c.t.t.t.p.s.e.h.CreateRoomHandler - Instance CreateRoomHandler initialized. [InstanceId=664070838]
2026-10-01 14:10:29 [WebSocketSelector-29] INFO  c.t.t.t.p.socket.SocketServer - WebSocketServer started successfully. [port=8081] [url=ws://localhost:8081]
2026-10-01 14:10:29 [main] INFO  org.eclipse.jetty.util.log - Logging initialized @942ms to org.eclipse.jetty.util.log.Slf4jLog
2026-10-01 14:10:29 [main] INFO  io.javalin.Javalin - Starting Javalin ...
2026-10-01 14:10:29 [main] INFO  io.javalin.Javalin - You are running Javalin 4.6.8 (released May 4, 2023. Your Javalin version is 1246 days old. Consider checking for a newer version.).
2026-10-01 14:10:29 [main] INFO  io.javalin.Javalin - Listening on http://localhost:8080/
2026-10-01 14:10:29 [main] INFO  io.javalin.Javalin - Javalin started in 145ms \o/
2026-10-01 14:10:29 [main] INFO  c.t.t.t.presentation.http.HttpServer - Instance HttpServer initialized.
2026-10-01 14:10:29 [main] INFO  c.t.t.t.presentation.http.HttpServer - HttpServer started successfully. [port=8080] [url=http://localhost:8080]
2026-10-01 14:10:29 [main] INFO  com.tic.tac.toe.Application - Started Application
2026-10-01 14:10:32 [WebSocketWorker-17] INFO  c.t.t.t.p.s.c.ConnectionManager - A connection added on manager. [connectionId=58e638b9-04b5-4faa-a111-51141f28393a] [userId=64f51ab2-6a09-44f6-8606-bf4a0718d920]
2026-10-01 14:10:34 [WebSocketWorker-17] INFO  c.t.t.t.p.s.c.ConnectionManager - Getting connection by websocket
2026-10-01 14:10:34 [WebSocketWorker-17] INFO  c.t.t.t.p.s.c.ConnectionManager - Got connection by websocket. [connectionId=58e638b9-04b5-4faa-a111-51141f28393a] [userId=64f51ab2-6a09-44f6-8606-bf4a0718d920]
2026-10-01 14:10:35 [WebSocketWorker-17] WARN  c.t.t.t.i.p.j.r.RoomJpaRepository - Transaction rolled back for room: Room{id=be1f04b5-a878-43ba-b9f5-cac869ef7cf7, name='teste room', ownerId=64f51ab2-6a09-44f6-8606-bf4a0718d920, status=WAITING, currentPlayerId=null, winnerId=null, winnerName='null', createdAt=2026-10-01T14:10:35.262, players=[]}
2026-10-01 14:10:35 [WebSocketWorker-17] ERROR c.t.t.t.i.p.j.r.RoomJpaRepository - Error saving room: Room{id=be1f04b5-a878-43ba-b9f5-cac869ef7cf7, name='teste room', ownerId=64f51ab2-6a09-44f6-8606-bf4a0718d920, status=WAITING, currentPlayerId=null, winnerId=null, winnerName='null', createdAt=2026-10-01T14:10:35.262, players=[]}. [error=Object: Room{id=be1f04b5-a878-43ba-b9f5-cac869ef7cf7, name='teste room', ownerId=64f51ab2-6a09-44f6-8606-bf4a0718d920, status=WAITING, currentPlayerId=null, winnerId=null, winnerName='null', createdAt=2026-10-01T14:10:35.262, players=[]} is not a known Entity type.]
2026-10-01 14:18:50 [main] INFO  c.t.t.t.i.config.Environment - Instance Environment initialized. [InstanceId=55909012]
2026-10-01 14:18:50 [main] INFO  c.t.t.t.i.security.JwtService - Instance JwtService initialized. [InstanceId=600746945]
2026-10-01 14:18:51 [main] INFO  c.t.t.t.i.persistence.jpa.JpaUtil - Instance JpaUtil initialized. [InstanceId=1034568234]
2026-10-01 14:18:51 [main] INFO  c.t.t.t.i.p.j.r.UserJpaRepository - Instance UserJpaRepository initialized. [InstanceId=835227336]
2026-10-01 14:18:51 [main] INFO  c.t.t.t.i.p.j.r.RoomJpaRepository - Instance RoomJpaRepository initialized. [InstanceId=482082765]
2026-10-01 14:18:51 [main] INFO  c.t.t.t.i.p.j.r.RoomPlayerJpaRepository - Instance RoomPlayerJpaRepository initialized. [InstanceId=667821226]
2026-10-01 14:18:51 [main] INFO  c.t.t.t.a.service.AuthServiceImpl - Instance AuthServiceImpl initialized. [InstanceId=1209702763]
2026-10-01 14:18:51 [main] INFO  c.t.t.t.a.service.UserServiceImpl - Instance UserServiceImpl initialized. [InstanceId=1028780142]
2026-10-01 14:18:51 [main] INFO  c.t.t.t.a.service.RoomServiceImpl - Instance RoomServiceImpl initialized. [InstanceId=2128029086]
2026-10-01 14:18:51 [main] INFO  c.t.t.t.p.h.m.AuthorizedHttpMiddleware - Instance AuthorizedHttpMiddleware initialized. [InstanceId=686466458]
2026-10-01 14:18:51 [main] INFO  c.t.t.t.p.h.c.AuthController - Instance AuthController initialized. [InstanceId=875016237]
2026-10-01 14:18:51 [main] INFO  c.t.t.t.p.s.m.AuthorizedSocketMiddleware - Instance AuthorizedSocketMiddleware initialized. [InstanceId=105374791]
2026-10-01 14:18:51 [main] INFO  c.t.t.t.p.s.c.ConnectionManager - Instance ConnectionManager initialized. [InstanceId=1107024580]
2026-10-01 14:18:51 [main] INFO  c.t.t.t.p.socket.room.RoomManager - Instance RoomManager initialized. [InstanceId=1010856212]
2026-10-01 14:18:51 [main] INFO  c.t.t.t.p.s.e.ExceptionSocketHandler - Instance ExceptionSocketHandler initialized. [InstanceId=953082513]
2026-10-01 14:18:51 [main] INFO  c.t.t.t.p.s.e.h.GlobalMessageHandler - Instance GlobalMessageHandler initialized. [InstanceId=238357312]
2026-10-01 14:18:51 [main] INFO  c.t.t.t.p.s.e.h.CreateRoomHandler - Instance CreateRoomHandler initialized. [InstanceId=664070838]
2026-10-01 14:18:51 [WebSocketSelector-29] INFO  c.t.t.t.p.socket.SocketServer - WebSocketServer started successfully. [port=8081] [url=ws://localhost:8081]
2026-10-01 14:18:51 [main] INFO  org.eclipse.jetty.util.log - Logging initialized @928ms to org.eclipse.jetty.util.log.Slf4jLog
2026-10-01 14:18:51 [main] INFO  io.javalin.Javalin - Starting Javalin ...
2026-10-01 14:18:51 [main] INFO  io.javalin.Javalin - You are running Javalin 4.6.8 (released May 4, 2023. Your Javalin version is 1246 days old. Consider checking for a newer version.).
2026-10-01 14:18:51 [main] INFO  io.javalin.Javalin - Listening on http://localhost:8080/
2026-10-01 14:18:51 [main] INFO  io.javalin.Javalin - Javalin started in 137ms \o/
2026-10-01 14:18:51 [main] INFO  c.t.t.t.presentation.http.HttpServer - Instance HttpServer initialized.
2026-10-01 14:18:51 [main] INFO  c.t.t.t.presentation.http.HttpServer - HttpServer started successfully. [port=8080] [url=http://localhost:8080]
2026-10-01 14:18:51 [main] INFO  com.tic.tac.toe.Application - Started Application
2026-10-01 14:18:53 [WebSocketWorker-17] INFO  c.t.t.t.p.s.c.ConnectionManager - A connection added on manager. [connectionId=048b6711-0adf-4cc3-849c-f0830e4850b1] [userId=64f51ab2-6a09-44f6-8606-bf4a0718d920]
2026-10-01 14:18:56 [WebSocketWorker-17] INFO  c.t.t.t.p.s.c.ConnectionManager - Getting connection by websocket
2026-10-01 14:18:56 [WebSocketWorker-17] INFO  c.t.t.t.p.s.c.ConnectionManager - Got connection by websocket. [connectionId=048b6711-0adf-4cc3-849c-f0830e4850b1] [userId=64f51ab2-6a09-44f6-8606-bf4a0718d920]
2026-10-01 14:18:56 [WebSocketWorker-17] WARN  c.t.t.t.i.p.j.r.RoomJpaRepository - Transaction rolled back for room: Room{id=f58c9de4-f9a9-4c28-84ae-6ab00492662c, name='teste room', ownerId=64f51ab2-6a09-44f6-8606-bf4a0718d920, status=WAITING, currentPlayerId=null, winnerId=null, winnerName='null', createdAt=2026-10-01T14:18:56.981, players=[]}
2026-10-01 14:18:56 [WebSocketWorker-17] ERROR c.t.t.t.i.p.j.r.RoomJpaRepository - Error saving room: Room{id=f58c9de4-f9a9-4c28-84ae-6ab00492662c, name='teste room', ownerId=64f51ab2-6a09-44f6-8606-bf4a0718d920, status=WAITING, currentPlayerId=null, winnerId=null, winnerName='null', createdAt=2026-10-01T14:18:56.981, players=[]}. [error=Object: Room{id=f58c9de4-f9a9-4c28-84ae-6ab00492662c, name='teste room', ownerId=64f51ab2-6a09-44f6-8606-bf4a0718d920, status=WAITING, currentPlayerId=null, winnerId=null, winnerName='null', createdAt=2026-10-01T14:18:56.981, players=[]} is not a known Entity type.]
2026-10-01 14:23:34 [main] INFO  c.t.t.t.i.config.Environment - Instance Environment initialized. [InstanceId=748658608]
2026-10-01 14:23:34 [main] INFO  c.t.t.t.i.security.JwtService - Instance JwtService initialized. [InstanceId=981661423]
2026-10-01 14:23:35 [main] INFO  c.t.t.t.i.persistence.jpa.JpaUtil - Instance JpaUtil initialized. [InstanceId=1028780142]
2026-10-01 14:23:35 [main] INFO  c.t.t.t.i.p.j.r.UserJpaRepository - Instance UserJpaRepository initialized. [InstanceId=2128029086]
2026-10-01 14:23:35 [main] INFO  c.t.t.t.i.p.j.r.RoomJpaRepository - Instance RoomJpaRepository initialized. [InstanceId=686466458]
2026-10-01 14:23:35 [main] INFO  c.t.t.t.i.p.j.r.RoomPlayerJpaRepository - Instance RoomPlayerJpaRepository initialized. [InstanceId=875016237]
2026-10-01 14:23:35 [main] INFO  c.t.t.t.a.service.AuthServiceImpl - Instance AuthServiceImpl initialized. [InstanceId=105374791]
2026-10-01 14:23:35 [main] INFO  c.t.t.t.a.service.UserServiceImpl - Instance UserServiceImpl initialized. [InstanceId=1107024580]
2026-10-01 14:23:35 [main] INFO  c.t.t.t.a.service.RoomServiceImpl - Instance RoomServiceImpl initialized. [InstanceId=1010856212]
2026-10-01 14:23:35 [main] INFO  c.t.t.t.p.h.m.AuthorizedHttpMiddleware - Instance AuthorizedHttpMiddleware initialized. [InstanceId=904861801]
2026-10-01 14:23:35 [main] INFO  c.t.t.t.p.h.c.AuthController - Instance AuthController initialized. [InstanceId=204715855]
2026-10-01 14:23:35 [main] INFO  c.t.t.t.p.s.m.AuthorizedSocketMiddleware - Instance AuthorizedSocketMiddleware initialized. [InstanceId=318857719]
2026-10-01 14:23:35 [main] INFO  c.t.t.t.p.s.c.ConnectionManager - Instance ConnectionManager initialized. [InstanceId=745962066]
2026-10-01 14:23:35 [main] INFO  c.t.t.t.p.socket.room.RoomManager - Instance RoomManager initialized. [InstanceId=1637290981]
2026-10-01 14:23:35 [main] INFO  c.t.t.t.p.s.e.ExceptionSocketHandler - Instance ExceptionSocketHandler initialized. [InstanceId=664070838]
2026-10-01 14:23:35 [main] INFO  c.t.t.t.p.s.e.h.GlobalMessageHandler - Instance GlobalMessageHandler initialized. [InstanceId=20853837]
2026-10-01 14:23:35 [main] INFO  c.t.t.t.p.s.e.h.CreateRoomHandler - Instance CreateRoomHandler initialized. [InstanceId=1702143276]
2026-10-01 14:23:35 [WebSocketSelector-29] INFO  c.t.t.t.p.socket.SocketServer - WebSocketServer started successfully. [port=8081] [url=ws://localhost:8081]
2026-10-01 14:23:35 [main] INFO  org.eclipse.jetty.util.log - Logging initialized @1215ms to org.eclipse.jetty.util.log.Slf4jLog
2026-10-01 14:23:35 [main] INFO  io.javalin.Javalin - Starting Javalin ...
2026-10-01 14:23:35 [main] INFO  io.javalin.Javalin - You are running Javalin 4.6.8 (released May 4, 2023. Your Javalin version is 1246 days old. Consider checking for a newer version.).
2026-10-01 14:23:35 [main] INFO  io.javalin.Javalin - Listening on http://localhost:8080/
2026-10-01 14:23:35 [main] INFO  io.javalin.Javalin - Javalin started in 157ms \o/
2026-10-01 14:23:35 [main] INFO  c.t.t.t.presentation.http.HttpServer - Instance HttpServer initialized.
2026-10-01 14:23:35 [main] INFO  c.t.t.t.presentation.http.HttpServer - HttpServer started successfully. [port=8080] [url=http://localhost:8080]
2026-10-01 14:23:35 [main] INFO  com.tic.tac.toe.Application - Started Application
2026-10-01 14:23:43 [WebSocketWorker-15] INFO  c.t.t.t.p.s.c.ConnectionManager - A connection added on manager. [connectionId=3433b79b-8934-4057-8c67-56a4e8e8b5b0] [userId=64f51ab2-6a09-44f6-8606-bf4a0718d920]
2026-10-01 14:23:46 [WebSocketWorker-15] INFO  c.t.t.t.p.s.c.ConnectionManager - Getting connection by websocket
2026-10-01 14:23:46 [WebSocketWorker-15] INFO  c.t.t.t.p.s.c.ConnectionManager - Got connection by websocket. [connectionId=3433b79b-8934-4057-8c67-56a4e8e8b5b0] [userId=64f51ab2-6a09-44f6-8606-bf4a0718d920]
2026-10-01 14:23:46 [WebSocketWorker-15] WARN  c.t.t.t.i.p.j.r.RoomJpaRepository - Transaction rolled back for room: Room{id=6145e1d5-49d8-443e-8bc2-71f46a5de867, name='teste room', ownerId=64f51ab2-6a09-44f6-8606-bf4a0718d920, status=WAITING, currentPlayerId=null, winnerId=null, winnerName='null', createdAt=2026-10-01T14:23:46.882, players=[]}
2026-10-01 14:23:46 [WebSocketWorker-15] ERROR c.t.t.t.i.p.j.r.RoomJpaRepository - Error saving room: Room{id=6145e1d5-49d8-443e-8bc2-71f46a5de867, name='teste room', ownerId=64f51ab2-6a09-44f6-8606-bf4a0718d920, status=WAITING, currentPlayerId=null, winnerId=null, winnerName='null', createdAt=2026-10-01T14:23:46.882, players=[]}. [error=Object: Room{id=6145e1d5-49d8-443e-8bc2-71f46a5de867, name='teste room', ownerId=64f51ab2-6a09-44f6-8606-bf4a0718d920, status=WAITING, currentPlayerId=null, winnerId=null, winnerName='null', createdAt=2026-10-01T14:23:46.882, players=[]} is not a known Entity type.]
2026-10-01 14:23:48 [WebSocketSelector-29] INFO  c.t.t.t.p.s.c.ConnectionManager - Getting connection by websocket
2026-10-01 14:23:48 [WebSocketSelector-29] INFO  c.t.t.t.p.s.c.ConnectionManager - Got connection by websocket. [connectionId=3433b79b-8934-4057-8c67-56a4e8e8b5b0] [userId=64f51ab2-6a09-44f6-8606-bf4a0718d920]
2026-10-01 14:23:48 [WebSocketSelector-29] INFO  c.t.t.t.p.s.c.ConnectionManager - Connection removed successfully. [connectionId=3433b79b-8934-4057-8c67-56a4e8e8b5b0] [userId=64f51ab2-6a09-44f6-8606-bf4a0718d920]
2026-10-01 14:23:48 [WebSocketSelector-29] WARN  c.t.t.t.p.socket.SocketServer - Close connection. [connectionId=3433b79b-8934-4057-8c67-56a4e8e8b5b0] [userId=64f51ab2-6a09-44f6-8606-bf4a0718d920] [code=1006] [reason=]
2026-10-01 14:26:30 [main] INFO  c.t.t.t.i.config.Environment - Instance Environment initialized. [InstanceId=1394336709]
2026-10-01 14:26:30 [main] INFO  c.t.t.t.i.security.JwtService - Instance JwtService initialized. [InstanceId=1566502717]
2026-10-01 14:26:30 [main] INFO  c.t.t.t.i.persistence.jpa.JpaUtil - Instance JpaUtil initialized. [InstanceId=306612792]
2026-10-01 14:26:30 [main] INFO  c.t.t.t.i.p.j.r.UserJpaRepository - Instance UserJpaRepository initialized. [InstanceId=447212746]
2026-10-01 14:26:30 [main] INFO  c.t.t.t.i.p.j.r.RoomJpaRepository - Instance RoomJpaRepository initialized. [InstanceId=1496355635]
2026-10-01 14:26:30 [main] INFO  c.t.t.t.i.p.j.r.RoomPlayerJpaRepository - Instance RoomPlayerJpaRepository initialized. [InstanceId=1484171695]
2026-10-01 14:26:30 [main] INFO  c.t.t.t.a.service.AuthServiceImpl - Instance AuthServiceImpl initialized. [InstanceId=2127036371]
2026-10-01 14:26:30 [main] INFO  c.t.t.t.a.service.UserServiceImpl - Instance UserServiceImpl initialized. [InstanceId=1529060733]
2026-10-01 14:26:30 [main] INFO  c.t.t.t.a.service.RoomServiceImpl - Instance RoomServiceImpl initialized. [InstanceId=106374177]
2026-10-01 14:26:30 [main] INFO  c.t.t.t.p.h.m.AuthorizedHttpMiddleware - Instance AuthorizedHttpMiddleware initialized. [InstanceId=1803669141]
2026-10-01 14:26:30 [main] INFO  c.t.t.t.p.h.c.AuthController - Instance AuthController initialized. [InstanceId=712609105]
2026-10-01 14:26:30 [main] INFO  c.t.t.t.p.s.m.AuthorizedSocketMiddleware - Instance AuthorizedSocketMiddleware initialized. [InstanceId=1836463382]
2026-10-01 14:26:30 [main] INFO  c.t.t.t.p.s.c.ConnectionManager - Instance ConnectionManager initialized. [InstanceId=1388278453]
2026-10-01 14:26:30 [main] INFO  c.t.t.t.p.socket.room.RoomManager - Instance RoomManager initialized. [InstanceId=934275857]
2026-10-01 14:26:31 [main] INFO  c.t.t.t.p.s.e.ExceptionSocketHandler - Instance ExceptionSocketHandler initialized. [InstanceId=2045036434]
2026-10-01 14:26:31 [main] INFO  c.t.t.t.p.s.e.h.GlobalMessageHandler - Instance GlobalMessageHandler initialized. [InstanceId=352598575]
2026-10-01 14:26:31 [main] INFO  c.t.t.t.p.s.e.h.CreateRoomHandler - Instance CreateRoomHandler initialized. [InstanceId=20224131]
2026-10-01 14:26:31 [WebSocketSelector-29] INFO  c.t.t.t.p.socket.SocketServer - WebSocketServer started successfully. [port=8081] [url=ws://localhost:8081]
2026-10-01 14:26:31 [main] INFO  org.eclipse.jetty.util.log - Logging initialized @1121ms to org.eclipse.jetty.util.log.Slf4jLog
2026-10-01 14:26:31 [main] INFO  io.javalin.Javalin - Starting Javalin ...
2026-10-01 14:26:31 [main] INFO  io.javalin.Javalin - You are running Javalin 4.6.8 (released May 4, 2023. Your Javalin version is 1246 days old. Consider checking for a newer version.).
2026-10-01 14:26:31 [main] INFO  io.javalin.Javalin - Listening on http://localhost:8080/
2026-10-01 14:26:31 [main] INFO  io.javalin.Javalin - Javalin started in 154ms \o/
2026-10-01 14:26:31 [main] INFO  c.t.t.t.presentation.http.HttpServer - Instance HttpServer initialized.
2026-10-01 14:26:31 [main] INFO  c.t.t.t.presentation.http.HttpServer - HttpServer started successfully. [port=8080] [url=http://localhost:8080]
2026-10-01 14:26:31 [main] INFO  com.tic.tac.toe.Application - Started Application
2026-10-01 14:26:40 [WebSocketWorker-17] INFO  c.t.t.t.p.s.c.ConnectionManager - A connection added on manager. [connectionId=dd512e55-8a9e-4a25-a43e-95eef1146c10] [userId=64f51ab2-6a09-44f6-8606-bf4a0718d920]
2026-10-01 14:26:41 [WebSocketWorker-17] INFO  c.t.t.t.p.s.c.ConnectionManager - Getting connection by websocket
2026-10-01 14:26:41 [WebSocketWorker-17] INFO  c.t.t.t.p.s.c.ConnectionManager - Got connection by websocket. [connectionId=dd512e55-8a9e-4a25-a43e-95eef1146c10] [userId=64f51ab2-6a09-44f6-8606-bf4a0718d920]
2026-10-01 14:26:42 [WebSocketWorker-17] INFO  c.t.t.t.i.p.j.r.RoomJpaRepository - Room saved successfully. [RoomId=a5ef2fd9-e21d-41b5-8355-6320094e7b36]
2026-10-01 14:26:42 [WebSocketWorker-17] INFO  c.t.t.t.a.service.RoomServiceImpl - Room created. [roomId=a5ef2fd9-e21d-41b5-8355-6320094e7b36] [ownerId=64f51ab2-6a09-44f6-8606-bf4a0718d920]
2026-10-01 14:26:42 [WebSocketWorker-17] INFO  c.t.t.t.p.s.c.ConnectionManager - Getting connection by userId. [userId=64f51ab2-6a09-44f6-8606-bf4a0718d920]
2026-10-01 14:26:42 [WebSocketWorker-17] INFO  c.t.t.t.p.s.c.ConnectionManager - Got connection by userId. [connectionId=dd512e55-8a9e-4a25-a43e-95eef1146c10] [userId=64f51ab2-6a09-44f6-8606-bf4a0718d920]
2026-10-01 14:48:12 [main] INFO  c.t.t.t.i.config.Environment - Instance Environment initialized. [InstanceId=1394336709]
2026-10-01 14:48:12 [main] INFO  c.t.t.t.i.security.JwtService - Instance JwtService initialized. [InstanceId=1566502717]
2026-10-01 14:48:12 [main] INFO  c.t.t.t.i.persistence.jpa.JpaUtil - Instance JpaUtil initialized. [InstanceId=306612792]
2026-10-01 14:48:12 [main] INFO  c.t.t.t.i.p.j.r.UserJpaRepository - Instance UserJpaRepository initialized. [InstanceId=447212746]
2026-10-01 14:48:12 [main] INFO  c.t.t.t.i.p.j.r.RoomJpaRepository - Instance RoomJpaRepository initialized. [InstanceId=1496355635]
2026-10-01 14:48:12 [main] INFO  c.t.t.t.i.p.j.r.RoomPlayerJpaRepository - Instance RoomPlayerJpaRepository initialized. [InstanceId=1484171695]
2026-10-01 14:48:12 [main] INFO  c.t.t.t.a.service.AuthServiceImpl - Instance AuthServiceImpl initialized. [InstanceId=2127036371]
2026-10-01 14:48:12 [main] INFO  c.t.t.t.a.service.UserServiceImpl - Instance UserServiceImpl initialized. [InstanceId=1529060733]
2026-10-01 14:48:12 [main] INFO  c.t.t.t.a.service.RoomServiceImpl - Instance RoomServiceImpl initialized. [InstanceId=106374177]
2026-10-01 14:48:12 [main] INFO  c.t.t.t.p.h.m.AuthorizedHttpMiddleware - Instance AuthorizedHttpMiddleware initialized. [InstanceId=1803669141]
2026-10-01 14:48:12 [main] INFO  c.t.t.t.p.h.c.AuthController - Instance AuthController initialized. [InstanceId=712609105]
2026-10-01 14:48:12 [main] INFO  c.t.t.t.p.s.m.AuthorizedSocketMiddleware - Instance AuthorizedSocketMiddleware initialized. [InstanceId=1836463382]
2026-10-01 14:48:12 [main] INFO  c.t.t.t.p.s.c.ConnectionManager - Instance ConnectionManager initialized. [InstanceId=1388278453]
2026-10-01 14:48:12 [main] INFO  c.t.t.t.p.socket.room.RoomManager - Instance RoomManager initialized. [InstanceId=934275857]
2026-10-01 14:48:13 [main] INFO  c.t.t.t.p.s.e.ExceptionSocketHandler - Instance ExceptionSocketHandler initialized. [InstanceId=2045036434]
2026-10-01 14:48:13 [main] INFO  c.t.t.t.p.s.e.h.GlobalMessageHandler - Instance GlobalMessageHandler initialized. [InstanceId=352598575]
2026-10-01 14:48:13 [main] INFO  c.t.t.t.p.s.e.h.CreateRoomHandler - Instance CreateRoomHandler initialized. [InstanceId=20224131]
2026-10-01 14:48:13 [WebSocketSelector-29] INFO  c.t.t.t.p.socket.SocketServer - WebSocketServer started successfully. [port=8081] [url=ws://localhost:8081]
2026-10-01 14:48:13 [main] INFO  org.eclipse.jetty.util.log - Logging initialized @1096ms to org.eclipse.jetty.util.log.Slf4jLog
2026-10-01 14:48:13 [main] INFO  io.javalin.Javalin - Starting Javalin ...
2026-10-01 14:48:13 [main] INFO  io.javalin.Javalin - You are running Javalin 4.6.8 (released May 4, 2023. Your Javalin version is 1246 days old. Consider checking for a newer version.).
2026-10-01 14:48:13 [main] INFO  io.javalin.Javalin - Listening on http://localhost:8080/
2026-10-01 14:48:13 [main] INFO  io.javalin.Javalin - Javalin started in 149ms \o/
2026-10-01 14:48:13 [main] INFO  c.t.t.t.presentation.http.HttpServer - Instance HttpServer initialized.
2026-10-01 14:48:13 [main] INFO  c.t.t.t.presentation.http.HttpServer - HttpServer started successfully. [port=8080] [url=http://localhost:8080]
2026-10-01 14:48:13 [main] INFO  com.tic.tac.toe.Application - Started Application
2026-10-01 14:48:16 [WebSocketWorker-17] INFO  c.t.t.t.p.s.c.ConnectionManager - A connection added on manager. [connectionId=45853ad7-c658-4cab-af71-94e40c050187] [userId=64f51ab2-6a09-44f6-8606-bf4a0718d920]
2026-10-01 14:48:17 [WebSocketWorker-17] INFO  c.t.t.t.p.s.c.ConnectionManager - Getting connection by websocket
2026-10-01 14:48:17 [WebSocketWorker-17] INFO  c.t.t.t.p.s.c.ConnectionManager - Got connection by websocket. [connectionId=45853ad7-c658-4cab-af71-94e40c050187] [userId=64f51ab2-6a09-44f6-8606-bf4a0718d920]
2026-10-01 14:48:18 [WebSocketWorker-17] INFO  c.t.t.t.i.p.j.r.RoomJpaRepository - Room saved successfully. [RoomId=97bea852-b9a9-4544-8a31-0256c76b4fbe]
2026-10-01 14:48:18 [WebSocketWorker-17] INFO  c.t.t.t.a.service.RoomServiceImpl - Room created. [roomId=97bea852-b9a9-4544-8a31-0256c76b4fbe] [ownerId=64f51ab2-6a09-44f6-8606-bf4a0718d920]
2026-10-01 14:48:18 [WebSocketWorker-17] INFO  c.t.t.t.p.socket.room.RoomManager - Room created. [RoomId=97bea852-b9a9-4544-8a31-0256c76b4fbe] [TotalRooms=1]
2026-10-01 14:48:18 [WebSocketWorker-17] INFO  c.t.t.t.p.s.c.ConnectionManager - Getting connection by userId. [userId=64f51ab2-6a09-44f6-8606-bf4a0718d920]
2026-10-01 14:48:18 [WebSocketWorker-17] INFO  c.t.t.t.p.s.c.ConnectionManager - Got connection by userId. [connectionId=45853ad7-c658-4cab-af71-94e40c050187] [userId=64f51ab2-6a09-44f6-8606-bf4a0718d920]
2026-10-01 14:48:18 [WebSocketWorker-17] INFO  c.t.t.t.p.socket.room.RoomManager - User joined room. [RoomId=97bea852-b9a9-4544-8a31-0256c76b4fbe] [UserId=64f51ab2-6a09-44f6-8606-bf4a0718d920] [TotalUsers=1]
2026-10-01 14:48:18 [WebSocketWorker-17] INFO  c.t.t.t.p.socket.room.RoomManager - Broadcast sent. [RoomId=97bea852-b9a9-4544-8a31-0256c76b4fbe] [Recipients=1]
2026-10-01 14:48:26 [WebSocketSelector-29] INFO  c.t.t.t.p.s.c.ConnectionManager - Getting connection by websocket
2026-10-01 14:48:26 [WebSocketSelector-29] INFO  c.t.t.t.p.s.c.ConnectionManager - Got connection by websocket. [connectionId=45853ad7-c658-4cab-af71-94e40c050187] [userId=64f51ab2-6a09-44f6-8606-bf4a0718d920]
2026-10-01 14:48:26 [WebSocketSelector-29] INFO  c.t.t.t.p.s.c.ConnectionManager - Connection removed successfully. [connectionId=45853ad7-c658-4cab-af71-94e40c050187] [userId=64f51ab2-6a09-44f6-8606-bf4a0718d920]
2026-10-01 14:48:26 [WebSocketSelector-29] INFO  c.t.t.t.p.socket.room.RoomManager - User left room. [RoomId=97bea852-b9a9-4544-8a31-0256c76b4fbe] [UserId=64f51ab2-6a09-44f6-8606-bf4a0718d920] [TotalUsers=0]
2026-10-01 14:48:26 [WebSocketSelector-29] WARN  c.t.t.t.p.socket.SocketServer - Close connection. [connectionId=45853ad7-c658-4cab-af71-94e40c050187] [userId=64f51ab2-6a09-44f6-8606-bf4a0718d920] [code=1000] [reason=Client initiated close]
2026-10-01 14:50:31 [main] INFO  c.t.t.t.i.config.Environment - Instance Environment initialized. [InstanceId=55909012]
2026-10-01 14:50:31 [main] INFO  c.t.t.t.i.security.JwtService - Instance JwtService initialized. [InstanceId=600746945]
2026-10-01 14:50:32 [main] INFO  c.t.t.t.i.persistence.jpa.JpaUtil - Instance JpaUtil initialized. [InstanceId=166794956]
2026-10-01 14:50:32 [main] INFO  c.t.t.t.i.p.j.r.UserJpaRepository - Instance UserJpaRepository initialized. [InstanceId=306612792]
2026-10-01 14:50:32 [main] INFO  c.t.t.t.i.p.j.r.RoomJpaRepository - Instance RoomJpaRepository initialized. [InstanceId=447212746]
2026-10-01 14:50:32 [main] INFO  c.t.t.t.i.p.j.r.RoomPlayerJpaRepository - Instance RoomPlayerJpaRepository initialized. [InstanceId=1496355635]
2026-10-01 14:50:32 [main] INFO  c.t.t.t.a.service.AuthServiceImpl - Instance AuthServiceImpl initialized. [InstanceId=1484171695]
2026-10-01 14:50:32 [main] INFO  c.t.t.t.a.service.UserServiceImpl - Instance UserServiceImpl initialized. [InstanceId=2127036371]
2026-10-01 14:50:32 [main] INFO  c.t.t.t.a.service.RoomServiceImpl - Instance RoomServiceImpl initialized. [InstanceId=1529060733]
2026-10-01 14:50:32 [main] INFO  c.t.t.t.p.h.m.AuthorizedHttpMiddleware - Instance AuthorizedHttpMiddleware initialized. [InstanceId=106374177]
2026-10-01 14:50:32 [main] INFO  c.t.t.t.p.h.c.AuthController - Instance AuthController initialized. [InstanceId=1803669141]
2026-10-01 14:50:32 [main] INFO  c.t.t.t.p.s.m.AuthorizedSocketMiddleware - Instance AuthorizedSocketMiddleware initialized. [InstanceId=712609105]
2026-10-01 14:50:32 [main] INFO  c.t.t.t.p.s.c.ConnectionManager - Instance ConnectionManager initialized. [InstanceId=1836463382]
2026-10-01 14:50:32 [main] INFO  c.t.t.t.p.socket.room.RoomManager - Instance RoomManager initialized. [InstanceId=1388278453]
2026-10-01 14:50:32 [main] INFO  c.t.t.t.p.s.e.ExceptionSocketHandler - Instance ExceptionSocketHandler initialized. [InstanceId=402249858]
2026-10-01 14:50:32 [main] INFO  c.t.t.t.p.s.e.h.GlobalMessageHandler - Instance GlobalMessageHandler initialized. [InstanceId=1281414889]
2026-10-01 14:50:32 [main] INFO  c.t.t.t.p.s.e.h.CreateRoomHandler - Instance CreateRoomHandler initialized. [InstanceId=1250142026]
2026-10-01 14:50:32 [WebSocketSelector-29] INFO  c.t.t.t.p.socket.SocketServer - WebSocketServer started successfully. [port=8081] [url=ws://localhost:8081]
2026-10-01 14:50:32 [main] INFO  org.eclipse.jetty.util.log - Logging initialized @1041ms to org.eclipse.jetty.util.log.Slf4jLog
2026-10-01 14:50:32 [main] INFO  io.javalin.Javalin - Starting Javalin ...
2026-10-01 14:50:32 [main] INFO  io.javalin.Javalin - You are running Javalin 4.6.8 (released May 4, 2023. Your Javalin version is 1246 days old. Consider checking for a newer version.).
2026-10-01 14:50:32 [main] INFO  io.javalin.Javalin - Listening on http://localhost:8080/
2026-10-01 14:50:32 [main] INFO  io.javalin.Javalin - Javalin started in 139ms \o/
2026-10-01 14:50:32 [main] INFO  c.t.t.t.presentation.http.HttpServer - Instance HttpServer initialized.
2026-10-01 14:50:32 [main] INFO  c.t.t.t.presentation.http.HttpServer - HttpServer started successfully. [port=8080] [url=http://localhost:8080]
2026-10-01 14:50:32 [main] INFO  com.tic.tac.toe.Application - Started Application
2026-10-01 14:50:44 [WebSocketWorker-17] INFO  c.t.t.t.p.s.c.ConnectionManager - A connection added on manager. [connectionId=57c95cfd-e398-4c6c-a338-1f98d0b22e02] [userId=64f51ab2-6a09-44f6-8606-bf4a0718d920]
2026-10-01 14:50:45 [WebSocketWorker-17] INFO  c.t.t.t.p.s.c.ConnectionManager - Getting connection by websocket
2026-10-01 14:50:45 [WebSocketWorker-17] INFO  c.t.t.t.p.s.c.ConnectionManager - Got connection by websocket. [connectionId=57c95cfd-e398-4c6c-a338-1f98d0b22e02] [userId=64f51ab2-6a09-44f6-8606-bf4a0718d920]
2026-10-01 14:50:45 [WebSocketWorker-17] INFO  c.t.t.t.i.p.j.r.RoomJpaRepository - Room saved successfully. [RoomId=8715146a-d1b9-48f3-a344-35a6a5b31d01]
2026-10-01 14:50:45 [WebSocketWorker-17] INFO  c.t.t.t.a.service.RoomServiceImpl - Room created. [roomId=8715146a-d1b9-48f3-a344-35a6a5b31d01] [ownerId=64f51ab2-6a09-44f6-8606-bf4a0718d920]
2026-10-01 14:50:45 [WebSocketWorker-17] INFO  c.t.t.t.p.socket.room.RoomManager - Room created. [RoomId=8715146a-d1b9-48f3-a344-35a6a5b31d01] [TotalRooms=1]
2026-10-01 14:50:45 [WebSocketWorker-17] INFO  c.t.t.t.p.s.c.ConnectionManager - Getting connection by userId. [userId=64f51ab2-6a09-44f6-8606-bf4a0718d920]
2026-10-01 14:50:45 [WebSocketWorker-17] INFO  c.t.t.t.p.s.c.ConnectionManager - Got connection by userId. [connectionId=57c95cfd-e398-4c6c-a338-1f98d0b22e02] [userId=64f51ab2-6a09-44f6-8606-bf4a0718d920]
2026-10-01 14:50:45 [WebSocketWorker-17] INFO  c.t.t.t.p.socket.room.RoomManager - User joined room. [RoomId=8715146a-d1b9-48f3-a344-35a6a5b31d01] [UserId=64f51ab2-6a09-44f6-8606-bf4a0718d920] [TotalUsers=1]
2026-10-01 14:50:45 [WebSocketWorker-17] INFO  c.t.t.t.p.socket.room.RoomManager - Broadcast sent. [RoomId=8715146a-d1b9-48f3-a344-35a6a5b31d01] [Recipients=1]
2026-10-01 14:50:52 [WebSocketSelector-29] INFO  c.t.t.t.p.s.c.ConnectionManager - Getting connection by websocket
2026-10-01 14:50:52 [WebSocketSelector-29] INFO  c.t.t.t.p.s.c.ConnectionManager - Got connection by websocket. [connectionId=57c95cfd-e398-4c6c-a338-1f98d0b22e02] [userId=64f51ab2-6a09-44f6-8606-bf4a0718d920]
2026-10-01 14:50:52 [WebSocketSelector-29] INFO  c.t.t.t.p.s.c.ConnectionManager - Connection removed successfully. [connectionId=57c95cfd-e398-4c6c-a338-1f98d0b22e02] [userId=64f51ab2-6a09-44f6-8606-bf4a0718d920]
2026-10-01 14:50:52 [WebSocketSelector-29] INFO  c.t.t.t.p.socket.room.RoomManager - User left room. [RoomId=8715146a-d1b9-48f3-a344-35a6a5b31d01] [UserId=64f51ab2-6a09-44f6-8606-bf4a0718d920] [TotalUsers=0]
2026-10-01 14:50:52 [WebSocketSelector-29] INFO  c.t.t.t.p.socket.room.RoomManager - Room removed by id. [RoomId=8715146a-d1b9-48f3-a344-35a6a5b31d01] [TotalRooms=0]
2026-10-01 14:50:52 [WebSocketSelector-29] INFO  c.t.t.t.i.p.j.r.RoomJpaRepository - Room deleted successfully. [RoomId=8715146a-d1b9-48f3-a344-35a6a5b31d01]
2026-10-01 14:50:52 [WebSocketSelector-29] ERROR c.t.t.t.i.p.j.r.RoomJpaRepository - Error deleting room by id=8715146a-d1b9-48f3-a344-35a6a5b31d01. [error=Exception [EclipseLink-4002] (Eclipse Persistence Services - 2.7.16.v20250613-47773a333b): org.eclipse.persistence.exceptions.DatabaseException
Internal Exception: org.h2.jdbc.JdbcSQLIntegrityConstraintViolationException: Referential integrity constraint violation: "FK_ROOM_PLAYERS_ROOM_ID: PUBLIC.ROOM_PLAYERS FOREIGN KEY(ROOM_ID) REFERENCES PUBLIC.ROOMS(ID) (X'aced00057372000e6a6176612e7574696c2e55554944bc9903f7986d852f0200024a000c6c65617374536967426974734a000b6d6f7374536967426974737870a34435a6a5b31d018715146ad1b948f3')"; SQL statement:
DELETE FROM rooms WHERE (id = ?) [23503-224]
Error Code: 23503
Call: DELETE FROM rooms WHERE (id = ?)
	bind => [1 parameter bound]
Query: DeleteObjectQuery(Room{id=8715146a-d1b9-48f3-a344-35a6a5b31d01, name='novo deste definitivo', ownerId=64f51ab2-6a09-44f6-8606-bf4a0718d920, status=WAITING, currentPlayerId=null, winnerId=null, winnerName='null', createdAt=2026-10-01T14:50:45.634, players=[]})]
2026-10-01 14:50:52 [WebSocketSelector-29] WARN  c.t.t.t.p.socket.SocketServer - Error to close connection on websocket. [message=Error deleting room by id]
2026-10-01 14:50:52 [WebSocketSelector-29] ERROR c.t.t.t.p.socket.SocketServer - WebSocket error. [connectionId=2086880682]
org.java_websocket.exceptions.WebsocketNotConnectedException: null
	at org.java_websocket.WebSocketImpl.send(WebSocketImpl.java:669)
	at org.java_websocket.WebSocketImpl.send(WebSocketImpl.java:645)
	at com.tic.tac.toe.presentation.socket.exception.ExceptionSocketHandler.sendTo(ExceptionSocketHandler.java:53)
	at com.tic.tac.toe.presentation.socket.exception.ExceptionSocketHandler.handle(ExceptionSocketHandler.java:44)
	at com.tic.tac.toe.presentation.socket.SocketServer.onClose(SocketServer.java:98)
	at org.java_websocket.server.WebSocketServer.onWebsocketClose(WebSocketServer.java:784)
	at org.java_websocket.WebSocketImpl.closeConnection(WebSocketImpl.java:557)
	at org.java_websocket.WebSocketImpl.closeConnection(WebSocketImpl.java:577)
	at org.java_websocket.SocketChannelIOHelper.batch(SocketChannelIOHelper.java:112)
	at org.java_websocket.server.WebSocketServer.doWrite(WebSocketServer.java:586)
	at org.java_websocket.server.WebSocketServer.run(WebSocketServer.java:443)
	at java.lang.Thread.run(Thread.java:750)
2026-10-01 14:50:52 [WebSocketSelector-29] ERROR o.j.server.WebSocketServer - Shutdown due to fatal error
org.java_websocket.exceptions.WebsocketNotConnectedException: null
	at org.java_websocket.WebSocketImpl.send(WebSocketImpl.java:669)
	at org.java_websocket.WebSocketImpl.send(WebSocketImpl.java:645)
	at com.tic.tac.toe.presentation.socket.exception.ExceptionSocketHandler.sendTo(ExceptionSocketHandler.java:53)
	at com.tic.tac.toe.presentation.socket.exception.ExceptionSocketHandler.handle(ExceptionSocketHandler.java:44)
	at com.tic.tac.toe.presentation.socket.SocketServer.onError(SocketServer.java:122)
	at org.java_websocket.server.WebSocketServer.onWebsocketError(WebSocketServer.java:844)
	at org.java_websocket.WebSocketImpl.closeConnection(WebSocketImpl.java:560)
	at org.java_websocket.WebSocketImpl.closeConnection(WebSocketImpl.java:577)
	at org.java_websocket.SocketChannelIOHelper.batch(SocketChannelIOHelper.java:112)
	at org.java_websocket.server.WebSocketServer.doWrite(WebSocketServer.java:586)
	at org.java_websocket.server.WebSocketServer.run(WebSocketServer.java:443)
	at java.lang.Thread.run(Thread.java:750)
2026-10-01 14:50:52 [WebSocketSelector-29] ERROR c.t.t.t.p.socket.SocketServer - WebSocket server error.
org.java_websocket.exceptions.WebsocketNotConnectedException: null
	at org.java_websocket.WebSocketImpl.send(WebSocketImpl.java:669)
	at org.java_websocket.WebSocketImpl.send(WebSocketImpl.java:645)
	at com.tic.tac.toe.presentation.socket.exception.ExceptionSocketHandler.sendTo(ExceptionSocketHandler.java:53)
	at com.tic.tac.toe.presentation.socket.exception.ExceptionSocketHandler.handle(ExceptionSocketHandler.java:44)
	at com.tic.tac.toe.presentation.socket.SocketServer.onError(SocketServer.java:122)
	at org.java_websocket.server.WebSocketServer.onWebsocketError(WebSocketServer.java:844)
	at org.java_websocket.WebSocketImpl.closeConnection(WebSocketImpl.java:560)
	at org.java_websocket.WebSocketImpl.closeConnection(WebSocketImpl.java:577)
	at org.java_websocket.SocketChannelIOHelper.batch(SocketChannelIOHelper.java:112)
	at org.java_websocket.server.WebSocketServer.doWrite(WebSocketServer.java:586)
	at org.java_websocket.server.WebSocketServer.run(WebSocketServer.java:443)
	at java.lang.Thread.run(Thread.java:750)
2026-10-02 09:33:10 [main] INFO  c.t.t.t.i.config.Environment - Instance Environment initialized. [InstanceId=748658608]
2026-10-02 09:33:10 [main] INFO  c.t.t.t.i.security.JwtService - Instance JwtService initialized. [InstanceId=981661423]
2026-10-02 09:33:11 [main] INFO  c.t.t.t.i.persistence.jpa.JpaUtil - Instance JpaUtil initialized. [InstanceId=2127036371]
2026-10-02 09:33:11 [main] INFO  c.t.t.t.i.p.j.r.UserJpaRepository - Instance UserJpaRepository initialized. [InstanceId=1529060733]
2026-10-02 09:33:11 [main] INFO  c.t.t.t.i.p.j.r.RoomJpaRepository - Instance RoomJpaRepository initialized. [InstanceId=106374177]
2026-10-02 09:33:11 [main] INFO  c.t.t.t.i.p.j.r.RoomPlayerJpaRepository - Instance RoomPlayerJpaRepository initialized. [InstanceId=1803669141]
2026-10-02 09:33:11 [main] INFO  c.t.t.t.a.service.AuthServiceImpl - Instance AuthServiceImpl initialized. [InstanceId=712609105]
2026-10-02 09:33:11 [main] INFO  c.t.t.t.a.service.UserServiceImpl - Instance UserServiceImpl initialized. [InstanceId=1836463382]
2026-10-02 09:33:11 [main] INFO  c.t.t.t.a.service.RoomServiceImpl - Instance RoomServiceImpl initialized. [InstanceId=1388278453]
2026-10-02 09:33:11 [main] INFO  c.t.t.t.p.h.m.AuthorizedHttpMiddleware - Instance AuthorizedHttpMiddleware initialized. [InstanceId=934275857]
2026-10-02 09:33:11 [main] INFO  c.t.t.t.p.h.c.AuthController - Instance AuthController initialized. [InstanceId=1364913072]
2026-10-02 09:33:11 [main] INFO  c.t.t.t.p.s.m.AuthorizedSocketMiddleware - Instance AuthorizedSocketMiddleware initialized. [InstanceId=232307208]
2026-10-02 09:33:11 [main] INFO  c.t.t.t.p.s.c.ConnectionManager - Instance ConnectionManager initialized. [InstanceId=609962972]
2026-10-02 09:33:11 [main] INFO  c.t.t.t.p.socket.room.RoomManager - Instance RoomManager initialized. [InstanceId=1818544933]
2026-10-02 09:33:11 [main] INFO  c.t.t.t.p.s.e.ExceptionSocketHandler - Instance ExceptionSocketHandler initialized. [InstanceId=1250142026]
2026-10-02 09:33:11 [main] INFO  c.t.t.t.p.s.e.h.GlobalMessageHandler - Instance GlobalMessageHandler initialized. [InstanceId=2135449562]
2026-10-02 09:33:11 [main] INFO  c.t.t.t.p.s.e.h.CreateRoomHandler - Instance CreateRoomHandler initialized. [InstanceId=225672073]
2026-10-02 09:33:11 [WebSocketSelector-29] INFO  c.t.t.t.p.socket.SocketServer - WebSocketServer started successfully. [port=8081] [url=ws://localhost:8081]
2026-10-02 09:33:11 [main] INFO  org.eclipse.jetty.util.log - Logging initialized @1600ms to org.eclipse.jetty.util.log.Slf4jLog
2026-10-02 09:33:11 [main] INFO  io.javalin.Javalin - Starting Javalin ...
2026-10-02 09:33:11 [main] INFO  io.javalin.Javalin - You are running Javalin 4.6.8 (released May 4, 2023. Your Javalin version is 1246 days old. Consider checking for a newer version.).
2026-10-02 09:33:11 [main] INFO  io.javalin.Javalin - Listening on http://localhost:8080/
2026-10-02 09:33:11 [main] INFO  io.javalin.Javalin - Javalin started in 165ms \o/
2026-10-02 09:33:11 [main] INFO  c.t.t.t.presentation.http.HttpServer - Instance HttpServer initialized.
2026-10-02 09:33:11 [main] INFO  c.t.t.t.presentation.http.HttpServer - HttpServer started successfully. [port=8080] [url=http://localhost:8080]
2026-10-02 09:33:11 [main] INFO  com.tic.tac.toe.Application - Started Application
2026-10-02 09:33:19 [WebSocketWorker-17] INFO  c.t.t.t.p.s.c.ConnectionManager - A connection added on manager. [connectionId=7954e0d5-4aa3-4928-a14d-9448021236db] [userId=64f51ab2-6a09-44f6-8606-bf4a0718d920]
2026-10-02 09:33:22 [WebSocketWorker-17] INFO  c.t.t.t.p.s.c.ConnectionManager - Getting connection by websocket
2026-10-02 09:33:22 [WebSocketWorker-17] INFO  c.t.t.t.p.s.c.ConnectionManager - Got connection by websocket. [connectionId=7954e0d5-4aa3-4928-a14d-9448021236db] [userId=64f51ab2-6a09-44f6-8606-bf4a0718d920]
2026-10-02 09:33:22 [WebSocketWorker-17] INFO  c.t.t.t.p.s.c.ConnectionManager - Getting connection by userId. [userId=64f51ab2-6a09-44f6-8606-bf4a0718d920]
2026-10-02 09:33:22 [WebSocketWorker-17] INFO  c.t.t.t.p.s.c.ConnectionManager - Got connection by userId. [connectionId=7954e0d5-4aa3-4928-a14d-9448021236db] [userId=64f51ab2-6a09-44f6-8606-bf4a0718d920]
2026-10-02 09:33:23 [WebSocketWorker-17] INFO  c.t.t.t.i.p.j.r.RoomJpaRepository - Room saved successfully. [RoomId=74d32741-4ef9-4695-a934-89fba0364e01]
2026-10-02 09:33:23 [WebSocketWorker-17] INFO  c.t.t.t.a.service.RoomServiceImpl - Room created. [roomId=74d32741-4ef9-4695-a934-89fba0364e01] [ownerId=64f51ab2-6a09-44f6-8606-bf4a0718d920]
2026-10-02 09:33:23 [WebSocketWorker-17] INFO  c.t.t.t.p.socket.room.RoomManager - Room created. [RoomId=74d32741-4ef9-4695-a934-89fba0364e01] [TotalRooms=1]
2026-10-02 09:33:23 [WebSocketWorker-17] INFO  c.t.t.t.p.socket.room.RoomManager - User joined room. [RoomId=74d32741-4ef9-4695-a934-89fba0364e01] [UserId=64f51ab2-6a09-44f6-8606-bf4a0718d920] [TotalUsers=1]
2026-10-02 09:33:23 [WebSocketWorker-17] INFO  c.t.t.t.p.socket.room.RoomManager - Broadcast sent. [RoomId=74d32741-4ef9-4695-a934-89fba0364e01] [Recipients=1]
2026-10-02 09:33:23 [WebSocketWorker-17] INFO  c.t.t.t.p.s.e.h.CreateRoomHandler - Room created and owner joined. [roomId=74d32741-4ef9-4695-a934-89fba0364e01] [ownerId=64f51ab2-6a09-44f6-8606-bf4a0718d920]
2026-10-02 09:33:29 [WebSocketSelector-29] INFO  c.t.t.t.p.s.c.ConnectionManager - Getting connection by websocket
2026-10-02 09:33:29 [WebSocketSelector-29] INFO  c.t.t.t.p.s.c.ConnectionManager - Got connection by websocket. [connectionId=7954e0d5-4aa3-4928-a14d-9448021236db] [userId=64f51ab2-6a09-44f6-8606-bf4a0718d920]
2026-10-02 09:33:29 [WebSocketSelector-29] INFO  c.t.t.t.p.s.c.ConnectionManager - Connection removed successfully. [connectionId=7954e0d5-4aa3-4928-a14d-9448021236db] [userId=64f51ab2-6a09-44f6-8606-bf4a0718d920]
2026-10-02 09:33:29 [WebSocketSelector-29] INFO  c.t.t.t.p.socket.room.RoomManager - User left room. [RoomId=74d32741-4ef9-4695-a934-89fba0364e01] [UserId=64f51ab2-6a09-44f6-8606-bf4a0718d920] [TotalUsers=0]
2026-10-02 09:33:29 [WebSocketSelector-29] INFO  c.t.t.t.p.socket.room.RoomManager - Room removed by id. [RoomId=74d32741-4ef9-4695-a934-89fba0364e01] [TotalRooms=0]
2026-10-02 09:33:29 [WebSocketSelector-29] INFO  c.t.t.t.i.p.j.r.RoomJpaRepository - Room deleted successfully. [RoomId=74d32741-4ef9-4695-a934-89fba0364e01]
2026-10-02 09:33:29 [WebSocketSelector-29] ERROR c.t.t.t.i.p.j.r.RoomJpaRepository - Error deleting room by id=74d32741-4ef9-4695-a934-89fba0364e01. [error=Exception [EclipseLink-4002] (Eclipse Persistence Services - 2.7.16.v20250613-47773a333b): org.eclipse.persistence.exceptions.DatabaseException
Internal Exception: org.h2.jdbc.JdbcSQLIntegrityConstraintViolationException: Referential integrity constraint violation: "FK_ROOM_PLAYERS_ROOM_ID: PUBLIC.ROOM_PLAYERS FOREIGN KEY(ROOM_ID) REFERENCES PUBLIC.ROOMS(ID) (X'aced00057372000e6a6176612e7574696c2e55554944bc9903f7986d852f0200024a000c6c65617374536967426974734a000b6d6f7374536967426974737870a93489fba0364e0174d327414ef94695')"; SQL statement:
DELETE FROM rooms WHERE (id = ?) [23503-224]
Error Code: 23503
Call: DELETE FROM rooms WHERE (id = ?)
	bind => [1 parameter bound]
Query: DeleteObjectQuery(Room{id=74d32741-4ef9-4695-a934-89fba0364e01, name='novo deste definitivo', ownerId=64f51ab2-6a09-44f6-8606-bf4a0718d920, status=WAITING, currentPlayerId=null, winnerId=null, winnerName='null', createdAt=2026-10-02T09:33:23.430, players=[]})]
2026-10-02 09:33:29 [WebSocketSelector-29] WARN  c.t.t.t.p.socket.SocketServer - Error to close connection on websocket. [message=Error deleting room by id]
2026-10-02 09:33:29 [WebSocketSelector-29] ERROR c.t.t.t.p.socket.SocketServer - WebSocket error. [connectionId=1269135145]
org.java_websocket.exceptions.WebsocketNotConnectedException: null
	at org.java_websocket.WebSocketImpl.send(WebSocketImpl.java:669)
	at org.java_websocket.WebSocketImpl.send(WebSocketImpl.java:645)
	at com.tic.tac.toe.presentation.socket.exception.ExceptionSocketHandler.sendTo(ExceptionSocketHandler.java:53)
	at com.tic.tac.toe.presentation.socket.exception.ExceptionSocketHandler.handle(ExceptionSocketHandler.java:44)
	at com.tic.tac.toe.presentation.socket.SocketServer.onClose(SocketServer.java:99)
	at org.java_websocket.server.WebSocketServer.onWebsocketClose(WebSocketServer.java:784)
	at org.java_websocket.WebSocketImpl.closeConnection(WebSocketImpl.java:557)
	at org.java_websocket.WebSocketImpl.closeConnection(WebSocketImpl.java:577)
	at org.java_websocket.SocketChannelIOHelper.batch(SocketChannelIOHelper.java:112)
	at org.java_websocket.server.WebSocketServer.doWrite(WebSocketServer.java:586)
	at org.java_websocket.server.WebSocketServer.run(WebSocketServer.java:443)
	at java.lang.Thread.run(Thread.java:750)
2026-10-02 09:33:29 [WebSocketSelector-29] ERROR o.j.server.WebSocketServer - Shutdown due to fatal error
org.java_websocket.exceptions.WebsocketNotConnectedException: null
	at org.java_websocket.WebSocketImpl.send(WebSocketImpl.java:669)
	at org.java_websocket.WebSocketImpl.send(WebSocketImpl.java:645)
	at com.tic.tac.toe.presentation.socket.exception.ExceptionSocketHandler.sendTo(ExceptionSocketHandler.java:53)
	at com.tic.tac.toe.presentation.socket.exception.ExceptionSocketHandler.handle(ExceptionSocketHandler.java:44)
	at com.tic.tac.toe.presentation.socket.SocketServer.onError(SocketServer.java:123)
	at org.java_websocket.server.WebSocketServer.onWebsocketError(WebSocketServer.java:844)
	at org.java_websocket.WebSocketImpl.closeConnection(WebSocketImpl.java:560)
	at org.java_websocket.WebSocketImpl.closeConnection(WebSocketImpl.java:577)
	at org.java_websocket.SocketChannelIOHelper.batch(SocketChannelIOHelper.java:112)
	at org.java_websocket.server.WebSocketServer.doWrite(WebSocketServer.java:586)
	at org.java_websocket.server.WebSocketServer.run(WebSocketServer.java:443)
	at java.lang.Thread.run(Thread.java:750)
2026-10-02 09:33:29 [WebSocketSelector-29] ERROR c.t.t.t.p.socket.SocketServer - WebSocket server error.
org.java_websocket.exceptions.WebsocketNotConnectedException: null
	at org.java_websocket.WebSocketImpl.send(WebSocketImpl.java:669)
	at org.java_websocket.WebSocketImpl.send(WebSocketImpl.java:645)
	at com.tic.tac.toe.presentation.socket.exception.ExceptionSocketHandler.sendTo(ExceptionSocketHandler.java:53)
	at com.tic.tac.toe.presentation.socket.exception.ExceptionSocketHandler.handle(ExceptionSocketHandler.java:44)
	at com.tic.tac.toe.presentation.socket.SocketServer.onError(SocketServer.java:123)
	at org.java_websocket.server.WebSocketServer.onWebsocketError(WebSocketServer.java:844)
	at org.java_websocket.WebSocketImpl.closeConnection(WebSocketImpl.java:560)
	at org.java_websocket.WebSocketImpl.closeConnection(WebSocketImpl.java:577)
	at org.java_websocket.SocketChannelIOHelper.batch(SocketChannelIOHelper.java:112)
	at org.java_websocket.server.WebSocketServer.doWrite(WebSocketServer.java:586)
	at org.java_websocket.server.WebSocketServer.run(WebSocketServer.java:443)
	at java.lang.Thread.run(Thread.java:750)
2026-10-02 09:56:59 [main] INFO  c.t.t.t.i.config.Environment - Instance Environment initialized. [InstanceId=120960120]
2026-10-02 09:56:59 [main] INFO  c.t.t.t.i.security.JwtService - Instance JwtService initialized. [InstanceId=1824835605]
2026-10-02 09:57:00 [main] INFO  c.t.t.t.i.persistence.jpa.JpaUtil - Instance JpaUtil initialized. [InstanceId=1484171695]
2026-10-02 09:57:00 [main] INFO  c.t.t.t.i.p.j.r.UserJpaRepository - Instance UserJpaRepository initialized. [InstanceId=2127036371]
2026-10-02 09:57:00 [main] INFO  c.t.t.t.i.p.j.r.RoomJpaRepository - Instance RoomJpaRepository initialized. [InstanceId=1529060733]
2026-10-02 09:57:00 [main] INFO  c.t.t.t.i.p.j.r.RoomPlayerJpaRepository - Instance RoomPlayerJpaRepository initialized. [InstanceId=106374177]
2026-10-02 09:57:00 [main] INFO  c.t.t.t.a.service.AuthServiceImpl - Instance AuthServiceImpl initialized. [InstanceId=1803669141]
2026-10-02 09:57:00 [main] INFO  c.t.t.t.a.service.UserServiceImpl - Instance UserServiceImpl initialized. [InstanceId=712609105]
2026-10-02 09:57:00 [main] INFO  c.t.t.t.a.service.RoomServiceImpl - Instance RoomServiceImpl initialized. [InstanceId=1836463382]
2026-10-02 09:57:00 [main] INFO  c.t.t.t.a.s.RoomPlayerServiceImpl - Instance RoomPlayerServiceImpl initialized. [InstanceId=1388278453]
2026-10-02 09:57:00 [main] INFO  c.t.t.t.p.h.m.AuthorizedHttpMiddleware - Instance AuthorizedHttpMiddleware initialized. [InstanceId=934275857]
2026-10-02 09:57:00 [main] INFO  c.t.t.t.p.h.c.AuthController - Instance AuthController initialized. [InstanceId=1364913072]
2026-10-02 09:57:00 [main] INFO  c.t.t.t.p.s.m.AuthorizedSocketMiddleware - Instance AuthorizedSocketMiddleware initialized. [InstanceId=232307208]
2026-10-02 09:57:00 [main] INFO  c.t.t.t.p.s.c.ConnectionManager - Instance ConnectionManager initialized. [InstanceId=609962972]
2026-10-02 09:57:00 [main] INFO  c.t.t.t.p.socket.room.RoomManager - Instance RoomManager initialized. [InstanceId=1818544933]
2026-10-02 09:57:00 [main] INFO  c.t.t.t.p.s.e.ExceptionSocketHandler - Instance ExceptionSocketHandler initialized. [InstanceId=1250142026]
2026-10-02 09:57:00 [main] INFO  c.t.t.t.p.s.e.h.GlobalMessageHandler - Instance GlobalMessageHandler initialized. [InstanceId=2135449562]
2026-10-02 09:57:00 [main] INFO  c.t.t.t.p.s.e.h.CreateRoomHandler - Instance CreateRoomHandler initialized. [InstanceId=225672073]
2026-10-02 09:57:00 [WebSocketSelector-29] INFO  c.t.t.t.p.socket.SocketServer - WebSocketServer started successfully. [port=8081] [url=ws://localhost:8081]
2026-10-02 09:57:00 [main] INFO  org.eclipse.jetty.util.log - Logging initialized @1241ms to org.eclipse.jetty.util.log.Slf4jLog
2026-10-02 09:57:00 [main] INFO  io.javalin.Javalin - Starting Javalin ...
2026-10-02 09:57:00 [main] INFO  io.javalin.Javalin - You are running Javalin 4.6.8 (released May 4, 2023. Your Javalin version is 1246 days old. Consider checking for a newer version.).
2026-10-02 09:57:00 [main] INFO  io.javalin.Javalin - Listening on http://localhost:8080/
2026-10-02 09:57:00 [main] INFO  io.javalin.Javalin - Javalin started in 135ms \o/
2026-10-02 09:57:00 [main] INFO  c.t.t.t.presentation.http.HttpServer - Instance HttpServer initialized.
2026-10-02 09:57:00 [main] INFO  c.t.t.t.presentation.http.HttpServer - HttpServer started successfully. [port=8080] [url=http://localhost:8080]
2026-10-02 09:57:00 [main] INFO  com.tic.tac.toe.Application - Started Application
2026-10-02 09:57:06 [WebSocketWorker-17] INFO  c.t.t.t.p.s.c.ConnectionManager - A connection added on manager. [connectionId=95d928b8-5f05-462f-ae7b-1748e6b27f43] [userId=64f51ab2-6a09-44f6-8606-bf4a0718d920]
2026-10-02 09:57:16 [WebSocketWorker-17] INFO  c.t.t.t.p.s.c.ConnectionManager - Getting connection by websocket
2026-10-02 09:57:16 [WebSocketWorker-17] INFO  c.t.t.t.p.s.c.ConnectionManager - Got connection by websocket. [connectionId=95d928b8-5f05-462f-ae7b-1748e6b27f43] [userId=64f51ab2-6a09-44f6-8606-bf4a0718d920]
2026-10-02 09:57:16 [WebSocketWorker-17] INFO  c.t.t.t.p.s.c.ConnectionManager - Getting connection by userId. [userId=64f51ab2-6a09-44f6-8606-bf4a0718d920]
2026-10-02 09:57:16 [WebSocketWorker-17] INFO  c.t.t.t.p.s.c.ConnectionManager - Got connection by userId. [connectionId=95d928b8-5f05-462f-ae7b-1748e6b27f43] [userId=64f51ab2-6a09-44f6-8606-bf4a0718d920]
2026-10-02 09:57:17 [WebSocketWorker-17] INFO  c.t.t.t.i.p.j.r.RoomJpaRepository - Room saved successfully. [RoomId=bea6dcd9-5e04-41ce-a8da-ed38d2b0404a]
2026-10-02 09:57:17 [WebSocketWorker-17] INFO  c.t.t.t.a.service.RoomServiceImpl - Room created. [roomId=bea6dcd9-5e04-41ce-a8da-ed38d2b0404a] [ownerId=64f51ab2-6a09-44f6-8606-bf4a0718d920]
2026-10-02 09:57:17 [WebSocketWorker-17] INFO  c.t.t.t.p.socket.room.RoomManager - Room created. [RoomId=bea6dcd9-5e04-41ce-a8da-ed38d2b0404a] [TotalRooms=1]
2026-10-02 09:57:17 [WebSocketWorker-17] INFO  c.t.t.t.p.socket.room.RoomManager - User joined room. [RoomId=bea6dcd9-5e04-41ce-a8da-ed38d2b0404a] [UserId=64f51ab2-6a09-44f6-8606-bf4a0718d920] [TotalUsers=1]
2026-10-02 09:57:17 [WebSocketWorker-17] INFO  c.t.t.t.p.socket.room.RoomManager - Broadcast sent. [RoomId=bea6dcd9-5e04-41ce-a8da-ed38d2b0404a] [Recipients=1]
2026-10-02 09:57:17 [WebSocketWorker-17] INFO  c.t.t.t.p.s.e.h.CreateRoomHandler - Room created and owner joined. [roomId=bea6dcd9-5e04-41ce-a8da-ed38d2b0404a] [ownerId=64f51ab2-6a09-44f6-8606-bf4a0718d920]
2026-10-02 09:57:19 [WebSocketSelector-29] INFO  c.t.t.t.p.s.c.ConnectionManager - Getting connection by websocket
2026-10-02 09:57:19 [WebSocketSelector-29] INFO  c.t.t.t.p.s.c.ConnectionManager - Got connection by websocket. [connectionId=95d928b8-5f05-462f-ae7b-1748e6b27f43] [userId=64f51ab2-6a09-44f6-8606-bf4a0718d920]
2026-10-02 09:57:19 [WebSocketSelector-29] INFO  c.t.t.t.p.s.c.ConnectionManager - Connection removed successfully. [connectionId=95d928b8-5f05-462f-ae7b-1748e6b27f43] [userId=64f51ab2-6a09-44f6-8606-bf4a0718d920]
2026-10-02 09:57:19 [WebSocketSelector-29] INFO  c.t.t.t.p.socket.room.RoomManager - User left room. [RoomId=bea6dcd9-5e04-41ce-a8da-ed38d2b0404a] [UserId=64f51ab2-6a09-44f6-8606-bf4a0718d920] [TotalUsers=0]
2026-10-02 09:57:19 [WebSocketSelector-29] WARN  c.t.t.t.p.socket.SocketServer - Error to close connection on websocket. [message=RoomPlayer not found]
2026-10-02 09:57:19 [WebSocketSelector-29] ERROR c.t.t.t.p.socket.SocketServer - WebSocket error. [connectionId=122435325]
org.java_websocket.exceptions.WebsocketNotConnectedException: null
	at org.java_websocket.WebSocketImpl.send(WebSocketImpl.java:669)
	at org.java_websocket.WebSocketImpl.send(WebSocketImpl.java:645)
	at com.tic.tac.toe.presentation.socket.exception.ExceptionSocketHandler.sendTo(ExceptionSocketHandler.java:53)
	at com.tic.tac.toe.presentation.socket.exception.ExceptionSocketHandler.handle(ExceptionSocketHandler.java:44)
	at com.tic.tac.toe.presentation.socket.SocketServer.onClose(SocketServer.java:100)
	at org.java_websocket.server.WebSocketServer.onWebsocketClose(WebSocketServer.java:784)
	at org.java_websocket.WebSocketImpl.closeConnection(WebSocketImpl.java:557)
	at org.java_websocket.WebSocketImpl.closeConnection(WebSocketImpl.java:577)
	at org.java_websocket.SocketChannelIOHelper.batch(SocketChannelIOHelper.java:112)
	at org.java_websocket.server.WebSocketServer.doWrite(WebSocketServer.java:586)
	at org.java_websocket.server.WebSocketServer.run(WebSocketServer.java:443)
	at java.lang.Thread.run(Thread.java:750)
2026-10-02 09:57:19 [WebSocketSelector-29] ERROR o.j.server.WebSocketServer - Shutdown due to fatal error
org.java_websocket.exceptions.WebsocketNotConnectedException: null
	at org.java_websocket.WebSocketImpl.send(WebSocketImpl.java:669)
	at org.java_websocket.WebSocketImpl.send(WebSocketImpl.java:645)
	at com.tic.tac.toe.presentation.socket.exception.ExceptionSocketHandler.sendTo(ExceptionSocketHandler.java:53)
	at com.tic.tac.toe.presentation.socket.exception.ExceptionSocketHandler.handle(ExceptionSocketHandler.java:44)
	at com.tic.tac.toe.presentation.socket.SocketServer.onError(SocketServer.java:124)
	at org.java_websocket.server.WebSocketServer.onWebsocketError(WebSocketServer.java:844)
	at org.java_websocket.WebSocketImpl.closeConnection(WebSocketImpl.java:560)
	at org.java_websocket.WebSocketImpl.closeConnection(WebSocketImpl.java:577)
	at org.java_websocket.SocketChannelIOHelper.batch(SocketChannelIOHelper.java:112)
	at org.java_websocket.server.WebSocketServer.doWrite(WebSocketServer.java:586)
	at org.java_websocket.server.WebSocketServer.run(WebSocketServer.java:443)
	at java.lang.Thread.run(Thread.java:750)
2026-10-02 09:57:19 [WebSocketSelector-29] ERROR c.t.t.t.p.socket.SocketServer - WebSocket server error.
org.java_websocket.exceptions.WebsocketNotConnectedException: null
	at org.java_websocket.WebSocketImpl.send(WebSocketImpl.java:669)
	at org.java_websocket.WebSocketImpl.send(WebSocketImpl.java:645)
	at com.tic.tac.toe.presentation.socket.exception.ExceptionSocketHandler.sendTo(ExceptionSocketHandler.java:53)
	at com.tic.tac.toe.presentation.socket.exception.ExceptionSocketHandler.handle(ExceptionSocketHandler.java:44)
	at com.tic.tac.toe.presentation.socket.SocketServer.onError(SocketServer.java:124)
	at org.java_websocket.server.WebSocketServer.onWebsocketError(WebSocketServer.java:844)
	at org.java_websocket.WebSocketImpl.closeConnection(WebSocketImpl.java:560)
	at org.java_websocket.WebSocketImpl.closeConnection(WebSocketImpl.java:577)
	at org.java_websocket.SocketChannelIOHelper.batch(SocketChannelIOHelper.java:112)
	at org.java_websocket.server.WebSocketServer.doWrite(WebSocketServer.java:586)
	at org.java_websocket.server.WebSocketServer.run(WebSocketServer.java:443)
	at java.lang.Thread.run(Thread.java:750)
2026-10-02 09:58:40 [main] INFO  c.t.t.t.i.config.Environment - Instance Environment initialized. [InstanceId=55909012]
2026-10-02 09:58:40 [main] INFO  c.t.t.t.i.security.JwtService - Instance JwtService initialized. [InstanceId=600746945]
2026-10-02 09:58:41 [main] INFO  c.t.t.t.i.persistence.jpa.JpaUtil - Instance JpaUtil initialized. [InstanceId=166794956]
2026-10-02 09:58:41 [main] INFO  c.t.t.t.i.p.j.r.UserJpaRepository - Instance UserJpaRepository initialized. [InstanceId=306612792]
2026-10-02 09:58:41 [main] INFO  c.t.t.t.i.p.j.r.RoomJpaRepository - Instance RoomJpaRepository initialized. [InstanceId=447212746]
2026-10-02 09:58:41 [main] INFO  c.t.t.t.i.p.j.r.RoomPlayerJpaRepository - Instance RoomPlayerJpaRepository initialized. [InstanceId=1496355635]
2026-10-02 09:58:41 [main] INFO  c.t.t.t.a.service.AuthServiceImpl - Instance AuthServiceImpl initialized. [InstanceId=1484171695]
2026-10-02 09:58:41 [main] INFO  c.t.t.t.a.service.UserServiceImpl - Instance UserServiceImpl initialized. [InstanceId=2127036371]
2026-10-02 09:58:41 [main] INFO  c.t.t.t.a.service.RoomServiceImpl - Instance RoomServiceImpl initialized. [InstanceId=1529060733]
2026-10-02 09:58:41 [main] INFO  c.t.t.t.a.s.RoomPlayerServiceImpl - Instance RoomPlayerServiceImpl initialized. [InstanceId=106374177]
2026-10-02 09:58:41 [main] INFO  c.t.t.t.p.h.m.AuthorizedHttpMiddleware - Instance AuthorizedHttpMiddleware initialized. [InstanceId=1803669141]
2026-10-02 09:58:41 [main] INFO  c.t.t.t.p.h.c.AuthController - Instance AuthController initialized. [InstanceId=712609105]
2026-10-02 09:58:41 [main] INFO  c.t.t.t.p.s.m.AuthorizedSocketMiddleware - Instance AuthorizedSocketMiddleware initialized. [InstanceId=1836463382]
2026-10-02 09:58:41 [main] INFO  c.t.t.t.p.s.c.ConnectionManager - Instance ConnectionManager initialized. [InstanceId=1388278453]
2026-10-02 09:58:41 [main] INFO  c.t.t.t.p.socket.room.RoomManager - Instance RoomManager initialized. [InstanceId=934275857]
2026-10-02 09:58:41 [main] INFO  c.t.t.t.p.s.e.ExceptionSocketHandler - Instance ExceptionSocketHandler initialized. [InstanceId=2045036434]
2026-10-02 09:58:41 [main] INFO  c.t.t.t.p.s.e.h.GlobalMessageHandler - Instance GlobalMessageHandler initialized. [InstanceId=352598575]
2026-10-02 09:58:41 [main] INFO  c.t.t.t.p.s.e.h.CreateRoomHandler - Instance CreateRoomHandler initialized. [InstanceId=20224131]
2026-10-02 09:58:41 [WebSocketSelector-29] INFO  c.t.t.t.p.socket.SocketServer - WebSocketServer started successfully. [port=8081] [url=ws://localhost:8081]
2026-10-02 09:58:41 [main] INFO  org.eclipse.jetty.util.log - Logging initialized @1040ms to org.eclipse.jetty.util.log.Slf4jLog
2026-10-02 09:58:41 [main] INFO  io.javalin.Javalin - Starting Javalin ...
2026-10-02 09:58:41 [main] INFO  io.javalin.Javalin - You are running Javalin 4.6.8 (released May 4, 2023. Your Javalin version is 1246 days old. Consider checking for a newer version.).
2026-10-02 09:58:41 [main] INFO  io.javalin.Javalin - Listening on http://localhost:8080/
2026-10-02 09:58:41 [main] INFO  io.javalin.Javalin - Javalin started in 163ms \o/
2026-10-02 09:58:41 [main] INFO  c.t.t.t.presentation.http.HttpServer - Instance HttpServer initialized.
2026-10-02 09:58:41 [main] INFO  c.t.t.t.presentation.http.HttpServer - HttpServer started successfully. [port=8080] [url=http://localhost:8080]
2026-10-02 09:58:41 [main] INFO  com.tic.tac.toe.Application - Started Application
2026-10-02 09:58:44 [WebSocketWorker-17] INFO  c.t.t.t.p.s.c.ConnectionManager - A connection added on manager. [connectionId=6ff15497-e273-4214-ad04-c95af00d599a] [userId=64f51ab2-6a09-44f6-8606-bf4a0718d920]
2026-10-02 09:58:47 [WebSocketWorker-17] INFO  c.t.t.t.p.s.c.ConnectionManager - Getting connection by websocket
2026-10-02 09:58:47 [WebSocketWorker-17] INFO  c.t.t.t.p.s.c.ConnectionManager - Got connection by websocket. [connectionId=6ff15497-e273-4214-ad04-c95af00d599a] [userId=64f51ab2-6a09-44f6-8606-bf4a0718d920]
2026-10-02 09:58:47 [WebSocketWorker-17] INFO  c.t.t.t.p.s.c.ConnectionManager - Getting connection by userId. [userId=64f51ab2-6a09-44f6-8606-bf4a0718d920]
2026-10-02 09:58:47 [WebSocketWorker-17] INFO  c.t.t.t.p.s.c.ConnectionManager - Got connection by userId. [connectionId=6ff15497-e273-4214-ad04-c95af00d599a] [userId=64f51ab2-6a09-44f6-8606-bf4a0718d920]
2026-10-02 09:58:47 [WebSocketWorker-17] INFO  c.t.t.t.i.p.j.r.RoomJpaRepository - Room saved successfully. [RoomId=086e0822-e2e5-4dc7-b803-199b15cbee87]
2026-10-02 09:58:47 [WebSocketWorker-17] INFO  c.t.t.t.a.service.RoomServiceImpl - Room created. [roomId=086e0822-e2e5-4dc7-b803-199b15cbee87] [ownerId=64f51ab2-6a09-44f6-8606-bf4a0718d920]
2026-10-02 09:58:47 [WebSocketWorker-17] INFO  c.t.t.t.p.socket.room.RoomManager - Room created. [RoomId=086e0822-e2e5-4dc7-b803-199b15cbee87] [TotalRooms=1]
2026-10-02 09:58:47 [WebSocketWorker-17] INFO  c.t.t.t.p.socket.room.RoomManager - User joined room. [RoomId=086e0822-e2e5-4dc7-b803-199b15cbee87] [UserId=64f51ab2-6a09-44f6-8606-bf4a0718d920] [TotalUsers=1]
2026-10-02 09:58:47 [WebSocketWorker-17] INFO  c.t.t.t.p.socket.room.RoomManager - Broadcast sent. [RoomId=086e0822-e2e5-4dc7-b803-199b15cbee87] [Recipients=1]
2026-10-02 09:58:47 [WebSocketWorker-17] INFO  c.t.t.t.p.s.e.h.CreateRoomHandler - Room created and owner joined. [roomId=086e0822-e2e5-4dc7-b803-199b15cbee87] [ownerId=64f51ab2-6a09-44f6-8606-bf4a0718d920]
2026-10-02 09:58:56 [WebSocketSelector-29] INFO  c.t.t.t.p.s.c.ConnectionManager - Getting connection by websocket
2026-10-02 09:58:56 [WebSocketSelector-29] INFO  c.t.t.t.p.s.c.ConnectionManager - Got connection by websocket. [connectionId=6ff15497-e273-4214-ad04-c95af00d599a] [userId=64f51ab2-6a09-44f6-8606-bf4a0718d920]
2026-10-02 09:58:56 [WebSocketSelector-29] INFO  c.t.t.t.p.s.c.ConnectionManager - Connection removed successfully. [connectionId=6ff15497-e273-4214-ad04-c95af00d599a] [userId=64f51ab2-6a09-44f6-8606-bf4a0718d920]
2026-10-02 09:58:56 [WebSocketSelector-29] INFO  c.t.t.t.p.socket.room.RoomManager - User left room. [RoomId=086e0822-e2e5-4dc7-b803-199b15cbee87] [UserId=64f51ab2-6a09-44f6-8606-bf4a0718d920] [TotalUsers=0]
2026-10-02 09:58:56 [WebSocketSelector-29] WARN  c.t.t.t.p.socket.SocketServer - Error to close connection on websocket. [message=RoomPlayer not found]
2026-10-02 09:58:56 [WebSocketSelector-29] ERROR c.t.t.t.p.socket.SocketServer - WebSocket error. [connectionId=1487062489]
org.java_websocket.exceptions.WebsocketNotConnectedException: null
	at org.java_websocket.WebSocketImpl.send(WebSocketImpl.java:669)
	at org.java_websocket.WebSocketImpl.send(WebSocketImpl.java:645)
	at com.tic.tac.toe.presentation.socket.exception.ExceptionSocketHandler.sendTo(ExceptionSocketHandler.java:53)
	at com.tic.tac.toe.presentation.socket.exception.ExceptionSocketHandler.handle(ExceptionSocketHandler.java:44)
	at com.tic.tac.toe.presentation.socket.SocketServer.onClose(SocketServer.java:100)
	at org.java_websocket.server.WebSocketServer.onWebsocketClose(WebSocketServer.java:784)
	at org.java_websocket.WebSocketImpl.closeConnection(WebSocketImpl.java:557)
	at org.java_websocket.WebSocketImpl.closeConnection(WebSocketImpl.java:577)
	at org.java_websocket.SocketChannelIOHelper.batch(SocketChannelIOHelper.java:112)
	at org.java_websocket.server.WebSocketServer.doWrite(WebSocketServer.java:586)
	at org.java_websocket.server.WebSocketServer.run(WebSocketServer.java:443)
	at java.lang.Thread.run(Thread.java:750)
2026-10-02 09:58:56 [WebSocketSelector-29] ERROR o.j.server.WebSocketServer - Shutdown due to fatal error
org.java_websocket.exceptions.WebsocketNotConnectedException: null
	at org.java_websocket.WebSocketImpl.send(WebSocketImpl.java:669)
	at org.java_websocket.WebSocketImpl.send(WebSocketImpl.java:645)
	at com.tic.tac.toe.presentation.socket.exception.ExceptionSocketHandler.sendTo(ExceptionSocketHandler.java:53)
	at com.tic.tac.toe.presentation.socket.exception.ExceptionSocketHandler.handle(ExceptionSocketHandler.java:44)
	at com.tic.tac.toe.presentation.socket.SocketServer.onError(SocketServer.java:124)
	at org.java_websocket.server.WebSocketServer.onWebsocketError(WebSocketServer.java:844)
	at org.java_websocket.WebSocketImpl.closeConnection(WebSocketImpl.java:560)
	at org.java_websocket.WebSocketImpl.closeConnection(WebSocketImpl.java:577)
	at org.java_websocket.SocketChannelIOHelper.batch(SocketChannelIOHelper.java:112)
	at org.java_websocket.server.WebSocketServer.doWrite(WebSocketServer.java:586)
	at org.java_websocket.server.WebSocketServer.run(WebSocketServer.java:443)
	at java.lang.Thread.run(Thread.java:750)
2026-10-02 09:58:56 [WebSocketSelector-29] ERROR c.t.t.t.p.socket.SocketServer - WebSocket server error.
org.java_websocket.exceptions.WebsocketNotConnectedException: null
	at org.java_websocket.WebSocketImpl.send(WebSocketImpl.java:669)
	at org.java_websocket.WebSocketImpl.send(WebSocketImpl.java:645)
	at com.tic.tac.toe.presentation.socket.exception.ExceptionSocketHandler.sendTo(ExceptionSocketHandler.java:53)
	at com.tic.tac.toe.presentation.socket.exception.ExceptionSocketHandler.handle(ExceptionSocketHandler.java:44)
	at com.tic.tac.toe.presentation.socket.SocketServer.onError(SocketServer.java:124)
	at org.java_websocket.server.WebSocketServer.onWebsocketError(WebSocketServer.java:844)
	at org.java_websocket.WebSocketImpl.closeConnection(WebSocketImpl.java:560)
	at org.java_websocket.WebSocketImpl.closeConnection(WebSocketImpl.java:577)
	at org.java_websocket.SocketChannelIOHelper.batch(SocketChannelIOHelper.java:112)
	at org.java_websocket.server.WebSocketServer.doWrite(WebSocketServer.java:586)
	at org.java_websocket.server.WebSocketServer.run(WebSocketServer.java:443)
	at java.lang.Thread.run(Thread.java:750)
2026-10-02 14:30:54 [main] INFO  c.t.t.t.i.config.Environment - Instance Environment initialized. [InstanceId=64830413]
2026-10-02 14:30:54 [main] INFO  c.t.t.t.i.security.JwtService - Instance JwtService initialized. [InstanceId=2140832232]
2026-10-02 14:30:54 [main] INFO  c.t.t.t.i.persistence.jpa.JpaUtil - Instance JpaUtil initialized. [InstanceId=609962972]
2026-10-02 14:30:54 [main] INFO  c.t.t.t.i.p.j.r.UserJpaRepository - Instance UserJpaRepository initialized. [InstanceId=1818544933]
2026-10-02 14:30:54 [main] INFO  c.t.t.t.i.p.j.r.RoomJpaRepository - Instance RoomJpaRepository initialized. [InstanceId=1793436274]
2026-10-02 14:30:54 [main] INFO  c.t.t.t.i.p.j.r.RoomPlayerJpaRepository - Instance RoomPlayerJpaRepository initialized. [InstanceId=572868060]
2026-10-02 14:30:54 [main] INFO  c.t.t.t.a.service.AuthServiceImpl - Instance AuthServiceImpl initialized. [InstanceId=1549725679]
2026-10-02 14:30:54 [main] INFO  c.t.t.t.a.service.UserServiceImpl - Instance UserServiceImpl initialized. [InstanceId=371800738]
2026-10-02 14:30:54 [main] INFO  c.t.t.t.a.service.RoomServiceImpl - Instance RoomServiceImpl initialized. [InstanceId=1364767791]
2026-10-02 14:30:54 [main] INFO  c.t.t.t.a.s.RoomPlayerServiceImpl - Instance RoomPlayerServiceImpl initialized. [InstanceId=1499136125]
2026-10-02 14:30:54 [main] INFO  c.t.t.t.p.h.m.AuthorizedHttpMiddleware - Instance AuthorizedHttpMiddleware initialized. [InstanceId=1926343982]
2026-10-02 14:30:54 [main] INFO  c.t.t.t.p.h.c.AuthController - Instance AuthController initialized. [InstanceId=762476028]
2026-10-02 14:30:54 [main] INFO  c.t.t.t.p.s.m.AuthorizedSocketMiddleware - Instance AuthorizedSocketMiddleware initialized. [InstanceId=966739377]
2026-10-02 14:30:55 [main] INFO  c.t.t.t.p.s.c.ConnectionManager - Instance ConnectionManager initialized. [InstanceId=952562199]
2026-10-02 14:30:55 [main] INFO  c.t.t.t.p.socket.room.RoomManager - Instance RoomManager initialized. [InstanceId=1199673596]
2026-10-02 14:30:55 [main] INFO  c.t.t.t.p.s.e.ExceptionSocketHandler - Instance ExceptionSocketHandler initialized. [InstanceId=1594138273]
2026-10-02 14:30:55 [main] INFO  c.t.t.t.p.s.e.h.GlobalMessageHandler - Instance GlobalMessageHandler initialized. [InstanceId=1912821769]
2026-10-02 14:30:55 [main] INFO  c.t.t.t.p.s.e.h.CreateRoomHandler - Instance CreateRoomHandler initialized. [InstanceId=405215542]
2026-10-02 14:30:55 [WebSocketSelector-29] INFO  c.t.t.t.p.socket.SocketServer - WebSocketServer started successfully. [port=8081] [url=ws://localhost:8081]
2026-10-02 14:30:55 [main] INFO  org.eclipse.jetty.util.log - Logging initialized @2846ms to org.eclipse.jetty.util.log.Slf4jLog
2026-10-02 14:30:55 [main] INFO  io.javalin.Javalin - Starting Javalin ...
2026-10-02 14:30:55 [main] INFO  io.javalin.Javalin - You are running Javalin 4.6.8 (released May 4, 2023. Your Javalin version is 1247 days old. Consider checking for a newer version.).
2026-10-02 14:30:55 [main] INFO  io.javalin.Javalin - Listening on http://localhost:8080/
2026-10-02 14:30:55 [main] INFO  io.javalin.Javalin - Javalin started in 159ms \o/
2026-10-02 14:30:55 [main] INFO  c.t.t.t.presentation.http.HttpServer - Instance HttpServer initialized.
2026-10-02 14:30:55 [main] INFO  c.t.t.t.presentation.http.HttpServer - HttpServer started successfully. [port=8080] [url=http://localhost:8080]
2026-10-02 14:30:55 [main] INFO  com.tic.tac.toe.Application - Started Application
2026-10-02 14:31:04 [WebSocketWorker-17] INFO  c.t.t.t.p.s.c.ConnectionManager - A connection added on manager. [connectionId=d8f83e6c-4ee1-4a44-9bbf-b546be1c8729] [userId=64f51ab2-6a09-44f6-8606-bf4a0718d920]
2026-10-02 14:31:05 [WebSocketWorker-17] INFO  c.t.t.t.p.s.c.ConnectionManager - Getting connection by websocket
2026-10-02 14:31:05 [WebSocketWorker-17] INFO  c.t.t.t.p.s.c.ConnectionManager - Got connection by websocket. [connectionId=d8f83e6c-4ee1-4a44-9bbf-b546be1c8729] [userId=64f51ab2-6a09-44f6-8606-bf4a0718d920]
2026-10-02 14:31:05 [WebSocketWorker-17] INFO  c.t.t.t.p.s.c.ConnectionManager - Getting connection by userId. [userId=64f51ab2-6a09-44f6-8606-bf4a0718d920]
2026-10-02 14:31:05 [WebSocketWorker-17] INFO  c.t.t.t.p.s.c.ConnectionManager - Got connection by userId. [connectionId=d8f83e6c-4ee1-4a44-9bbf-b546be1c8729] [userId=64f51ab2-6a09-44f6-8606-bf4a0718d920]
2026-10-02 14:31:06 [WebSocketWorker-17] INFO  c.t.t.t.i.p.j.r.RoomJpaRepository - Room saved successfully. [RoomId=a8caf49d-950a-40e4-9bd4-a5fdeb3b6340]
2026-10-02 14:31:06 [WebSocketWorker-17] INFO  c.t.t.t.a.service.RoomServiceImpl - Room created. [roomId=a8caf49d-950a-40e4-9bd4-a5fdeb3b6340] [ownerId=64f51ab2-6a09-44f6-8606-bf4a0718d920]
2026-10-02 14:31:06 [WebSocketWorker-17] INFO  c.t.t.t.p.socket.room.RoomManager - Room created. [RoomId=a8caf49d-950a-40e4-9bd4-a5fdeb3b6340] [TotalRooms=1]
2026-10-02 14:31:06 [WebSocketWorker-17] INFO  c.t.t.t.p.socket.room.RoomManager - User joined room. [RoomId=a8caf49d-950a-40e4-9bd4-a5fdeb3b6340] [UserId=64f51ab2-6a09-44f6-8606-bf4a0718d920] [TotalUsers=1]
2026-10-02 14:31:06 [WebSocketWorker-17] INFO  c.t.t.t.p.socket.room.RoomManager - Broadcast sent. [RoomId=a8caf49d-950a-40e4-9bd4-a5fdeb3b6340] [Recipients=1]
2026-10-02 14:31:06 [WebSocketWorker-17] INFO  c.t.t.t.p.s.e.h.CreateRoomHandler - Room created and owner joined. [roomId=a8caf49d-950a-40e4-9bd4-a5fdeb3b6340] [ownerId=64f51ab2-6a09-44f6-8606-bf4a0718d920]
2026-10-02 14:31:07 [WebSocketSelector-29] INFO  c.t.t.t.p.s.c.ConnectionManager - Getting connection by websocket
2026-10-02 14:31:07 [WebSocketSelector-29] INFO  c.t.t.t.p.s.c.ConnectionManager - Got connection by websocket. [connectionId=d8f83e6c-4ee1-4a44-9bbf-b546be1c8729] [userId=64f51ab2-6a09-44f6-8606-bf4a0718d920]
2026-10-02 14:31:07 [WebSocketSelector-29] INFO  c.t.t.t.p.s.c.ConnectionManager - Connection removed successfully. [connectionId=d8f83e6c-4ee1-4a44-9bbf-b546be1c8729] [userId=64f51ab2-6a09-44f6-8606-bf4a0718d920]
2026-10-02 14:31:07 [WebSocketSelector-29] INFO  c.t.t.t.p.socket.room.RoomManager - User left room. [RoomId=a8caf49d-950a-40e4-9bd4-a5fdeb3b6340] [UserId=64f51ab2-6a09-44f6-8606-bf4a0718d920] [TotalUsers=0]
2026-10-02 14:31:07 [WebSocketSelector-29] WARN  c.t.t.t.p.socket.SocketServer - Error to close connection on websocket. [message=RoomPlayer not found]
2026-10-02 14:31:07 [WebSocketSelector-29] ERROR c.t.t.t.p.socket.SocketServer - WebSocket error. [connectionId=752030883]
org.java_websocket.exceptions.WebsocketNotConnectedException: null
	at org.java_websocket.WebSocketImpl.send(WebSocketImpl.java:669)
	at org.java_websocket.WebSocketImpl.send(WebSocketImpl.java:645)
	at com.tic.tac.toe.presentation.socket.exception.ExceptionSocketHandler.sendTo(ExceptionSocketHandler.java:53)
	at com.tic.tac.toe.presentation.socket.exception.ExceptionSocketHandler.handle(ExceptionSocketHandler.java:44)
	at com.tic.tac.toe.presentation.socket.SocketServer.onClose(SocketServer.java:100)
	at org.java_websocket.server.WebSocketServer.onWebsocketClose(WebSocketServer.java:784)
	at org.java_websocket.WebSocketImpl.closeConnection(WebSocketImpl.java:557)
	at org.java_websocket.WebSocketImpl.closeConnection(WebSocketImpl.java:577)
	at org.java_websocket.SocketChannelIOHelper.batch(SocketChannelIOHelper.java:112)
	at org.java_websocket.server.WebSocketServer.doWrite(WebSocketServer.java:586)
	at org.java_websocket.server.WebSocketServer.run(WebSocketServer.java:443)
	at java.lang.Thread.run(Thread.java:750)
2026-10-02 14:31:07 [WebSocketSelector-29] ERROR o.j.server.WebSocketServer - Shutdown due to fatal error
org.java_websocket.exceptions.WebsocketNotConnectedException: null
	at org.java_websocket.WebSocketImpl.send(WebSocketImpl.java:669)
	at org.java_websocket.WebSocketImpl.send(WebSocketImpl.java:645)
	at com.tic.tac.toe.presentation.socket.exception.ExceptionSocketHandler.sendTo(ExceptionSocketHandler.java:53)
	at com.tic.tac.toe.presentation.socket.exception.ExceptionSocketHandler.handle(ExceptionSocketHandler.java:44)
	at com.tic.tac.toe.presentation.socket.SocketServer.onError(SocketServer.java:124)
	at org.java_websocket.server.WebSocketServer.onWebsocketError(WebSocketServer.java:844)
	at org.java_websocket.WebSocketImpl.closeConnection(WebSocketImpl.java:560)
	at org.java_websocket.WebSocketImpl.closeConnection(WebSocketImpl.java:577)
	at org.java_websocket.SocketChannelIOHelper.batch(SocketChannelIOHelper.java:112)
	at org.java_websocket.server.WebSocketServer.doWrite(WebSocketServer.java:586)
	at org.java_websocket.server.WebSocketServer.run(WebSocketServer.java:443)
	at java.lang.Thread.run(Thread.java:750)
2026-10-02 14:31:07 [WebSocketSelector-29] ERROR c.t.t.t.p.socket.SocketServer - WebSocket server error.
org.java_websocket.exceptions.WebsocketNotConnectedException: null
	at org.java_websocket.WebSocketImpl.send(WebSocketImpl.java:669)
	at org.java_websocket.WebSocketImpl.send(WebSocketImpl.java:645)
	at com.tic.tac.toe.presentation.socket.exception.ExceptionSocketHandler.sendTo(ExceptionSocketHandler.java:53)
	at com.tic.tac.toe.presentation.socket.exception.ExceptionSocketHandler.handle(ExceptionSocketHandler.java:44)
	at com.tic.tac.toe.presentation.socket.SocketServer.onError(SocketServer.java:124)
	at org.java_websocket.server.WebSocketServer.onWebsocketError(WebSocketServer.java:844)
	at org.java_websocket.WebSocketImpl.closeConnection(WebSocketImpl.java:560)
	at org.java_websocket.WebSocketImpl.closeConnection(WebSocketImpl.java:577)
	at org.java_websocket.SocketChannelIOHelper.batch(SocketChannelIOHelper.java:112)
	at org.java_websocket.server.WebSocketServer.doWrite(WebSocketServer.java:586)
	at org.java_websocket.server.WebSocketServer.run(WebSocketServer.java:443)
	at java.lang.Thread.run(Thread.java:750)
2026-10-02 14:34:15 [main] INFO  c.t.t.t.i.config.Environment - Instance Environment initialized. [InstanceId=1516369375]
2026-10-02 14:34:15 [main] INFO  c.t.t.t.i.security.JwtService - Instance JwtService initialized. [InstanceId=1576861390]
2026-10-02 14:34:15 [main] INFO  c.t.t.t.i.persistence.jpa.JpaUtil - Instance JpaUtil initialized. [InstanceId=1741979653]
2026-10-02 14:34:15 [main] INFO  c.t.t.t.i.p.j.r.UserJpaRepository - Instance UserJpaRepository initialized. [InstanceId=166794956]
2026-10-02 14:34:15 [main] INFO  c.t.t.t.i.p.j.r.RoomJpaRepository - Instance RoomJpaRepository initialized. [InstanceId=306612792]
2026-10-02 14:34:15 [main] INFO  c.t.t.t.i.p.j.r.RoomPlayerJpaRepository - Instance RoomPlayerJpaRepository initialized. [InstanceId=447212746]
2026-10-02 14:34:15 [main] INFO  c.t.t.t.a.service.AuthServiceImpl - Instance AuthServiceImpl initialized. [InstanceId=1496355635]
2026-10-02 14:34:15 [main] INFO  c.t.t.t.a.service.UserServiceImpl - Instance UserServiceImpl initialized. [InstanceId=1484171695]
2026-10-02 14:34:15 [main] INFO  c.t.t.t.a.service.RoomServiceImpl - Instance RoomServiceImpl initialized. [InstanceId=2127036371]
2026-10-02 14:34:15 [main] INFO  c.t.t.t.a.s.RoomPlayerServiceImpl - Instance RoomPlayerServiceImpl initialized. [InstanceId=1529060733]
2026-10-02 14:34:15 [main] INFO  c.t.t.t.p.h.m.AuthorizedHttpMiddleware - Instance AuthorizedHttpMiddleware initialized. [InstanceId=106374177]
2026-10-02 14:34:15 [main] INFO  c.t.t.t.p.h.c.AuthController - Instance AuthController initialized. [InstanceId=1803669141]
2026-10-02 14:34:15 [main] INFO  c.t.t.t.p.s.m.AuthorizedSocketMiddleware - Instance AuthorizedSocketMiddleware initialized. [InstanceId=712609105]
2026-10-02 14:34:15 [main] INFO  c.t.t.t.p.s.c.ConnectionManager - Instance ConnectionManager initialized. [InstanceId=1836463382]
2026-10-02 14:34:15 [main] INFO  c.t.t.t.p.socket.room.RoomManager - Instance RoomManager initialized. [InstanceId=1388278453]
2026-10-02 14:34:15 [main] INFO  c.t.t.t.p.s.e.ExceptionSocketHandler - Instance ExceptionSocketHandler initialized. [InstanceId=402249858]
2026-10-02 14:34:16 [main] INFO  c.t.t.t.p.s.e.h.GlobalMessageHandler - Instance GlobalMessageHandler initialized. [InstanceId=1281414889]
2026-10-02 14:34:16 [main] INFO  c.t.t.t.p.s.e.h.CreateRoomHandler - Instance CreateRoomHandler initialized. [InstanceId=1250142026]
2026-10-02 14:34:16 [WebSocketSelector-29] INFO  c.t.t.t.p.socket.SocketServer - WebSocketServer started successfully. [port=8081] [url=ws://localhost:8081]
2026-10-02 14:34:16 [main] INFO  org.eclipse.jetty.util.log - Logging initialized @1075ms to org.eclipse.jetty.util.log.Slf4jLog
2026-10-02 14:34:16 [main] INFO  io.javalin.Javalin - Starting Javalin ...
2026-10-02 14:34:16 [main] INFO  io.javalin.Javalin - You are running Javalin 4.6.8 (released May 4, 2023. Your Javalin version is 1247 days old. Consider checking for a newer version.).
2026-10-02 14:34:16 [main] INFO  io.javalin.Javalin - Listening on http://localhost:8080/
2026-10-02 14:34:16 [main] INFO  io.javalin.Javalin - Javalin started in 127ms \o/
2026-10-02 14:34:16 [main] INFO  c.t.t.t.presentation.http.HttpServer - Instance HttpServer initialized.
2026-10-02 14:34:16 [main] INFO  c.t.t.t.presentation.http.HttpServer - HttpServer started successfully. [port=8080] [url=http://localhost:8080]
2026-10-02 14:34:16 [main] INFO  com.tic.tac.toe.Application - Started Application
2026-10-02 14:34:19 [WebSocketWorker-17] INFO  c.t.t.t.p.s.c.ConnectionManager - A connection added on manager. [connectionId=5ccaa315-38b9-4c44-835f-920a5b74bcf6] [userId=64f51ab2-6a09-44f6-8606-bf4a0718d920]
2026-10-02 14:34:21 [WebSocketWorker-17] INFO  c.t.t.t.p.s.c.ConnectionManager - Getting connection by websocket
2026-10-02 14:34:21 [WebSocketWorker-17] INFO  c.t.t.t.p.s.c.ConnectionManager - Got connection by websocket. [connectionId=5ccaa315-38b9-4c44-835f-920a5b74bcf6] [userId=64f51ab2-6a09-44f6-8606-bf4a0718d920]
2026-10-02 14:34:21 [WebSocketWorker-17] INFO  c.t.t.t.p.s.c.ConnectionManager - Getting connection by userId. [userId=64f51ab2-6a09-44f6-8606-bf4a0718d920]
2026-10-02 14:34:21 [WebSocketWorker-17] INFO  c.t.t.t.p.s.c.ConnectionManager - Got connection by userId. [connectionId=5ccaa315-38b9-4c44-835f-920a5b74bcf6] [userId=64f51ab2-6a09-44f6-8606-bf4a0718d920]
2026-10-02 14:34:21 [WebSocketWorker-17] INFO  c.t.t.t.i.p.j.r.RoomJpaRepository - Room saved successfully. [RoomId=8ed6ba8e-f58b-42af-9870-40d48c407825]
2026-10-02 14:34:21 [WebSocketWorker-17] INFO  c.t.t.t.a.service.RoomServiceImpl - Room created. [roomId=8ed6ba8e-f58b-42af-9870-40d48c407825] [ownerId=64f51ab2-6a09-44f6-8606-bf4a0718d920]
2026-10-02 14:34:21 [WebSocketWorker-17] INFO  c.t.t.t.p.socket.room.RoomManager - Room created. [RoomId=8ed6ba8e-f58b-42af-9870-40d48c407825] [TotalRooms=1]
2026-10-02 14:34:21 [WebSocketWorker-17] INFO  c.t.t.t.p.socket.room.RoomManager - User joined room. [RoomId=8ed6ba8e-f58b-42af-9870-40d48c407825] [UserId=64f51ab2-6a09-44f6-8606-bf4a0718d920] [TotalUsers=1]
2026-10-02 14:34:21 [WebSocketWorker-17] INFO  c.t.t.t.p.socket.room.RoomManager - Broadcast sent. [RoomId=8ed6ba8e-f58b-42af-9870-40d48c407825] [Recipients=1]
2026-10-02 14:34:21 [WebSocketWorker-17] INFO  c.t.t.t.p.s.e.h.CreateRoomHandler - Room created and owner joined. [roomId=8ed6ba8e-f58b-42af-9870-40d48c407825] [ownerId=64f51ab2-6a09-44f6-8606-bf4a0718d920]
2026-10-02 14:34:23 [WebSocketSelector-29] INFO  c.t.t.t.p.s.c.ConnectionManager - Getting connection by websocket
2026-10-02 14:34:23 [WebSocketSelector-29] INFO  c.t.t.t.p.s.c.ConnectionManager - Got connection by websocket. [connectionId=5ccaa315-38b9-4c44-835f-920a5b74bcf6] [userId=64f51ab2-6a09-44f6-8606-bf4a0718d920]
2026-10-02 14:34:23 [WebSocketSelector-29] INFO  c.t.t.t.p.s.c.ConnectionManager - Connection removed successfully. [connectionId=5ccaa315-38b9-4c44-835f-920a5b74bcf6] [userId=64f51ab2-6a09-44f6-8606-bf4a0718d920]
2026-10-02 14:34:23 [WebSocketSelector-29] INFO  c.t.t.t.p.socket.room.RoomManager - User left room. [RoomId=8ed6ba8e-f58b-42af-9870-40d48c407825] [UserId=64f51ab2-6a09-44f6-8606-bf4a0718d920] [TotalUsers=0]
2026-10-02 14:34:23 [WebSocketSelector-29] WARN  c.t.t.t.p.socket.SocketServer - RoomPlayer already removed. [roomId=8ed6ba8e-f58b-42af-9870-40d48c407825] [userId=64f51ab2-6a09-44f6-8606-bf4a0718d920]
2026-10-02 14:34:23 [WebSocketSelector-29] INFO  c.t.t.t.p.socket.room.RoomManager - Room removed by id. [RoomId=8ed6ba8e-f58b-42af-9870-40d48c407825] [TotalRooms=0]
2026-10-02 14:34:23 [WebSocketSelector-29] INFO  c.t.t.t.i.p.j.r.RoomJpaRepository - Room deleted successfully. [RoomId=8ed6ba8e-f58b-42af-9870-40d48c407825]
2026-10-02 14:34:23 [WebSocketSelector-29] ERROR c.t.t.t.i.p.j.r.RoomJpaRepository - Error deleting room by id=8ed6ba8e-f58b-42af-9870-40d48c407825. [error=Exception [EclipseLink-4002] (Eclipse Persistence Services - 2.7.16.v20250613-47773a333b): org.eclipse.persistence.exceptions.DatabaseException
Internal Exception: org.h2.jdbc.JdbcSQLIntegrityConstraintViolationException: Referential integrity constraint violation: "FK_ROOM_PLAYERS_ROOM_ID: PUBLIC.ROOM_PLAYERS FOREIGN KEY(ROOM_ID) REFERENCES PUBLIC.ROOMS(ID) (X'aced00057372000e6a6176612e7574696c2e55554944bc9903f7986d852f0200024a000c6c65617374536967426974734a000b6d6f7374536967426974737870987040d48c4078258ed6ba8ef58b42af')"; SQL statement:
DELETE FROM rooms WHERE (id = ?) [23503-224]
Error Code: 23503
Call: DELETE FROM rooms WHERE (id = ?)
	bind => [1 parameter bound]
Query: DeleteObjectQuery(Room{id=8ed6ba8e-f58b-42af-9870-40d48c407825, name='novo deste definitivo', ownerId=64f51ab2-6a09-44f6-8606-bf4a0718d920, status=WAITING, currentPlayerId=null, winnerId=null, winnerName='null', createdAt=2026-10-02T14:34:21.874, players=[]})]
2026-10-02 14:34:23 [WebSocketSelector-29] ERROR c.t.t.t.p.socket.SocketServer - Error removing empty room. [roomId=8ed6ba8e-f58b-42af-9870-40d48c407825] [error=Error deleting room by id]
2026-10-02 14:34:23 [WebSocketSelector-29] WARN  c.t.t.t.p.socket.SocketServer - Close connection. [connectionId=5ccaa315-38b9-4c44-835f-920a5b74bcf6] [userId=64f51ab2-6a09-44f6-8606-bf4a0718d920] [code=1000] [reason=Client initiated close]
2026-10-02 14:39:37 [main] INFO  c.t.t.t.i.config.Environment - Instance Environment initialized. [InstanceId=922151033]
2026-10-02 14:39:37 [main] INFO  c.t.t.t.i.security.JwtService - Instance JwtService initialized. [InstanceId=1144648478]
2026-10-02 14:39:37 [main] INFO  c.t.t.t.i.persistence.jpa.JpaUtil - Instance JpaUtil initialized. [InstanceId=692331943]
2026-10-02 14:39:37 [main] INFO  c.t.t.t.i.p.j.r.UserJpaRepository - Instance UserJpaRepository initialized. [InstanceId=1741979653]
2026-10-02 14:39:37 [main] INFO  c.t.t.t.i.p.j.r.RoomJpaRepository - Instance RoomJpaRepository initialized. [InstanceId=166794956]
2026-10-02 14:39:37 [main] INFO  c.t.t.t.i.p.j.r.RoomPlayerJpaRepository - Instance RoomPlayerJpaRepository initialized. [InstanceId=306612792]
2026-10-02 14:39:37 [main] INFO  c.t.t.t.a.service.AuthServiceImpl - Instance AuthServiceImpl initialized. [InstanceId=447212746]
2026-10-02 14:39:37 [main] INFO  c.t.t.t.a.service.UserServiceImpl - Instance UserServiceImpl initialized. [InstanceId=1496355635]
2026-10-02 14:39:37 [main] INFO  c.t.t.t.a.service.RoomServiceImpl - Instance RoomServiceImpl initialized. [InstanceId=1484171695]
2026-10-02 14:39:37 [main] INFO  c.t.t.t.a.s.RoomPlayerServiceImpl - Instance RoomPlayerServiceImpl initialized. [InstanceId=2127036371]
2026-10-02 14:39:37 [main] INFO  c.t.t.t.p.h.m.AuthorizedHttpMiddleware - Instance AuthorizedHttpMiddleware initialized. [InstanceId=1529060733]
2026-10-02 14:39:37 [main] INFO  c.t.t.t.p.h.c.AuthController - Instance AuthController initialized. [InstanceId=106374177]
2026-10-02 14:39:37 [main] INFO  c.t.t.t.p.s.m.AuthorizedSocketMiddleware - Instance AuthorizedSocketMiddleware initialized. [InstanceId=1803669141]
2026-10-02 14:39:37 [main] INFO  c.t.t.t.p.s.c.ConnectionManager - Instance ConnectionManager initialized. [InstanceId=712609105]
2026-10-02 14:39:37 [main] INFO  c.t.t.t.p.socket.room.RoomManager - Instance RoomManager initialized. [InstanceId=1836463382]
2026-10-02 14:39:37 [main] INFO  c.t.t.t.p.s.e.ExceptionSocketHandler - Instance ExceptionSocketHandler initialized. [InstanceId=475603167]
2026-10-02 14:39:37 [main] INFO  c.t.t.t.p.s.e.h.GlobalMessageHandler - Instance GlobalMessageHandler initialized. [InstanceId=426394307]
2026-10-02 14:39:37 [main] INFO  c.t.t.t.p.s.e.h.CreateRoomHandler - Instance CreateRoomHandler initialized. [InstanceId=352598575]
2026-10-02 14:39:37 [WebSocketSelector-29] INFO  c.t.t.t.p.socket.SocketServer - WebSocketServer started successfully. [port=8081] [url=ws://localhost:8081]
2026-10-02 14:39:37 [main] INFO  org.eclipse.jetty.util.log - Logging initialized @941ms to org.eclipse.jetty.util.log.Slf4jLog
2026-10-02 14:39:37 [main] INFO  io.javalin.Javalin - Starting Javalin ...
2026-10-02 14:39:37 [main] INFO  io.javalin.Javalin - You are running Javalin 4.6.8 (released May 4, 2023. Your Javalin version is 1247 days old. Consider checking for a newer version.).
2026-10-02 14:39:37 [main] INFO  io.javalin.Javalin - Listening on http://localhost:8080/
2026-10-02 14:39:37 [main] INFO  io.javalin.Javalin - Javalin started in 129ms \o/
2026-10-02 14:39:37 [main] INFO  c.t.t.t.presentation.http.HttpServer - Instance HttpServer initialized.
2026-10-02 14:39:37 [main] INFO  c.t.t.t.presentation.http.HttpServer - HttpServer started successfully. [port=8080] [url=http://localhost:8080]
2026-10-02 14:39:37 [main] INFO  com.tic.tac.toe.Application - Started Application
2026-10-02 14:39:42 [WebSocketWorker-17] INFO  c.t.t.t.p.s.c.ConnectionManager - A connection added on manager. [connectionId=361e13b9-e095-4f2f-b76b-a8ebb8074f69] [userId=64f51ab2-6a09-44f6-8606-bf4a0718d920]
2026-10-02 14:39:45 [WebSocketWorker-17] INFO  c.t.t.t.p.s.c.ConnectionManager - Getting connection by websocket
2026-10-02 14:39:45 [WebSocketWorker-17] INFO  c.t.t.t.p.s.c.ConnectionManager - Got connection by websocket. [connectionId=361e13b9-e095-4f2f-b76b-a8ebb8074f69] [userId=64f51ab2-6a09-44f6-8606-bf4a0718d920]
2026-10-02 14:39:45 [WebSocketWorker-17] INFO  c.t.t.t.p.s.c.ConnectionManager - Getting connection by userId. [userId=64f51ab2-6a09-44f6-8606-bf4a0718d920]
2026-10-02 14:39:45 [WebSocketWorker-17] INFO  c.t.t.t.p.s.c.ConnectionManager - Got connection by userId. [connectionId=361e13b9-e095-4f2f-b76b-a8ebb8074f69] [userId=64f51ab2-6a09-44f6-8606-bf4a0718d920]
2026-10-02 14:39:45 [WebSocketWorker-17] INFO  c.t.t.t.i.p.j.r.RoomJpaRepository - Room saved successfully. [RoomId=24cde149-7c56-4fd9-9e94-b51022a0141a]
2026-10-02 14:39:45 [WebSocketWorker-17] INFO  c.t.t.t.a.service.RoomServiceImpl - Room created. [roomId=24cde149-7c56-4fd9-9e94-b51022a0141a] [ownerId=64f51ab2-6a09-44f6-8606-bf4a0718d920]
2026-10-02 14:39:45 [WebSocketWorker-17] INFO  c.t.t.t.p.socket.room.RoomManager - Room created. [RoomId=24cde149-7c56-4fd9-9e94-b51022a0141a] [TotalRooms=1]
2026-10-02 14:39:45 [WebSocketWorker-17] INFO  c.t.t.t.p.socket.room.RoomManager - User joined room. [RoomId=24cde149-7c56-4fd9-9e94-b51022a0141a] [UserId=64f51ab2-6a09-44f6-8606-bf4a0718d920] [TotalUsers=1]
2026-10-02 14:39:45 [WebSocketWorker-17] INFO  c.t.t.t.p.socket.room.RoomManager - Broadcast sent. [RoomId=24cde149-7c56-4fd9-9e94-b51022a0141a] [Recipients=1]
2026-10-02 14:39:45 [WebSocketWorker-17] INFO  c.t.t.t.p.s.e.h.CreateRoomHandler - Room created and owner joined. [roomId=24cde149-7c56-4fd9-9e94-b51022a0141a] [ownerId=64f51ab2-6a09-44f6-8606-bf4a0718d920]
2026-10-02 14:39:46 [WebSocketSelector-29] INFO  c.t.t.t.p.s.c.ConnectionManager - Getting connection by websocket
2026-10-02 14:39:46 [WebSocketSelector-29] INFO  c.t.t.t.p.s.c.ConnectionManager - Got connection by websocket. [connectionId=361e13b9-e095-4f2f-b76b-a8ebb8074f69] [userId=64f51ab2-6a09-44f6-8606-bf4a0718d920]
2026-10-02 14:39:46 [WebSocketSelector-29] INFO  c.t.t.t.p.s.c.ConnectionManager - Connection removed successfully. [connectionId=361e13b9-e095-4f2f-b76b-a8ebb8074f69] [userId=64f51ab2-6a09-44f6-8606-bf4a0718d920]
2026-10-02 14:39:46 [WebSocketSelector-29] INFO  c.t.t.t.p.socket.room.RoomManager - User left room. [RoomId=24cde149-7c56-4fd9-9e94-b51022a0141a] [UserId=64f51ab2-6a09-44f6-8606-bf4a0718d920] [TotalUsers=0]
2026-10-02 14:39:46 [WebSocketSelector-29] WARN  c.t.t.t.p.socket.SocketServer - RoomPlayer already removed. [roomId=24cde149-7c56-4fd9-9e94-b51022a0141a] [userId=64f51ab2-6a09-44f6-8606-bf4a0718d920]
2026-10-02 14:39:46 [WebSocketSelector-29] INFO  c.t.t.t.p.socket.room.RoomManager - Room removed by id. [RoomId=24cde149-7c56-4fd9-9e94-b51022a0141a] [TotalRooms=0]
2026-10-02 14:39:47 [WebSocketSelector-29] INFO  c.t.t.t.i.p.j.r.RoomJpaRepository - Room deleted successfully. [RoomId=24cde149-7c56-4fd9-9e94-b51022a0141a]
2026-10-02 14:39:47 [WebSocketSelector-29] ERROR c.t.t.t.i.p.j.r.RoomJpaRepository - Error deleting room by id=24cde149-7c56-4fd9-9e94-b51022a0141a. [error=Exception [EclipseLink-4002] (Eclipse Persistence Services - 2.7.16.v20250613-47773a333b): org.eclipse.persistence.exceptions.DatabaseException
Internal Exception: org.h2.jdbc.JdbcSQLIntegrityConstraintViolationException: Referential integrity constraint violation: "FK_ROOM_PLAYERS_ROOM_ID: PUBLIC.ROOM_PLAYERS FOREIGN KEY(ROOM_ID) REFERENCES PUBLIC.ROOMS(ID) (X'aced00057372000e6a6176612e7574696c2e55554944bc9903f7986d852f0200024a000c6c65617374536967426974734a000b6d6f73745369674269747378709e94b51022a0141a24cde1497c564fd9')"; SQL statement:
DELETE FROM rooms WHERE (id = ?) [23503-224]
Error Code: 23503
Call: DELETE FROM rooms WHERE (id = ?)
	bind => [1 parameter bound]
Query: DeleteObjectQuery(Room{id=24cde149-7c56-4fd9-9e94-b51022a0141a, name='novo deste definitivo', ownerId=64f51ab2-6a09-44f6-8606-bf4a0718d920, status=WAITING, currentPlayerId=null, winnerId=null, winnerName='null', createdAt=2026-10-02T14:39:45.673, players=[]})]
2026-10-02 14:39:47 [WebSocketSelector-29] ERROR c.t.t.t.p.socket.SocketServer - Error removing empty room. [roomId=24cde149-7c56-4fd9-9e94-b51022a0141a] [error=Error deleting room by id]
2026-10-02 14:39:47 [WebSocketSelector-29] WARN  c.t.t.t.p.socket.SocketServer - Close connection. [connectionId=361e13b9-e095-4f2f-b76b-a8ebb8074f69] [userId=64f51ab2-6a09-44f6-8606-bf4a0718d920] [code=1000] [reason=Client initiated close]
2026-10-02 14:42:38 [main] INFO  c.t.t.t.i.config.Environment - Instance Environment initialized. [InstanceId=1516369375]
2026-10-02 14:42:38 [main] INFO  c.t.t.t.i.security.JwtService - Instance JwtService initialized. [InstanceId=1576861390]
2026-10-02 14:42:38 [main] INFO  c.t.t.t.i.persistence.jpa.JpaUtil - Instance JpaUtil initialized. [InstanceId=1741979653]
2026-10-02 14:42:38 [main] INFO  c.t.t.t.i.p.j.r.UserJpaRepository - Instance UserJpaRepository initialized. [InstanceId=166794956]
2026-10-02 14:42:38 [main] INFO  c.t.t.t.i.p.j.r.RoomJpaRepository - Instance RoomJpaRepository initialized. [InstanceId=306612792]
2026-10-02 14:42:38 [main] INFO  c.t.t.t.i.p.j.r.RoomPlayerJpaRepository - Instance RoomPlayerJpaRepository initialized. [InstanceId=447212746]
2026-10-02 14:42:38 [main] INFO  c.t.t.t.a.service.AuthServiceImpl - Instance AuthServiceImpl initialized. [InstanceId=1496355635]
2026-10-02 14:42:38 [main] INFO  c.t.t.t.a.service.UserServiceImpl - Instance UserServiceImpl initialized. [InstanceId=1484171695]
2026-10-02 14:42:38 [main] INFO  c.t.t.t.a.service.RoomServiceImpl - Instance RoomServiceImpl initialized. [InstanceId=2127036371]
2026-10-02 14:42:38 [main] INFO  c.t.t.t.a.s.RoomPlayerServiceImpl - Instance RoomPlayerServiceImpl initialized. [InstanceId=1529060733]
2026-10-02 14:42:38 [main] INFO  c.t.t.t.p.h.m.AuthorizedHttpMiddleware - Instance AuthorizedHttpMiddleware initialized. [InstanceId=106374177]
2026-10-02 14:42:38 [main] INFO  c.t.t.t.p.h.c.AuthController - Instance AuthController initialized. [InstanceId=1803669141]
2026-10-02 14:42:38 [main] INFO  c.t.t.t.p.s.m.AuthorizedSocketMiddleware - Instance AuthorizedSocketMiddleware initialized. [InstanceId=712609105]
2026-10-02 14:42:38 [main] INFO  c.t.t.t.p.s.c.ConnectionManager - Instance ConnectionManager initialized. [InstanceId=1836463382]
2026-10-02 14:42:38 [main] INFO  c.t.t.t.p.socket.room.RoomManager - Instance RoomManager initialized. [InstanceId=1388278453]
2026-10-02 14:42:38 [main] INFO  c.t.t.t.p.s.e.ExceptionSocketHandler - Instance ExceptionSocketHandler initialized. [InstanceId=402249858]
2026-10-02 14:42:38 [main] INFO  c.t.t.t.p.s.e.h.GlobalMessageHandler - Instance GlobalMessageHandler initialized. [InstanceId=1281414889]
2026-10-02 14:42:38 [main] INFO  c.t.t.t.p.s.e.h.CreateRoomHandler - Instance CreateRoomHandler initialized. [InstanceId=1250142026]
2026-10-02 14:42:38 [WebSocketSelector-29] INFO  c.t.t.t.p.socket.SocketServer - WebSocketServer started successfully. [port=8081] [url=ws://localhost:8081]
2026-10-02 14:42:38 [main] INFO  org.eclipse.jetty.util.log - Logging initialized @989ms to org.eclipse.jetty.util.log.Slf4jLog
2026-10-02 14:42:38 [main] INFO  io.javalin.Javalin - Starting Javalin ...
2026-10-02 14:42:38 [main] INFO  io.javalin.Javalin - You are running Javalin 4.6.8 (released May 4, 2023. Your Javalin version is 1247 days old. Consider checking for a newer version.).
2026-10-02 14:42:38 [main] INFO  io.javalin.Javalin - Listening on http://localhost:8080/
2026-10-02 14:42:38 [main] INFO  io.javalin.Javalin - Javalin started in 121ms \o/
2026-10-02 14:42:38 [main] INFO  c.t.t.t.presentation.http.HttpServer - Instance HttpServer initialized.
2026-10-02 14:42:38 [main] INFO  c.t.t.t.presentation.http.HttpServer - HttpServer started successfully. [port=8080] [url=http://localhost:8080]
2026-10-02 14:42:38 [main] INFO  com.tic.tac.toe.Application - Started Application
2026-10-02 14:42:41 [WebSocketWorker-17] INFO  c.t.t.t.p.s.c.ConnectionManager - A connection added on manager. [connectionId=f5d4763b-9521-467d-a3d0-83e0994da69f] [userId=64f51ab2-6a09-44f6-8606-bf4a0718d920]
2026-10-02 14:42:47 [WebSocketWorker-17] INFO  c.t.t.t.p.s.c.ConnectionManager - Getting connection by websocket
2026-10-02 14:42:47 [WebSocketWorker-17] INFO  c.t.t.t.p.s.c.ConnectionManager - Got connection by websocket. [connectionId=f5d4763b-9521-467d-a3d0-83e0994da69f] [userId=64f51ab2-6a09-44f6-8606-bf4a0718d920]
2026-10-02 14:42:47 [WebSocketWorker-17] INFO  c.t.t.t.p.s.c.ConnectionManager - Getting connection by userId. [userId=64f51ab2-6a09-44f6-8606-bf4a0718d920]
2026-10-02 14:42:47 [WebSocketWorker-17] INFO  c.t.t.t.p.s.c.ConnectionManager - Got connection by userId. [connectionId=f5d4763b-9521-467d-a3d0-83e0994da69f] [userId=64f51ab2-6a09-44f6-8606-bf4a0718d920]
2026-10-02 14:42:47 [WebSocketWorker-17] INFO  c.t.t.t.i.p.j.r.RoomJpaRepository - Room saved successfully. [RoomId=d5459997-1fe2-40c7-a28c-3450762aa364]
2026-10-02 14:42:47 [WebSocketWorker-17] INFO  c.t.t.t.a.service.RoomServiceImpl - Room created. [roomId=d5459997-1fe2-40c7-a28c-3450762aa364] [ownerId=64f51ab2-6a09-44f6-8606-bf4a0718d920]
2026-10-02 14:42:47 [WebSocketWorker-17] INFO  c.t.t.t.p.socket.room.RoomManager - Room created. [RoomId=d5459997-1fe2-40c7-a28c-3450762aa364] [TotalRooms=1]
2026-10-02 14:42:47 [WebSocketWorker-17] INFO  c.t.t.t.p.socket.room.RoomManager - User joined room. [RoomId=d5459997-1fe2-40c7-a28c-3450762aa364] [UserId=64f51ab2-6a09-44f6-8606-bf4a0718d920] [TotalUsers=1]
2026-10-02 14:42:47 [WebSocketWorker-17] INFO  c.t.t.t.p.socket.room.RoomManager - Broadcast sent. [RoomId=d5459997-1fe2-40c7-a28c-3450762aa364] [Recipients=1]
2026-10-02 14:42:47 [WebSocketWorker-17] INFO  c.t.t.t.p.s.e.h.CreateRoomHandler - Room created and owner joined. [roomId=d5459997-1fe2-40c7-a28c-3450762aa364] [ownerId=64f51ab2-6a09-44f6-8606-bf4a0718d920]
2026-10-02 14:42:50 [WebSocketSelector-29] INFO  c.t.t.t.p.s.c.ConnectionManager - Getting connection by websocket
2026-10-02 14:42:50 [WebSocketSelector-29] INFO  c.t.t.t.p.s.c.ConnectionManager - Got connection by websocket. [connectionId=f5d4763b-9521-467d-a3d0-83e0994da69f] [userId=64f51ab2-6a09-44f6-8606-bf4a0718d920]
2026-10-02 14:42:50 [WebSocketSelector-29] INFO  c.t.t.t.p.s.c.ConnectionManager - Connection removed successfully. [connectionId=f5d4763b-9521-467d-a3d0-83e0994da69f] [userId=64f51ab2-6a09-44f6-8606-bf4a0718d920]
2026-10-02 14:42:50 [WebSocketSelector-29] INFO  c.t.t.t.p.socket.room.RoomManager - User left room. [RoomId=d5459997-1fe2-40c7-a28c-3450762aa364] [UserId=64f51ab2-6a09-44f6-8606-bf4a0718d920] [TotalUsers=0]
2026-10-02 14:42:50 [WebSocketSelector-29] WARN  c.t.t.t.p.socket.SocketServer - RoomPlayer already removed. [roomId=d5459997-1fe2-40c7-a28c-3450762aa364] [userId=64f51ab2-6a09-44f6-8606-bf4a0718d920]
2026-10-02 14:42:50 [WebSocketSelector-29] INFO  c.t.t.t.p.socket.room.RoomManager - Room removed by id. [RoomId=d5459997-1fe2-40c7-a28c-3450762aa364] [TotalRooms=0]
2026-10-02 14:42:50 [WebSocketSelector-29] INFO  c.t.t.t.i.p.j.r.RoomJpaRepository - Room deleted successfully. [RoomId=d5459997-1fe2-40c7-a28c-3450762aa364]
2026-10-02 14:42:50 [WebSocketSelector-29] INFO  c.t.t.t.a.service.RoomServiceImpl - Room deleted. [roomId=d5459997-1fe2-40c7-a28c-3450762aa364]
2026-10-02 14:42:50 [WebSocketSelector-29] WARN  c.t.t.t.p.socket.SocketServer - Close connection. [connectionId=f5d4763b-9521-467d-a3d0-83e0994da69f] [userId=64f51ab2-6a09-44f6-8606-bf4a0718d920] [code=1000] [reason=Client initiated close]
2026-10-02 14:43:41 [main] INFO  c.t.t.t.i.config.Environment - Instance Environment initialized. [InstanceId=1516369375]
2026-10-02 14:43:41 [main] INFO  c.t.t.t.i.security.JwtService - Instance JwtService initialized. [InstanceId=1576861390]
2026-10-02 14:43:41 [main] INFO  c.t.t.t.i.persistence.jpa.JpaUtil - Instance JpaUtil initialized. [InstanceId=1741979653]
2026-10-02 14:43:41 [main] INFO  c.t.t.t.i.p.j.r.UserJpaRepository - Instance UserJpaRepository initialized. [InstanceId=166794956]
2026-10-02 14:43:41 [main] INFO  c.t.t.t.i.p.j.r.RoomJpaRepository - Instance RoomJpaRepository initialized. [InstanceId=306612792]
2026-10-02 14:43:41 [main] INFO  c.t.t.t.i.p.j.r.RoomPlayerJpaRepository - Instance RoomPlayerJpaRepository initialized. [InstanceId=447212746]
2026-10-02 14:43:41 [main] INFO  c.t.t.t.a.service.AuthServiceImpl - Instance AuthServiceImpl initialized. [InstanceId=1496355635]
2026-10-02 14:43:41 [main] INFO  c.t.t.t.a.service.UserServiceImpl - Instance UserServiceImpl initialized. [InstanceId=1484171695]
2026-10-02 14:43:41 [main] INFO  c.t.t.t.a.service.RoomServiceImpl - Instance RoomServiceImpl initialized. [InstanceId=2127036371]
2026-10-02 14:43:41 [main] INFO  c.t.t.t.a.s.RoomPlayerServiceImpl - Instance RoomPlayerServiceImpl initialized. [InstanceId=1529060733]
2026-10-02 14:43:41 [main] INFO  c.t.t.t.p.h.m.AuthorizedHttpMiddleware - Instance AuthorizedHttpMiddleware initialized. [InstanceId=106374177]
2026-10-02 14:43:41 [main] INFO  c.t.t.t.p.h.c.AuthController - Instance AuthController initialized. [InstanceId=1803669141]
2026-10-02 14:43:41 [main] INFO  c.t.t.t.p.s.m.AuthorizedSocketMiddleware - Instance AuthorizedSocketMiddleware initialized. [InstanceId=712609105]
2026-10-02 14:43:41 [main] INFO  c.t.t.t.p.s.c.ConnectionManager - Instance ConnectionManager initialized. [InstanceId=1836463382]
2026-10-02 14:43:41 [main] INFO  c.t.t.t.p.socket.room.RoomManager - Instance RoomManager initialized. [InstanceId=1388278453]
2026-10-02 14:43:41 [main] INFO  c.t.t.t.p.s.e.ExceptionSocketHandler - Instance ExceptionSocketHandler initialized. [InstanceId=402249858]
2026-10-02 14:43:41 [main] INFO  c.t.t.t.p.s.e.h.GlobalMessageHandler - Instance GlobalMessageHandler initialized. [InstanceId=1281414889]
2026-10-02 14:43:41 [main] INFO  c.t.t.t.p.s.e.h.CreateRoomHandler - Instance CreateRoomHandler initialized. [InstanceId=1250142026]
2026-10-02 14:43:41 [WebSocketSelector-29] INFO  c.t.t.t.p.socket.SocketServer - WebSocketServer started successfully. [port=8081] [url=ws://localhost:8081]
2026-10-02 14:43:41 [main] INFO  org.eclipse.jetty.util.log - Logging initialized @985ms to org.eclipse.jetty.util.log.Slf4jLog
2026-10-02 14:43:41 [main] INFO  io.javalin.Javalin - Starting Javalin ...
2026-10-02 14:43:41 [main] INFO  io.javalin.Javalin - You are running Javalin 4.6.8 (released May 4, 2023. Your Javalin version is 1247 days old. Consider checking for a newer version.).
2026-10-02 14:43:41 [main] INFO  io.javalin.Javalin - Listening on http://localhost:8080/
2026-10-02 14:43:41 [main] INFO  io.javalin.Javalin - Javalin started in 137ms \o/
2026-10-02 14:43:41 [main] INFO  c.t.t.t.presentation.http.HttpServer - Instance HttpServer initialized.
2026-10-02 14:43:41 [main] INFO  c.t.t.t.presentation.http.HttpServer - HttpServer started successfully. [port=8080] [url=http://localhost:8080]
2026-10-02 14:43:41 [main] INFO  com.tic.tac.toe.Application - Started Application
2026-10-02 14:43:44 [WebSocketWorker-17] INFO  c.t.t.t.p.s.c.ConnectionManager - A connection added on manager. [connectionId=c3d9aadf-affd-4ca0-a351-1b0f0f38640f] [userId=64f51ab2-6a09-44f6-8606-bf4a0718d920]
2026-10-02 14:43:46 [WebSocketWorker-17] INFO  c.t.t.t.p.s.c.ConnectionManager - Getting connection by websocket
2026-10-02 14:43:46 [WebSocketWorker-17] INFO  c.t.t.t.p.s.c.ConnectionManager - Got connection by websocket. [connectionId=c3d9aadf-affd-4ca0-a351-1b0f0f38640f] [userId=64f51ab2-6a09-44f6-8606-bf4a0718d920]
2026-10-02 14:43:46 [WebSocketWorker-17] INFO  c.t.t.t.p.s.c.ConnectionManager - Getting connection by userId. [userId=64f51ab2-6a09-44f6-8606-bf4a0718d920]
2026-10-02 14:43:46 [WebSocketWorker-17] INFO  c.t.t.t.p.s.c.ConnectionManager - Got connection by userId. [connectionId=c3d9aadf-affd-4ca0-a351-1b0f0f38640f] [userId=64f51ab2-6a09-44f6-8606-bf4a0718d920]
2026-10-02 14:43:46 [WebSocketWorker-17] INFO  c.t.t.t.i.p.j.r.RoomJpaRepository - Room saved successfully. [RoomId=17d34577-6cfc-45ab-8e7f-90b2760cbcb0]
2026-10-02 14:43:46 [WebSocketWorker-17] INFO  c.t.t.t.a.service.RoomServiceImpl - Room created. [roomId=17d34577-6cfc-45ab-8e7f-90b2760cbcb0] [ownerId=64f51ab2-6a09-44f6-8606-bf4a0718d920]
2026-10-02 14:43:46 [WebSocketWorker-17] INFO  c.t.t.t.p.socket.room.RoomManager - Room created. [RoomId=17d34577-6cfc-45ab-8e7f-90b2760cbcb0] [TotalRooms=1]
2026-10-02 14:43:46 [WebSocketWorker-17] INFO  c.t.t.t.p.socket.room.RoomManager - User joined room. [RoomId=17d34577-6cfc-45ab-8e7f-90b2760cbcb0] [UserId=64f51ab2-6a09-44f6-8606-bf4a0718d920] [TotalUsers=1]
2026-10-02 14:43:46 [WebSocketWorker-17] INFO  c.t.t.t.p.socket.room.RoomManager - Broadcast sent. [RoomId=17d34577-6cfc-45ab-8e7f-90b2760cbcb0] [Recipients=1]
2026-10-02 14:43:46 [WebSocketWorker-17] INFO  c.t.t.t.p.s.e.h.CreateRoomHandler - Room created and owner joined. [roomId=17d34577-6cfc-45ab-8e7f-90b2760cbcb0] [ownerId=64f51ab2-6a09-44f6-8606-bf4a0718d920]
2026-10-02 14:43:48 [WebSocketSelector-29] INFO  c.t.t.t.p.s.c.ConnectionManager - Getting connection by websocket
2026-10-02 14:43:48 [WebSocketSelector-29] INFO  c.t.t.t.p.s.c.ConnectionManager - Got connection by websocket. [connectionId=c3d9aadf-affd-4ca0-a351-1b0f0f38640f] [userId=64f51ab2-6a09-44f6-8606-bf4a0718d920]
2026-10-02 14:43:48 [WebSocketSelector-29] INFO  c.t.t.t.p.s.c.ConnectionManager - Connection removed successfully. [connectionId=c3d9aadf-affd-4ca0-a351-1b0f0f38640f] [userId=64f51ab2-6a09-44f6-8606-bf4a0718d920]
2026-10-02 14:43:48 [WebSocketSelector-29] INFO  c.t.t.t.p.socket.room.RoomManager - User left room. [RoomId=17d34577-6cfc-45ab-8e7f-90b2760cbcb0] [UserId=64f51ab2-6a09-44f6-8606-bf4a0718d920] [TotalUsers=0]
2026-10-02 14:43:48 [WebSocketSelector-29] WARN  c.t.t.t.p.socket.SocketServer - RoomPlayer already removed. [roomId=17d34577-6cfc-45ab-8e7f-90b2760cbcb0] [userId=64f51ab2-6a09-44f6-8606-bf4a0718d920]
2026-10-02 14:43:48 [WebSocketSelector-29] INFO  c.t.t.t.p.socket.room.RoomManager - Room removed by id. [RoomId=17d34577-6cfc-45ab-8e7f-90b2760cbcb0] [TotalRooms=0]
2026-10-02 14:43:48 [WebSocketSelector-29] INFO  c.t.t.t.i.p.j.r.RoomJpaRepository - Room deleted successfully. [RoomId=17d34577-6cfc-45ab-8e7f-90b2760cbcb0]
2026-10-02 14:43:48 [WebSocketSelector-29] INFO  c.t.t.t.a.service.RoomServiceImpl - Room deleted. [roomId=17d34577-6cfc-45ab-8e7f-90b2760cbcb0]
2026-10-02 14:43:48 [WebSocketSelector-29] WARN  c.t.t.t.p.socket.SocketServer - Close connection. [connectionId=c3d9aadf-affd-4ca0-a351-1b0f0f38640f] [userId=64f51ab2-6a09-44f6-8606-bf4a0718d920] [code=1000] [reason=Client initiated close]
2026-10-02 15:11:51 [main] INFO  c.t.t.t.i.config.Environment - Instance Environment initialized. [InstanceId=1516369375]
2026-10-02 15:11:51 [main] INFO  c.t.t.t.i.security.JwtService - Instance JwtService initialized. [InstanceId=1576861390]
2026-10-02 15:11:51 [main] INFO  c.t.t.t.i.persistence.jpa.JpaUtil - Instance JpaUtil initialized. [InstanceId=173099767]
2026-10-02 15:11:51 [main] INFO  c.t.t.t.i.p.j.r.UserJpaRepository - Instance UserJpaRepository initialized. [InstanceId=112797691]
2026-10-02 15:11:51 [main] INFO  c.t.t.t.i.p.j.r.RoomJpaRepository - Instance RoomJpaRepository initialized. [InstanceId=1045997582]
2026-10-02 15:11:51 [main] INFO  c.t.t.t.i.p.j.r.RoomPlayerJpaRepository - Instance RoomPlayerJpaRepository initialized. [InstanceId=1337335626]
2026-10-02 15:11:51 [main] INFO  c.t.t.t.a.service.AuthServiceImpl - Instance AuthServiceImpl initialized. [InstanceId=1336996537]
2026-10-02 15:11:51 [main] INFO  c.t.t.t.a.service.UserServiceImpl - Instance UserServiceImpl initialized. [InstanceId=7967307]
2026-10-02 15:11:51 [main] INFO  c.t.t.t.a.service.RoomServiceImpl - Instance RoomServiceImpl initialized. [InstanceId=2073707154]
2026-10-02 15:11:51 [main] INFO  c.t.t.t.a.s.RoomPlayerServiceImpl - Instance RoomPlayerServiceImpl initialized. [InstanceId=78204644]
2026-10-02 15:11:51 [main] INFO  c.t.t.t.p.h.m.AuthorizedHttpMiddleware - Instance AuthorizedHttpMiddleware initialized. [InstanceId=1287934450]
2026-10-02 15:11:51 [main] INFO  c.t.t.t.p.h.c.AuthController - Instance AuthController initialized. [InstanceId=6519275]
2026-10-02 15:11:51 [main] INFO  c.t.t.t.p.s.m.AuthorizedSocketMiddleware - Instance AuthorizedSocketMiddleware initialized. [InstanceId=692331943]
2026-10-02 15:11:51 [main] INFO  c.t.t.t.p.s.c.ConnectionManager - Instance ConnectionManager initialized. [InstanceId=1741979653]
2026-10-02 15:11:51 [main] INFO  c.t.t.t.p.socket.room.RoomManager - Instance RoomManager initialized. [InstanceId=166794956]
2026-10-02 15:11:51 [main] INFO  c.t.t.t.p.s.e.ExceptionSocketHandler - Instance ExceptionSocketHandler initialized. [InstanceId=1418555530]
2026-10-02 15:11:51 [main] INFO  c.t.t.t.p.s.e.h.GlobalMessageHandler - Instance GlobalMessageHandler initialized. [InstanceId=212890971]
2026-10-02 15:11:51 [main] INFO  c.t.t.t.p.s.e.h.CreateRoomHandler - Instance CreateRoomHandler initialized. [InstanceId=1898325501]
2026-10-02 15:11:51 [WebSocketSelector-29] INFO  c.t.t.t.p.socket.SocketServer - WebSocketServer started successfully. [port=8081] [url=ws://localhost:8081]
2026-10-02 15:11:51 [main] INFO  org.eclipse.jetty.util.log - Logging initialized @961ms to org.eclipse.jetty.util.log.Slf4jLog
2026-10-02 15:11:51 [main] INFO  io.javalin.Javalin - Starting Javalin ...
2026-10-02 15:11:51 [main] INFO  io.javalin.Javalin - You are running Javalin 4.6.8 (released May 4, 2023. Your Javalin version is 1247 days old. Consider checking for a newer version.).
2026-10-02 15:11:51 [main] INFO  io.javalin.Javalin - Listening on http://localhost:8080/
2026-10-02 15:11:51 [main] INFO  io.javalin.Javalin - Javalin started in 138ms \o/
2026-10-02 15:11:51 [main] INFO  c.t.t.t.presentation.http.HttpServer - Instance HttpServer initialized.
2026-10-02 15:11:51 [main] INFO  c.t.t.t.presentation.http.HttpServer - HttpServer started successfully. [port=8080] [url=http://localhost:8080]
2026-10-02 15:11:51 [main] INFO  com.tic.tac.toe.Application - Started Application
2026-10-02 15:15:09 [main] INFO  c.t.t.t.i.config.Environment - Instance Environment initialized. [InstanceId=1516369375]
2026-10-02 15:15:09 [main] INFO  c.t.t.t.i.security.JwtService - Instance JwtService initialized. [InstanceId=1576861390]
2026-10-02 15:15:10 [main] INFO  c.t.t.t.i.persistence.jpa.JpaUtil - Instance JpaUtil initialized. [InstanceId=173099767]
2026-10-02 15:15:10 [main] INFO  c.t.t.t.i.p.j.r.UserJpaRepository - Instance UserJpaRepository initialized. [InstanceId=112797691]
2026-10-02 15:15:10 [main] INFO  c.t.t.t.i.p.j.r.RoomJpaRepository - Instance RoomJpaRepository initialized. [InstanceId=1045997582]
2026-10-02 15:15:10 [main] INFO  c.t.t.t.i.p.j.r.RoomPlayerJpaRepository - Instance RoomPlayerJpaRepository initialized. [InstanceId=1337335626]
2026-10-02 15:15:10 [main] INFO  c.t.t.t.a.service.AuthServiceImpl - Instance AuthServiceImpl initialized. [InstanceId=1336996537]
2026-10-02 15:15:10 [main] INFO  c.t.t.t.a.service.UserServiceImpl - Instance UserServiceImpl initialized. [InstanceId=7967307]
2026-10-02 15:15:10 [main] INFO  c.t.t.t.a.service.RoomServiceImpl - Instance RoomServiceImpl initialized. [InstanceId=2073707154]
2026-10-02 15:15:10 [main] INFO  c.t.t.t.a.s.RoomPlayerServiceImpl - Instance RoomPlayerServiceImpl initialized. [InstanceId=78204644]
2026-10-02 15:15:10 [main] INFO  c.t.t.t.p.h.m.AuthorizedHttpMiddleware - Instance AuthorizedHttpMiddleware initialized. [InstanceId=1287934450]
2026-10-02 15:15:10 [main] INFO  c.t.t.t.p.h.c.AuthController - Instance AuthController initialized. [InstanceId=6519275]
2026-10-02 15:15:10 [main] INFO  c.t.t.t.p.s.m.AuthorizedSocketMiddleware - Instance AuthorizedSocketMiddleware initialized. [InstanceId=692331943]
2026-10-02 15:15:10 [main] INFO  c.t.t.t.p.s.c.ConnectionManager - Instance ConnectionManager initialized. [InstanceId=1741979653]
2026-10-02 15:15:10 [main] INFO  c.t.t.t.p.socket.room.RoomManager - Instance RoomManager initialized. [InstanceId=166794956]
2026-10-02 15:15:10 [main] INFO  c.t.t.t.p.s.e.ExceptionSocketHandler - Instance ExceptionSocketHandler initialized. [InstanceId=1418555530]
2026-10-02 15:15:10 [main] INFO  c.t.t.t.p.s.e.h.GlobalMessageHandler - Instance GlobalMessageHandler initialized. [InstanceId=212890971]
2026-10-02 15:15:10 [main] INFO  c.t.t.t.p.s.e.h.CreateRoomHandler - Instance CreateRoomHandler initialized. [InstanceId=1898325501]
2026-10-02 15:15:10 [WebSocketSelector-29] INFO  c.t.t.t.p.socket.SocketServer - WebSocketServer started successfully. [port=8081] [url=ws://localhost:8081]
2026-10-02 15:15:10 [main] INFO  org.eclipse.jetty.util.log - Logging initialized @955ms to org.eclipse.jetty.util.log.Slf4jLog
2026-10-02 15:15:10 [main] INFO  io.javalin.Javalin - Starting Javalin ...
2026-10-02 15:15:10 [main] INFO  io.javalin.Javalin - You are running Javalin 4.6.8 (released May 4, 2023. Your Javalin version is 1247 days old. Consider checking for a newer version.).
2026-10-02 15:15:10 [main] INFO  io.javalin.Javalin - Listening on http://localhost:8080/
2026-10-02 15:15:10 [main] INFO  io.javalin.Javalin - Javalin started in 125ms \o/
2026-10-02 15:15:10 [main] INFO  c.t.t.t.presentation.http.HttpServer - Instance HttpServer initialized.
2026-10-02 15:15:10 [main] INFO  c.t.t.t.presentation.http.HttpServer - HttpServer started successfully. [port=8080] [url=http://localhost:8080]
2026-10-02 15:15:10 [main] INFO  com.tic.tac.toe.Application - Started Application
2026-10-02 15:15:52 [main] INFO  c.t.t.t.i.config.Environment - Instance Environment initialized. [InstanceId=922151033]
2026-10-02 15:15:52 [main] INFO  c.t.t.t.i.security.JwtService - Instance JwtService initialized. [InstanceId=1144648478]
2026-10-02 15:15:52 [main] INFO  c.t.t.t.i.persistence.jpa.JpaUtil - Instance JpaUtil initialized. [InstanceId=1147580192]
2026-10-02 15:15:52 [main] INFO  c.t.t.t.i.p.j.r.UserJpaRepository - Instance UserJpaRepository initialized. [InstanceId=173099767]
2026-10-02 15:15:52 [main] INFO  c.t.t.t.i.p.j.r.RoomJpaRepository - Instance RoomJpaRepository initialized. [InstanceId=112797691]
2026-10-02 15:15:52 [main] INFO  c.t.t.t.i.p.j.r.RoomPlayerJpaRepository - Instance RoomPlayerJpaRepository initialized. [InstanceId=1045997582]
2026-10-02 15:15:52 [main] INFO  c.t.t.t.a.service.AuthServiceImpl - Instance AuthServiceImpl initialized. [InstanceId=1337335626]
2026-10-02 15:15:52 [main] INFO  c.t.t.t.a.service.UserServiceImpl - Instance UserServiceImpl initialized. [InstanceId=1336996537]
2026-10-02 15:15:52 [main] INFO  c.t.t.t.a.service.RoomServiceImpl - Instance RoomServiceImpl initialized. [InstanceId=7967307]
2026-10-02 15:15:52 [main] INFO  c.t.t.t.a.s.RoomPlayerServiceImpl - Instance RoomPlayerServiceImpl initialized. [InstanceId=2073707154]
2026-10-02 15:15:52 [main] INFO  c.t.t.t.p.h.m.AuthorizedHttpMiddleware - Instance AuthorizedHttpMiddleware initialized. [InstanceId=78204644]
2026-10-02 15:15:52 [main] INFO  c.t.t.t.p.h.c.AuthController - Instance AuthController initialized. [InstanceId=1287934450]
2026-10-02 15:15:52 [main] INFO  c.t.t.t.p.s.m.AuthorizedSocketMiddleware - Instance AuthorizedSocketMiddleware initialized. [InstanceId=6519275]
2026-10-02 15:15:52 [main] INFO  c.t.t.t.p.s.c.ConnectionManager - Instance ConnectionManager initialized. [InstanceId=692331943]
2026-10-02 15:15:52 [main] INFO  c.t.t.t.p.socket.room.RoomManager - Instance RoomManager initialized. [InstanceId=1741979653]
2026-10-02 15:15:52 [main] INFO  c.t.t.t.p.s.e.ExceptionSocketHandler - Instance ExceptionSocketHandler initialized. [InstanceId=1273143001]
2026-10-02 15:15:52 [main] INFO  c.t.t.t.p.s.e.h.GlobalMessageHandler - Instance GlobalMessageHandler initialized. [InstanceId=1408974251]
2026-10-02 15:15:52 [main] INFO  c.t.t.t.p.s.e.h.CreateRoomHandler - Instance CreateRoomHandler initialized. [InstanceId=856055143]
2026-10-02 15:15:52 [main] INFO  c.t.t.t.p.s.e.h.MessageRoomHandler - Instance MessageRoomHandler initialized. [InstanceId=2075809815]
2026-10-02 15:15:52 [WebSocketSelector-29] INFO  c.t.t.t.p.socket.SocketServer - WebSocketServer started successfully. [port=8081] [url=ws://localhost:8081]
2026-10-02 15:15:52 [main] INFO  org.eclipse.jetty.util.log - Logging initialized @938ms to org.eclipse.jetty.util.log.Slf4jLog
2026-10-02 15:15:52 [main] INFO  io.javalin.Javalin - Starting Javalin ...
2026-10-02 15:15:52 [main] INFO  io.javalin.Javalin - You are running Javalin 4.6.8 (released May 4, 2023. Your Javalin version is 1247 days old. Consider checking for a newer version.).
2026-10-02 15:15:52 [main] INFO  io.javalin.Javalin - Listening on http://localhost:8080/
2026-10-02 15:15:52 [main] INFO  io.javalin.Javalin - Javalin started in 122ms \o/
2026-10-02 15:15:52 [main] INFO  c.t.t.t.presentation.http.HttpServer - Instance HttpServer initialized.
2026-10-02 15:15:52 [main] INFO  c.t.t.t.presentation.http.HttpServer - HttpServer started successfully. [port=8080] [url=http://localhost:8080]
2026-10-02 15:15:52 [main] INFO  com.tic.tac.toe.Application - Started Application
2026-10-02 15:16:28 [WebSocketWorker-17] INFO  c.t.t.t.p.s.c.ConnectionManager - A connection added on manager. [connectionId=f0c0f5ea-3b98-4e4f-a0c7-e02445c05946] [userId=64f51ab2-6a09-44f6-8606-bf4a0718d920]
2026-10-02 15:16:34 [WebSocketWorker-17] INFO  c.t.t.t.p.s.c.ConnectionManager - Getting connection by websocket
2026-10-02 15:16:34 [WebSocketWorker-17] INFO  c.t.t.t.p.s.c.ConnectionManager - Got connection by websocket. [connectionId=f0c0f5ea-3b98-4e4f-a0c7-e02445c05946] [userId=64f51ab2-6a09-44f6-8606-bf4a0718d920]
2026-10-02 15:16:34 [WebSocketWorker-17] INFO  c.t.t.t.p.s.c.ConnectionManager - Getting connection by userId. [userId=64f51ab2-6a09-44f6-8606-bf4a0718d920]
2026-10-02 15:16:34 [WebSocketWorker-17] INFO  c.t.t.t.p.s.c.ConnectionManager - Got connection by userId. [connectionId=f0c0f5ea-3b98-4e4f-a0c7-e02445c05946] [userId=64f51ab2-6a09-44f6-8606-bf4a0718d920]
2026-10-02 15:16:35 [WebSocketWorker-17] INFO  c.t.t.t.i.p.j.r.RoomJpaRepository - Room saved successfully. [RoomId=945fec1d-8ab4-4986-8ec1-736efd05598f]
2026-10-02 15:16:35 [WebSocketWorker-17] INFO  c.t.t.t.a.service.RoomServiceImpl - Room created. [roomId=945fec1d-8ab4-4986-8ec1-736efd05598f] [ownerId=64f51ab2-6a09-44f6-8606-bf4a0718d920]
2026-10-02 15:16:35 [WebSocketWorker-17] INFO  c.t.t.t.p.socket.room.RoomManager - Room created. [RoomId=945fec1d-8ab4-4986-8ec1-736efd05598f] [TotalRooms=1]
2026-10-02 15:16:35 [WebSocketWorker-17] INFO  c.t.t.t.p.socket.room.RoomManager - User joined room. [RoomId=945fec1d-8ab4-4986-8ec1-736efd05598f] [UserId=64f51ab2-6a09-44f6-8606-bf4a0718d920] [TotalUsers=1]
2026-10-02 15:16:35 [WebSocketWorker-17] INFO  c.t.t.t.p.socket.room.RoomManager - Broadcast sent. [RoomId=945fec1d-8ab4-4986-8ec1-736efd05598f] [Recipients=1]
2026-10-02 15:16:35 [WebSocketWorker-17] INFO  c.t.t.t.p.s.e.h.CreateRoomHandler - Room created and owner joined. [roomId=945fec1d-8ab4-4986-8ec1-736efd05598f] [ownerId=64f51ab2-6a09-44f6-8606-bf4a0718d920]
2026-10-02 15:17:35 [WebSocketWorker-17] INFO  c.t.t.t.p.s.c.ConnectionManager - Getting connection by websocket
2026-10-02 15:17:35 [WebSocketWorker-17] INFO  c.t.t.t.p.s.c.ConnectionManager - Got connection by websocket. [connectionId=f0c0f5ea-3b98-4e4f-a0c7-e02445c05946] [userId=64f51ab2-6a09-44f6-8606-bf4a0718d920]
2026-10-02 15:22:17 [main] INFO  c.t.t.t.i.config.Environment - Instance Environment initialized. [InstanceId=922151033]
2026-10-02 15:22:17 [main] INFO  c.t.t.t.i.security.JwtService - Instance JwtService initialized. [InstanceId=1144648478]
2026-10-02 15:22:17 [main] INFO  c.t.t.t.i.persistence.jpa.JpaUtil - Instance JpaUtil initialized. [InstanceId=1147580192]
2026-10-02 15:22:17 [main] INFO  c.t.t.t.i.p.j.r.UserJpaRepository - Instance UserJpaRepository initialized. [InstanceId=173099767]
2026-10-02 15:22:17 [main] INFO  c.t.t.t.i.p.j.r.RoomJpaRepository - Instance RoomJpaRepository initialized. [InstanceId=112797691]
2026-10-02 15:22:17 [main] INFO  c.t.t.t.i.p.j.r.RoomPlayerJpaRepository - Instance RoomPlayerJpaRepository initialized. [InstanceId=1045997582]
2026-10-02 15:22:17 [main] INFO  c.t.t.t.a.service.AuthServiceImpl - Instance AuthServiceImpl initialized. [InstanceId=1337335626]
2026-10-02 15:22:17 [main] INFO  c.t.t.t.a.service.UserServiceImpl - Instance UserServiceImpl initialized. [InstanceId=1336996537]
2026-10-02 15:22:17 [main] INFO  c.t.t.t.a.service.RoomServiceImpl - Instance RoomServiceImpl initialized. [InstanceId=7967307]
2026-10-02 15:22:17 [main] INFO  c.t.t.t.a.s.RoomPlayerServiceImpl - Instance RoomPlayerServiceImpl initialized. [InstanceId=2073707154]
2026-10-02 15:22:17 [main] INFO  c.t.t.t.p.h.m.AuthorizedHttpMiddleware - Instance AuthorizedHttpMiddleware initialized. [InstanceId=78204644]
2026-10-02 15:22:17 [main] INFO  c.t.t.t.p.h.c.AuthController - Instance AuthController initialized. [InstanceId=1287934450]
2026-10-02 15:22:17 [main] INFO  c.t.t.t.p.s.m.AuthorizedSocketMiddleware - Instance AuthorizedSocketMiddleware initialized. [InstanceId=6519275]
2026-10-02 15:22:17 [main] INFO  c.t.t.t.p.s.c.ConnectionManager - Instance ConnectionManager initialized. [InstanceId=692331943]
2026-10-02 15:22:17 [main] INFO  c.t.t.t.p.socket.room.RoomManager - Instance RoomManager initialized. [InstanceId=1741979653]
2026-10-02 15:22:17 [main] INFO  c.t.t.t.p.s.e.ExceptionSocketHandler - Instance ExceptionSocketHandler initialized. [InstanceId=1273143001]
2026-10-02 15:22:17 [main] INFO  c.t.t.t.p.s.e.h.GlobalMessageHandler - Instance GlobalMessageHandler initialized. [InstanceId=1408974251]
2026-10-02 15:22:17 [main] INFO  c.t.t.t.p.s.e.h.CreateRoomHandler - Instance CreateRoomHandler initialized. [InstanceId=856055143]
2026-10-02 15:22:18 [main] INFO  c.t.t.t.p.s.e.h.MessageRoomHandler - Instance MessageRoomHandler initialized. [InstanceId=2075809815]
2026-10-02 15:22:18 [WebSocketSelector-29] INFO  c.t.t.t.p.socket.SocketServer - WebSocketServer started successfully. [port=8081] [url=ws://localhost:8081]
2026-10-02 15:22:18 [main] INFO  org.eclipse.jetty.util.log - Logging initialized @955ms to org.eclipse.jetty.util.log.Slf4jLog
2026-10-02 15:22:18 [main] INFO  io.javalin.Javalin - Starting Javalin ...
2026-10-02 15:22:18 [main] INFO  io.javalin.Javalin - You are running Javalin 4.6.8 (released May 4, 2023. Your Javalin version is 1247 days old. Consider checking for a newer version.).
2026-10-02 15:22:18 [main] INFO  io.javalin.Javalin - Listening on http://localhost:8080/
2026-10-02 15:22:18 [main] INFO  io.javalin.Javalin - Javalin started in 131ms \o/
2026-10-02 15:22:18 [main] INFO  c.t.t.t.presentation.http.HttpServer - Instance HttpServer initialized.
2026-10-02 15:22:18 [main] INFO  c.t.t.t.presentation.http.HttpServer - HttpServer started successfully. [port=8080] [url=http://localhost:8080]
2026-10-02 15:22:18 [main] INFO  com.tic.tac.toe.Application - Started Application
2026-10-02 15:22:22 [WebSocketWorker-17] INFO  c.t.t.t.p.s.c.ConnectionManager - A connection added on manager. [connectionId=f2979b83-f594-412f-9cb9-c01ba4ee8e8b] [userId=64f51ab2-6a09-44f6-8606-bf4a0718d920]
2026-10-02 15:22:30 [WebSocketWorker-17] INFO  c.t.t.t.p.s.c.ConnectionManager - Getting connection by websocket
2026-10-02 15:22:30 [WebSocketWorker-17] INFO  c.t.t.t.p.s.c.ConnectionManager - Got connection by websocket. [connectionId=f2979b83-f594-412f-9cb9-c01ba4ee8e8b] [userId=64f51ab2-6a09-44f6-8606-bf4a0718d920]
2026-10-02 15:24:13 [main] INFO  c.t.t.t.i.config.Environment - Instance Environment initialized. [InstanceId=922151033]
2026-10-02 15:24:13 [main] INFO  c.t.t.t.i.security.JwtService - Instance JwtService initialized. [InstanceId=1144648478]
2026-10-02 15:24:14 [main] INFO  c.t.t.t.i.persistence.jpa.JpaUtil - Instance JpaUtil initialized. [InstanceId=1147580192]
2026-10-02 15:24:14 [main] INFO  c.t.t.t.i.p.j.r.UserJpaRepository - Instance UserJpaRepository initialized. [InstanceId=173099767]
2026-10-02 15:24:14 [main] INFO  c.t.t.t.i.p.j.r.RoomJpaRepository - Instance RoomJpaRepository initialized. [InstanceId=112797691]
2026-10-02 15:24:14 [main] INFO  c.t.t.t.i.p.j.r.RoomPlayerJpaRepository - Instance RoomPlayerJpaRepository initialized. [InstanceId=1045997582]
2026-10-02 15:24:14 [main] INFO  c.t.t.t.a.service.AuthServiceImpl - Instance AuthServiceImpl initialized. [InstanceId=1337335626]
2026-10-02 15:24:14 [main] INFO  c.t.t.t.a.service.UserServiceImpl - Instance UserServiceImpl initialized. [InstanceId=1336996537]
2026-10-02 15:24:14 [main] INFO  c.t.t.t.a.service.RoomServiceImpl - Instance RoomServiceImpl initialized. [InstanceId=7967307]
2026-10-02 15:24:14 [main] INFO  c.t.t.t.a.s.RoomPlayerServiceImpl - Instance RoomPlayerServiceImpl initialized. [InstanceId=2073707154]
2026-10-02 15:24:14 [main] INFO  c.t.t.t.p.h.m.AuthorizedHttpMiddleware - Instance AuthorizedHttpMiddleware initialized. [InstanceId=78204644]
2026-10-02 15:24:14 [main] INFO  c.t.t.t.p.h.c.AuthController - Instance AuthController initialized. [InstanceId=1287934450]
2026-10-02 15:24:14 [main] INFO  c.t.t.t.p.s.m.AuthorizedSocketMiddleware - Instance AuthorizedSocketMiddleware initialized. [InstanceId=6519275]
2026-10-02 15:24:14 [main] INFO  c.t.t.t.p.s.c.ConnectionManager - Instance ConnectionManager initialized. [InstanceId=692331943]
2026-10-02 15:24:14 [main] INFO  c.t.t.t.p.socket.room.RoomManager - Instance RoomManager initialized. [InstanceId=1741979653]
2026-10-02 15:24:14 [main] INFO  c.t.t.t.p.s.e.ExceptionSocketHandler - Instance ExceptionSocketHandler initialized. [InstanceId=1273143001]
2026-10-02 15:24:14 [main] INFO  c.t.t.t.p.s.e.h.GlobalMessageHandler - Instance GlobalMessageHandler initialized. [InstanceId=1408974251]
2026-10-02 15:24:14 [main] INFO  c.t.t.t.p.s.e.h.CreateRoomHandler - Instance CreateRoomHandler initialized. [InstanceId=856055143]
2026-10-02 15:24:14 [main] INFO  c.t.t.t.p.s.e.h.MessageRoomHandler - Instance MessageRoomHandler initialized. [InstanceId=2075809815]
2026-10-02 15:24:14 [WebSocketSelector-29] INFO  c.t.t.t.p.socket.SocketServer - WebSocketServer started successfully. [port=8081] [url=ws://localhost:8081]
2026-10-02 15:24:14 [main] INFO  org.eclipse.jetty.util.log - Logging initialized @983ms to org.eclipse.jetty.util.log.Slf4jLog
2026-10-02 15:24:14 [main] INFO  io.javalin.Javalin - Starting Javalin ...
2026-10-02 15:24:14 [main] INFO  io.javalin.Javalin - You are running Javalin 4.6.8 (released May 4, 2023. Your Javalin version is 1247 days old. Consider checking for a newer version.).
2026-10-02 15:24:14 [main] INFO  io.javalin.Javalin - Listening on http://localhost:8080/
2026-10-02 15:24:14 [main] INFO  io.javalin.Javalin - Javalin started in 132ms \o/
2026-10-02 15:24:14 [main] INFO  c.t.t.t.presentation.http.HttpServer - Instance HttpServer initialized.
2026-10-02 15:24:14 [main] INFO  c.t.t.t.presentation.http.HttpServer - HttpServer started successfully. [port=8080] [url=http://localhost:8080]
2026-10-02 15:24:14 [main] INFO  com.tic.tac.toe.Application - Started Application
2026-10-02 15:24:18 [WebSocketWorker-17] INFO  c.t.t.t.p.s.c.ConnectionManager - A connection added on manager. [connectionId=57d4c519-0125-41da-8cb7-b617d0c41c0f] [userId=64f51ab2-6a09-44f6-8606-bf4a0718d920]
2026-10-02 15:24:18 [WebSocketWorker-17] INFO  c.t.t.t.p.s.c.ConnectionManager - Getting connection by websocket
2026-10-02 15:24:18 [WebSocketWorker-17] INFO  c.t.t.t.p.s.c.ConnectionManager - Got connection by websocket. [connectionId=57d4c519-0125-41da-8cb7-b617d0c41c0f] [userId=64f51ab2-6a09-44f6-8606-bf4a0718d920]
2026-10-02 15:24:18 [WebSocketWorker-17] INFO  c.t.t.t.p.s.c.ConnectionManager - Getting connection by userId. [userId=64f51ab2-6a09-44f6-8606-bf4a0718d920]
2026-10-02 15:24:18 [WebSocketWorker-17] INFO  c.t.t.t.p.s.c.ConnectionManager - Got connection by userId. [connectionId=57d4c519-0125-41da-8cb7-b617d0c41c0f] [userId=64f51ab2-6a09-44f6-8606-bf4a0718d920]
2026-10-02 15:24:18 [WebSocketWorker-17] WARN  c.t.t.t.p.s.e.h.MessageRoomHandler - User don't have a room. [userId=64f51ab2-6a09-44f6-8606-bf4a0718d920]
2026-10-02 15:24:27 [WebSocketWorker-17] INFO  c.t.t.t.p.s.c.ConnectionManager - Getting connection by websocket
2026-10-02 15:24:27 [WebSocketWorker-17] INFO  c.t.t.t.p.s.c.ConnectionManager - Got connection by websocket. [connectionId=57d4c519-0125-41da-8cb7-b617d0c41c0f] [userId=64f51ab2-6a09-44f6-8606-bf4a0718d920]
2026-10-02 15:24:27 [WebSocketWorker-17] INFO  c.t.t.t.p.s.c.ConnectionManager - Getting connection by userId. [userId=64f51ab2-6a09-44f6-8606-bf4a0718d920]
2026-10-02 15:24:27 [WebSocketWorker-17] INFO  c.t.t.t.p.s.c.ConnectionManager - Got connection by userId. [connectionId=57d4c519-0125-41da-8cb7-b617d0c41c0f] [userId=64f51ab2-6a09-44f6-8606-bf4a0718d920]
2026-10-02 15:24:28 [WebSocketWorker-17] INFO  c.t.t.t.i.p.j.r.RoomJpaRepository - Room saved successfully. [RoomId=2899e2d9-8313-4fb2-b9f8-f45c09c235a3]
2026-10-02 15:24:28 [WebSocketWorker-17] INFO  c.t.t.t.a.service.RoomServiceImpl - Room created. [roomId=2899e2d9-8313-4fb2-b9f8-f45c09c235a3] [ownerId=64f51ab2-6a09-44f6-8606-bf4a0718d920]
2026-10-02 15:24:28 [WebSocketWorker-17] INFO  c.t.t.t.p.socket.room.RoomManager - Room created. [RoomId=2899e2d9-8313-4fb2-b9f8-f45c09c235a3] [TotalRooms=1]
2026-10-02 15:24:28 [WebSocketWorker-17] INFO  c.t.t.t.p.socket.room.RoomManager - User joined room. [RoomId=2899e2d9-8313-4fb2-b9f8-f45c09c235a3] [UserId=64f51ab2-6a09-44f6-8606-bf4a0718d920] [TotalUsers=1]
2026-10-02 15:24:28 [WebSocketWorker-17] INFO  c.t.t.t.p.socket.room.RoomManager - Broadcast sent. [RoomId=2899e2d9-8313-4fb2-b9f8-f45c09c235a3] [Recipients=1]
2026-10-02 15:24:28 [WebSocketWorker-17] INFO  c.t.t.t.p.s.e.h.CreateRoomHandler - Room created and owner joined. [roomId=2899e2d9-8313-4fb2-b9f8-f45c09c235a3] [ownerId=64f51ab2-6a09-44f6-8606-bf4a0718d920]
2026-10-02 15:24:33 [WebSocketWorker-17] INFO  c.t.t.t.p.s.c.ConnectionManager - Getting connection by websocket
2026-10-02 15:24:33 [WebSocketWorker-17] INFO  c.t.t.t.p.s.c.ConnectionManager - Got connection by websocket. [connectionId=57d4c519-0125-41da-8cb7-b617d0c41c0f] [userId=64f51ab2-6a09-44f6-8606-bf4a0718d920]
2026-10-02 15:24:33 [WebSocketWorker-17] INFO  c.t.t.t.p.s.c.ConnectionManager - Getting connection by userId. [userId=64f51ab2-6a09-44f6-8606-bf4a0718d920]
2026-10-02 15:24:33 [WebSocketWorker-17] INFO  c.t.t.t.p.s.c.ConnectionManager - Got connection by userId. [connectionId=57d4c519-0125-41da-8cb7-b617d0c41c0f] [userId=64f51ab2-6a09-44f6-8606-bf4a0718d920]
2026-10-02 15:24:33 [WebSocketWorker-17] INFO  c.t.t.t.p.socket.room.RoomManager - Broadcast sent. [RoomId=2899e2d9-8313-4fb2-b9f8-f45c09c235a3] [Recipients=1]
2026-10-02 15:24:47 [WebSocketSelector-29] INFO  c.t.t.t.p.s.c.ConnectionManager - Getting connection by websocket
2026-10-02 15:24:47 [WebSocketSelector-29] INFO  c.t.t.t.p.s.c.ConnectionManager - Got connection by websocket. [connectionId=57d4c519-0125-41da-8cb7-b617d0c41c0f] [userId=64f51ab2-6a09-44f6-8606-bf4a0718d920]
2026-10-02 15:24:47 [WebSocketSelector-29] INFO  c.t.t.t.p.s.c.ConnectionManager - Connection removed successfully. [connectionId=57d4c519-0125-41da-8cb7-b617d0c41c0f] [userId=64f51ab2-6a09-44f6-8606-bf4a0718d920]
2026-10-02 15:24:47 [WebSocketSelector-29] INFO  c.t.t.t.p.socket.room.RoomManager - User left room. [RoomId=2899e2d9-8313-4fb2-b9f8-f45c09c235a3] [UserId=64f51ab2-6a09-44f6-8606-bf4a0718d920] [TotalUsers=0]
2026-10-02 15:24:47 [WebSocketSelector-29] WARN  c.t.t.t.p.socket.SocketServer - RoomPlayer already removed. [roomId=2899e2d9-8313-4fb2-b9f8-f45c09c235a3] [userId=64f51ab2-6a09-44f6-8606-bf4a0718d920]
2026-10-02 15:24:47 [WebSocketSelector-29] INFO  c.t.t.t.p.socket.room.RoomManager - Room removed by id. [RoomId=2899e2d9-8313-4fb2-b9f8-f45c09c235a3] [TotalRooms=0]
2026-10-02 15:24:47 [WebSocketSelector-29] INFO  c.t.t.t.i.p.j.r.RoomJpaRepository - Room deleted successfully. [RoomId=2899e2d9-8313-4fb2-b9f8-f45c09c235a3]
2026-10-02 15:24:47 [WebSocketSelector-29] INFO  c.t.t.t.a.service.RoomServiceImpl - Room deleted. [roomId=2899e2d9-8313-4fb2-b9f8-f45c09c235a3]
2026-10-02 15:24:47 [WebSocketSelector-29] WARN  c.t.t.t.p.socket.SocketServer - Close connection. [connectionId=57d4c519-0125-41da-8cb7-b617d0c41c0f] [userId=64f51ab2-6a09-44f6-8606-bf4a0718d920] [code=1000] [reason=Client initiated close]
2026-10-02 15:25:45 [main] INFO  c.t.t.t.i.config.Environment - Instance Environment initialized. [InstanceId=922151033]
2026-10-02 15:25:45 [main] INFO  c.t.t.t.i.security.JwtService - Instance JwtService initialized. [InstanceId=1144648478]
2026-10-02 15:25:46 [main] INFO  c.t.t.t.i.persistence.jpa.JpaUtil - Instance JpaUtil initialized. [InstanceId=1147580192]
2026-10-02 15:25:46 [main] INFO  c.t.t.t.i.p.j.r.UserJpaRepository - Instance UserJpaRepository initialized. [InstanceId=173099767]
2026-10-02 15:25:46 [main] INFO  c.t.t.t.i.p.j.r.RoomJpaRepository - Instance RoomJpaRepository initialized. [InstanceId=112797691]
2026-10-02 15:25:46 [main] INFO  c.t.t.t.i.p.j.r.RoomPlayerJpaRepository - Instance RoomPlayerJpaRepository initialized. [InstanceId=1045997582]
2026-10-02 15:25:46 [main] INFO  c.t.t.t.a.service.AuthServiceImpl - Instance AuthServiceImpl initialized. [InstanceId=1337335626]
2026-10-02 15:25:46 [main] INFO  c.t.t.t.a.service.UserServiceImpl - Instance UserServiceImpl initialized. [InstanceId=1336996537]
2026-10-02 15:25:46 [main] INFO  c.t.t.t.a.service.RoomServiceImpl - Instance RoomServiceImpl initialized. [InstanceId=7967307]
2026-10-02 15:25:46 [main] INFO  c.t.t.t.a.s.RoomPlayerServiceImpl - Instance RoomPlayerServiceImpl initialized. [InstanceId=2073707154]
2026-10-02 15:25:46 [main] INFO  c.t.t.t.p.h.m.AuthorizedHttpMiddleware - Instance AuthorizedHttpMiddleware initialized. [InstanceId=78204644]
2026-10-02 15:25:46 [main] INFO  c.t.t.t.p.h.c.AuthController - Instance AuthController initialized. [InstanceId=1287934450]
2026-10-02 15:25:46 [main] INFO  c.t.t.t.p.s.m.AuthorizedSocketMiddleware - Instance AuthorizedSocketMiddleware initialized. [InstanceId=6519275]
2026-10-02 15:25:46 [main] INFO  c.t.t.t.p.s.c.ConnectionManager - Instance ConnectionManager initialized. [InstanceId=692331943]
2026-10-02 15:25:46 [main] INFO  c.t.t.t.p.socket.room.RoomManager - Instance RoomManager initialized. [InstanceId=1741979653]
2026-10-02 15:25:46 [main] INFO  c.t.t.t.p.s.e.ExceptionSocketHandler - Instance ExceptionSocketHandler initialized. [InstanceId=1273143001]
2026-10-02 15:25:46 [main] INFO  c.t.t.t.p.s.e.h.GlobalMessageHandler - Instance GlobalMessageHandler initialized. [InstanceId=1408974251]
2026-10-02 15:25:46 [main] INFO  c.t.t.t.p.s.e.h.CreateRoomHandler - Instance CreateRoomHandler initialized. [InstanceId=856055143]
2026-10-02 15:25:46 [main] INFO  c.t.t.t.p.s.e.h.MessageRoomHandler - Instance MessageRoomHandler initialized. [InstanceId=2075809815]
2026-10-02 15:25:46 [WebSocketSelector-29] INFO  c.t.t.t.p.socket.SocketServer - WebSocketServer started successfully. [port=8081] [url=ws://localhost:8081]
2026-10-02 15:25:46 [main] INFO  org.eclipse.jetty.util.log - Logging initialized @969ms to org.eclipse.jetty.util.log.Slf4jLog
2026-10-02 15:25:46 [main] INFO  io.javalin.Javalin - Starting Javalin ...
2026-10-02 15:25:46 [main] INFO  io.javalin.Javalin - You are running Javalin 4.6.8 (released May 4, 2023. Your Javalin version is 1247 days old. Consider checking for a newer version.).
2026-10-02 15:25:46 [main] INFO  io.javalin.Javalin - Listening on http://localhost:8080/
2026-10-02 15:25:46 [main] INFO  io.javalin.Javalin - Javalin started in 137ms \o/
2026-10-02 15:25:46 [main] INFO  c.t.t.t.presentation.http.HttpServer - Instance HttpServer initialized.
2026-10-02 15:25:46 [main] INFO  c.t.t.t.presentation.http.HttpServer - HttpServer started successfully. [port=8080] [url=http://localhost:8080]
2026-10-02 15:25:46 [main] INFO  com.tic.tac.toe.Application - Started Application
2026-10-02 15:27:21 [main] INFO  c.t.t.t.i.config.Environment - Instance Environment initialized. [InstanceId=1516369375]
2026-10-02 15:27:21 [main] INFO  c.t.t.t.i.security.JwtService - Instance JwtService initialized. [InstanceId=1576861390]
2026-10-02 15:27:21 [main] INFO  c.t.t.t.i.persistence.jpa.JpaUtil - Instance JpaUtil initialized. [InstanceId=173099767]
2026-10-02 15:27:21 [main] INFO  c.t.t.t.i.p.j.r.UserJpaRepository - Instance UserJpaRepository initialized. [InstanceId=112797691]
2026-10-02 15:27:21 [main] INFO  c.t.t.t.i.p.j.r.RoomJpaRepository - Instance RoomJpaRepository initialized. [InstanceId=1045997582]
2026-10-02 15:27:21 [main] INFO  c.t.t.t.i.p.j.r.RoomPlayerJpaRepository - Instance RoomPlayerJpaRepository initialized. [InstanceId=1337335626]
2026-10-02 15:27:21 [main] INFO  c.t.t.t.a.service.AuthServiceImpl - Instance AuthServiceImpl initialized. [InstanceId=1336996537]
2026-10-02 15:27:21 [main] INFO  c.t.t.t.a.service.UserServiceImpl - Instance UserServiceImpl initialized. [InstanceId=7967307]
2026-10-02 15:27:21 [main] INFO  c.t.t.t.a.service.RoomServiceImpl - Instance RoomServiceImpl initialized. [InstanceId=2073707154]
2026-10-02 15:27:21 [main] INFO  c.t.t.t.a.s.RoomPlayerServiceImpl - Instance RoomPlayerServiceImpl initialized. [InstanceId=78204644]
2026-10-02 15:27:21 [main] INFO  c.t.t.t.p.h.m.AuthorizedHttpMiddleware - Instance AuthorizedHttpMiddleware initialized. [InstanceId=1287934450]
2026-10-02 15:27:21 [main] INFO  c.t.t.t.p.h.c.AuthController - Instance AuthController initialized. [InstanceId=6519275]
2026-10-02 15:27:21 [main] INFO  c.t.t.t.p.s.m.AuthorizedSocketMiddleware - Instance AuthorizedSocketMiddleware initialized. [InstanceId=692331943]
2026-10-02 15:27:21 [main] INFO  c.t.t.t.p.s.c.ConnectionManager - Instance ConnectionManager initialized. [InstanceId=1741979653]
2026-10-02 15:27:21 [main] INFO  c.t.t.t.p.socket.room.RoomManager - Instance RoomManager initialized. [InstanceId=166794956]
2026-10-02 15:27:21 [main] INFO  c.t.t.t.p.s.e.ExceptionSocketHandler - Instance ExceptionSocketHandler initialized. [InstanceId=1418555530]
2026-10-02 15:27:21 [main] INFO  c.t.t.t.p.s.e.h.GlobalMessageHandler - Instance GlobalMessageHandler initialized. [InstanceId=212890971]
2026-10-02 15:27:21 [main] INFO  c.t.t.t.p.s.e.h.CreateRoomHandler - Instance CreateRoomHandler initialized. [InstanceId=1898325501]
2026-10-02 15:27:21 [main] INFO  c.t.t.t.p.s.e.h.MessageRoomHandler - Instance MessageRoomHandler initialized. [InstanceId=1949298838]
2026-10-02 15:27:21 [WebSocketSelector-29] INFO  c.t.t.t.p.socket.SocketServer - WebSocketServer started successfully. [port=8081] [url=ws://localhost:8081]
2026-10-02 15:27:21 [main] INFO  org.eclipse.jetty.util.log - Logging initialized @982ms to org.eclipse.jetty.util.log.Slf4jLog
2026-10-02 15:27:21 [main] INFO  io.javalin.Javalin - Starting Javalin ...
2026-10-02 15:27:21 [main] INFO  io.javalin.Javalin - You are running Javalin 4.6.8 (released May 4, 2023. Your Javalin version is 1247 days old. Consider checking for a newer version.).
2026-10-02 15:27:21 [main] INFO  io.javalin.Javalin - Listening on http://localhost:8080/
2026-10-02 15:27:21 [main] INFO  io.javalin.Javalin - Javalin started in 133ms \o/
2026-10-02 15:27:21 [main] INFO  c.t.t.t.presentation.http.HttpServer - Instance HttpServer initialized.
2026-10-02 15:27:21 [main] INFO  c.t.t.t.presentation.http.HttpServer - HttpServer started successfully. [port=8080] [url=http://localhost:8080]
2026-10-02 15:27:21 [main] INFO  com.tic.tac.toe.Application - Started Application
2026-10-02 15:27:23 [JettyServerThreadPool-45] INFO  c.t.t.t.presentation.http.HttpServer - METHOD: POST, HOST: localhost:8080, PATH: /api/v1/auth/login, CONTENT_LENGTH: 65
2026-10-02 15:27:23 [JettyServerThreadPool-45] INFO  c.t.t.t.a.service.AuthServiceImpl - Trying login. [email=teste@eemail.com]
2026-10-02 15:27:24 [JettyServerThreadPool-45] INFO  c.t.t.t.a.service.AuthServiceImpl - Login successfully. [userId=a9876944-0518-4057-ba2b-5171c3a8bea7]
2026-10-02 15:27:42 [JettyServerThreadPool-33] INFO  c.t.t.t.presentation.http.HttpServer - METHOD: POST, HOST: localhost:8080, PATH: /api/v1/auth/login, CONTENT_LENGTH: 67
2026-10-02 15:27:42 [JettyServerThreadPool-33] INFO  c.t.t.t.a.service.AuthServiceImpl - Trying login. [email=testete@eemail.com]
2026-10-02 15:27:42 [JettyServerThreadPool-33] INFO  c.t.t.t.a.service.AuthServiceImpl - Login successfully. [userId=64f51ab2-6a09-44f6-8606-bf4a0718d920]
2026-10-02 15:28:02 [JettyServerThreadPool-36] INFO  c.t.t.t.presentation.http.HttpServer - METHOD: POST, HOST: localhost:8080, PATH: /api/v1/auth/login, CONTENT_LENGTH: 73
2026-10-02 15:28:02 [JettyServerThreadPool-36] INFO  c.t.t.t.a.service.AuthServiceImpl - Trying login. [email=testetegsdfgs@eemail.com]
2026-10-02 15:28:02 [JettyServerThreadPool-36] INFO  c.t.t.t.a.service.AuthServiceImpl - Login successfully. [userId=5b2bd98b-40da-412d-83b8-14833b48f537]
2026-10-02 15:28:15 [WebSocketWorker-17] INFO  c.t.t.t.p.s.c.ConnectionManager - A connection added on manager. [connectionId=955940e6-4b29-4612-8c78-f88ebacd2671] [userId=a9876944-0518-4057-ba2b-5171c3a8bea7]
2026-10-02 15:28:18 [WebSocketWorker-18] INFO  c.t.t.t.p.s.c.ConnectionManager - A connection added on manager. [connectionId=ae900173-566c-4ee9-91ba-07b80eb5e377] [userId=64f51ab2-6a09-44f6-8606-bf4a0718d920]
2026-10-02 15:28:22 [WebSocketWorker-19] INFO  c.t.t.t.p.s.c.ConnectionManager - A connection added on manager. [connectionId=00fd95f3-2e21-446d-b813-8281875d90b6] [userId=5b2bd98b-40da-412d-83b8-14833b48f537]
2026-10-02 15:28:24 [WebSocketSelector-29] INFO  c.t.t.t.p.s.c.ConnectionManager - Getting connection by websocket
2026-10-02 15:28:24 [WebSocketSelector-29] INFO  c.t.t.t.p.s.c.ConnectionManager - Got connection by websocket. [connectionId=ae900173-566c-4ee9-91ba-07b80eb5e377] [userId=64f51ab2-6a09-44f6-8606-bf4a0718d920]
2026-10-02 15:28:24 [WebSocketSelector-29] INFO  c.t.t.t.p.s.c.ConnectionManager - Connection removed successfully. [connectionId=ae900173-566c-4ee9-91ba-07b80eb5e377] [userId=64f51ab2-6a09-44f6-8606-bf4a0718d920]
2026-10-02 15:28:24 [WebSocketSelector-29] WARN  c.t.t.t.p.socket.SocketServer - Close connection. [connectionId=ae900173-566c-4ee9-91ba-07b80eb5e377] [userId=64f51ab2-6a09-44f6-8606-bf4a0718d920] [code=1000] [reason=Client initiated close]
2026-10-02 15:28:26 [WebSocketSelector-29] INFO  c.t.t.t.p.s.c.ConnectionManager - Getting connection by websocket
2026-10-02 15:28:26 [WebSocketSelector-29] INFO  c.t.t.t.p.s.c.ConnectionManager - Got connection by websocket. [connectionId=00fd95f3-2e21-446d-b813-8281875d90b6] [userId=5b2bd98b-40da-412d-83b8-14833b48f537]
2026-10-02 15:28:26 [WebSocketSelector-29] INFO  c.t.t.t.p.s.c.ConnectionManager - Connection removed successfully. [connectionId=00fd95f3-2e21-446d-b813-8281875d90b6] [userId=5b2bd98b-40da-412d-83b8-14833b48f537]
2026-10-02 15:28:26 [WebSocketSelector-29] WARN  c.t.t.t.p.socket.SocketServer - Close connection. [connectionId=00fd95f3-2e21-446d-b813-8281875d90b6] [userId=5b2bd98b-40da-412d-83b8-14833b48f537] [code=1000] [reason=Client initiated close]
2026-10-02 15:28:50 [WebSocketWorker-20] INFO  c.t.t.t.p.s.c.ConnectionManager - A connection added on manager. [connectionId=548c1e22-1e9f-4f7d-a130-59d7dc4e88bf] [userId=64f51ab2-6a09-44f6-8606-bf4a0718d920]
2026-10-02 15:28:54 [WebSocketWorker-21] INFO  c.t.t.t.p.s.c.ConnectionManager - A connection added on manager. [connectionId=5c3e0cd1-bccc-4d62-918d-64250a58747c] [userId=5b2bd98b-40da-412d-83b8-14833b48f537]
2026-10-02 15:29:00 [WebSocketWorker-17] INFO  c.t.t.t.p.s.c.ConnectionManager - Getting connection by websocket
2026-10-02 15:29:00 [WebSocketWorker-17] INFO  c.t.t.t.p.s.c.ConnectionManager - Got connection by websocket. [connectionId=955940e6-4b29-4612-8c78-f88ebacd2671] [userId=a9876944-0518-4057-ba2b-5171c3a8bea7]
2026-10-02 15:29:00 [WebSocketWorker-17] INFO  c.t.t.t.p.s.c.ConnectionManager - Sending message on broadcast
2026-10-02 15:29:00 [WebSocketWorker-17] INFO  c.t.t.t.p.s.c.ConnectionManager - Send message to connection. [connectionId=548c1e22-1e9f-4f7d-a130-59d7dc4e88bf] [userId=64f51ab2-6a09-44f6-8606-bf4a0718d920]
2026-10-02 15:29:00 [WebSocketWorker-17] INFO  c.t.t.t.p.s.c.ConnectionManager - Send message to connection. [connectionId=5c3e0cd1-bccc-4d62-918d-64250a58747c] [userId=5b2bd98b-40da-412d-83b8-14833b48f537]
2026-10-02 15:29:00 [WebSocketWorker-17] INFO  c.t.t.t.p.s.c.ConnectionManager - Send message to connection. [connectionId=955940e6-4b29-4612-8c78-f88ebacd2671] [userId=a9876944-0518-4057-ba2b-5171c3a8bea7]
2026-10-02 15:29:59 [WebSocketWorker-17] INFO  c.t.t.t.p.s.c.ConnectionManager - Getting connection by websocket
2026-10-02 15:29:59 [WebSocketWorker-17] INFO  c.t.t.t.p.s.c.ConnectionManager - Got connection by websocket. [connectionId=955940e6-4b29-4612-8c78-f88ebacd2671] [userId=a9876944-0518-4057-ba2b-5171c3a8bea7]
2026-10-02 15:29:59 [WebSocketWorker-17] INFO  c.t.t.t.p.s.c.ConnectionManager - Getting connection by userId. [userId=a9876944-0518-4057-ba2b-5171c3a8bea7]
2026-10-02 15:29:59 [WebSocketWorker-17] INFO  c.t.t.t.p.s.c.ConnectionManager - Got connection by userId. [connectionId=955940e6-4b29-4612-8c78-f88ebacd2671] [userId=a9876944-0518-4057-ba2b-5171c3a8bea7]
2026-10-02 15:29:59 [WebSocketWorker-17] INFO  c.t.t.t.i.p.j.r.RoomJpaRepository - Room saved successfully. [RoomId=432e4ca9-489a-46c0-ac76-e413b22ec4c3]
2026-10-02 15:29:59 [WebSocketWorker-17] INFO  c.t.t.t.a.service.RoomServiceImpl - Room created. [roomId=432e4ca9-489a-46c0-ac76-e413b22ec4c3] [ownerId=a9876944-0518-4057-ba2b-5171c3a8bea7]
2026-10-02 15:29:59 [WebSocketWorker-17] INFO  c.t.t.t.p.socket.room.RoomManager - Room created. [RoomId=432e4ca9-489a-46c0-ac76-e413b22ec4c3] [TotalRooms=1]
2026-10-02 15:29:59 [WebSocketWorker-17] INFO  c.t.t.t.p.socket.room.RoomManager - User joined room. [RoomId=432e4ca9-489a-46c0-ac76-e413b22ec4c3] [UserId=a9876944-0518-4057-ba2b-5171c3a8bea7] [TotalUsers=1]
2026-10-02 15:29:59 [WebSocketWorker-17] INFO  c.t.t.t.p.socket.room.RoomManager - Broadcast sent. [RoomId=432e4ca9-489a-46c0-ac76-e413b22ec4c3] [Recipients=1]
2026-10-02 15:29:59 [WebSocketWorker-17] INFO  c.t.t.t.p.s.e.h.CreateRoomHandler - Room created and owner joined. [roomId=432e4ca9-489a-46c0-ac76-e413b22ec4c3] [ownerId=a9876944-0518-4057-ba2b-5171c3a8bea7]
2026-10-02 15:30:03 [WebSocketWorker-17] INFO  c.t.t.t.p.s.c.ConnectionManager - Getting connection by websocket
2026-10-02 15:30:04 [WebSocketWorker-17] INFO  c.t.t.t.p.s.c.ConnectionManager - Got connection by websocket. [connectionId=955940e6-4b29-4612-8c78-f88ebacd2671] [userId=a9876944-0518-4057-ba2b-5171c3a8bea7]
2026-10-02 15:30:04 [WebSocketWorker-17] INFO  c.t.t.t.p.s.c.ConnectionManager - Getting connection by userId. [userId=a9876944-0518-4057-ba2b-5171c3a8bea7]
2026-10-02 15:30:04 [WebSocketWorker-17] INFO  c.t.t.t.p.s.c.ConnectionManager - Got connection by userId. [connectionId=955940e6-4b29-4612-8c78-f88ebacd2671] [userId=a9876944-0518-4057-ba2b-5171c3a8bea7]
2026-10-02 15:30:04 [WebSocketWorker-17] INFO  c.t.t.t.p.socket.room.RoomManager - Broadcast sent. [RoomId=432e4ca9-489a-46c0-ac76-e413b22ec4c3] [Recipients=1]
2026-10-02 15:30:17 [WebSocketWorker-17] INFO  c.t.t.t.p.s.c.ConnectionManager - Getting connection by websocket
2026-10-02 15:30:17 [WebSocketWorker-17] INFO  c.t.t.t.p.s.c.ConnectionManager - Got connection by websocket. [connectionId=955940e6-4b29-4612-8c78-f88ebacd2671] [userId=a9876944-0518-4057-ba2b-5171c3a8bea7]
2026-10-02 15:30:17 [WebSocketWorker-17] INFO  c.t.t.t.p.s.c.ConnectionManager - Getting connection by userId. [userId=a9876944-0518-4057-ba2b-5171c3a8bea7]
2026-10-02 15:30:17 [WebSocketWorker-17] INFO  c.t.t.t.p.s.c.ConnectionManager - Got connection by userId. [connectionId=955940e6-4b29-4612-8c78-f88ebacd2671] [userId=a9876944-0518-4057-ba2b-5171c3a8bea7]
2026-10-02 15:30:17 [WebSocketWorker-17] INFO  c.t.t.t.p.socket.room.RoomManager - Broadcast sent. [RoomId=432e4ca9-489a-46c0-ac76-e413b22ec4c3] [Recipients=1]
2026-10-02 15:30:23 [WebSocketWorker-17] INFO  c.t.t.t.p.s.c.ConnectionManager - Getting connection by websocket
2026-10-02 15:30:23 [WebSocketWorker-17] INFO  c.t.t.t.p.s.c.ConnectionManager - Got connection by websocket. [connectionId=955940e6-4b29-4612-8c78-f88ebacd2671] [userId=a9876944-0518-4057-ba2b-5171c3a8bea7]
2026-10-02 15:30:23 [WebSocketWorker-17] INFO  c.t.t.t.p.s.c.ConnectionManager - Getting connection by userId. [userId=a9876944-0518-4057-ba2b-5171c3a8bea7]
2026-10-02 15:30:23 [WebSocketWorker-17] INFO  c.t.t.t.p.s.c.ConnectionManager - Got connection by userId. [connectionId=955940e6-4b29-4612-8c78-f88ebacd2671] [userId=a9876944-0518-4057-ba2b-5171c3a8bea7]
2026-10-02 15:30:23 [WebSocketWorker-17] INFO  c.t.t.t.p.socket.room.RoomManager - Broadcast sent. [RoomId=432e4ca9-489a-46c0-ac76-e413b22ec4c3] [Recipients=1]
2026-10-02 15:30:30 [WebSocketSelector-29] INFO  c.t.t.t.p.s.c.ConnectionManager - Getting connection by websocket
2026-10-02 15:30:30 [WebSocketSelector-29] INFO  c.t.t.t.p.s.c.ConnectionManager - Got connection by websocket. [connectionId=5c3e0cd1-bccc-4d62-918d-64250a58747c] [userId=5b2bd98b-40da-412d-83b8-14833b48f537]
2026-10-02 15:30:30 [WebSocketSelector-29] INFO  c.t.t.t.p.s.c.ConnectionManager - Connection removed successfully. [connectionId=5c3e0cd1-bccc-4d62-918d-64250a58747c] [userId=5b2bd98b-40da-412d-83b8-14833b48f537]
2026-10-02 15:30:30 [WebSocketSelector-29] WARN  c.t.t.t.p.socket.SocketServer - Close connection. [connectionId=5c3e0cd1-bccc-4d62-918d-64250a58747c] [userId=5b2bd98b-40da-412d-83b8-14833b48f537] [code=1000] [reason=Client initiated close]
2026-10-02 15:30:32 [WebSocketSelector-29] INFO  c.t.t.t.p.s.c.ConnectionManager - Getting connection by websocket
2026-10-02 15:30:32 [WebSocketSelector-29] INFO  c.t.t.t.p.s.c.ConnectionManager - Got connection by websocket. [connectionId=548c1e22-1e9f-4f7d-a130-59d7dc4e88bf] [userId=64f51ab2-6a09-44f6-8606-bf4a0718d920]
2026-10-02 15:30:32 [WebSocketSelector-29] INFO  c.t.t.t.p.s.c.ConnectionManager - Connection removed successfully. [connectionId=548c1e22-1e9f-4f7d-a130-59d7dc4e88bf] [userId=64f51ab2-6a09-44f6-8606-bf4a0718d920]
2026-10-02 15:30:32 [WebSocketSelector-29] WARN  c.t.t.t.p.socket.SocketServer - Close connection. [connectionId=548c1e22-1e9f-4f7d-a130-59d7dc4e88bf] [userId=64f51ab2-6a09-44f6-8606-bf4a0718d920] [code=1000] [reason=Client initiated close]
2026-10-02 15:30:33 [WebSocketSelector-29] INFO  c.t.t.t.p.s.c.ConnectionManager - Getting connection by websocket
2026-10-02 15:30:33 [WebSocketSelector-29] INFO  c.t.t.t.p.s.c.ConnectionManager - Got connection by websocket. [connectionId=955940e6-4b29-4612-8c78-f88ebacd2671] [userId=a9876944-0518-4057-ba2b-5171c3a8bea7]
2026-10-02 15:30:33 [WebSocketSelector-29] INFO  c.t.t.t.p.s.c.ConnectionManager - Connection removed successfully. [connectionId=955940e6-4b29-4612-8c78-f88ebacd2671] [userId=a9876944-0518-4057-ba2b-5171c3a8bea7]
2026-10-02 15:30:33 [WebSocketSelector-29] INFO  c.t.t.t.p.socket.room.RoomManager - User left room. [RoomId=432e4ca9-489a-46c0-ac76-e413b22ec4c3] [UserId=a9876944-0518-4057-ba2b-5171c3a8bea7] [TotalUsers=0]
2026-10-02 15:30:33 [WebSocketSelector-29] WARN  c.t.t.t.p.socket.SocketServer - RoomPlayer already removed. [roomId=432e4ca9-489a-46c0-ac76-e413b22ec4c3] [userId=a9876944-0518-4057-ba2b-5171c3a8bea7]
2026-10-02 15:30:33 [WebSocketSelector-29] INFO  c.t.t.t.p.socket.room.RoomManager - Room removed by id. [RoomId=432e4ca9-489a-46c0-ac76-e413b22ec4c3] [TotalRooms=0]
2026-10-02 15:30:33 [WebSocketSelector-29] INFO  c.t.t.t.i.p.j.r.RoomJpaRepository - Room deleted successfully. [RoomId=432e4ca9-489a-46c0-ac76-e413b22ec4c3]
2026-10-02 15:30:33 [WebSocketSelector-29] INFO  c.t.t.t.a.service.RoomServiceImpl - Room deleted. [roomId=432e4ca9-489a-46c0-ac76-e413b22ec4c3]
2026-10-02 15:30:33 [WebSocketSelector-29] WARN  c.t.t.t.p.socket.SocketServer - Close connection. [connectionId=955940e6-4b29-4612-8c78-f88ebacd2671] [userId=a9876944-0518-4057-ba2b-5171c3a8bea7] [code=1000] [reason=Client initiated close]
2026-10-02 20:27:15 [main] INFO  c.t.t.t.i.config.Environment - Instance Environment initialized. [InstanceId=2136344592]
2026-10-02 20:27:15 [main] INFO  c.t.t.t.i.security.JwtService - Instance JwtService initialized. [InstanceId=1483022288]
2026-10-02 20:27:15 [main] INFO  c.t.t.t.i.persistence.jpa.JpaUtil - Instance JpaUtil initialized. [InstanceId=1803669141]
2026-10-02 20:27:15 [main] INFO  c.t.t.t.i.p.j.r.UserJpaRepository - Instance UserJpaRepository initialized. [InstanceId=712609105]
2026-10-02 20:27:15 [main] INFO  c.t.t.t.i.p.j.r.RoomJpaRepository - Instance RoomJpaRepository initialized. [InstanceId=1836463382]
2026-10-02 20:27:15 [main] INFO  c.t.t.t.i.p.j.r.RoomPlayerJpaRepository - Instance RoomPlayerJpaRepository initialized. [InstanceId=1388278453]
2026-10-02 20:27:15 [main] INFO  c.t.t.t.a.service.AuthServiceImpl - Instance AuthServiceImpl initialized. [InstanceId=934275857]
2026-10-02 20:27:15 [main] INFO  c.t.t.t.a.service.UserServiceImpl - Instance UserServiceImpl initialized. [InstanceId=1364913072]
2026-10-02 20:27:15 [main] INFO  c.t.t.t.a.service.RoomServiceImpl - Instance RoomServiceImpl initialized. [InstanceId=232307208]
2026-10-02 20:27:15 [main] INFO  c.t.t.t.a.s.RoomPlayerServiceImpl - Instance RoomPlayerServiceImpl initialized. [InstanceId=609962972]
2026-10-02 20:27:15 [main] INFO  c.t.t.t.p.h.m.AuthorizedHttpMiddleware - Instance AuthorizedHttpMiddleware initialized. [InstanceId=1818544933]
2026-10-02 20:27:15 [main] INFO  c.t.t.t.p.h.c.AuthController - Instance AuthController initialized. [InstanceId=1793436274]
2026-10-02 20:27:15 [main] INFO  c.t.t.t.p.s.m.AuthorizedSocketMiddleware - Instance AuthorizedSocketMiddleware initialized. [InstanceId=572868060]
2026-10-02 20:27:15 [main] INFO  c.t.t.t.p.s.c.ConnectionManager - Instance ConnectionManager initialized. [InstanceId=1549725679]
2026-10-02 20:27:15 [main] INFO  c.t.t.t.p.socket.room.RoomManager - Instance RoomManager initialized. [InstanceId=371800738]
2026-10-02 20:27:16 [main] INFO  c.t.t.t.p.s.e.ExceptionSocketHandler - Instance ExceptionSocketHandler initialized. [InstanceId=673586830]
2026-10-02 20:27:16 [main] INFO  c.t.t.t.p.s.e.h.GlobalMessageHandler - Instance GlobalMessageHandler initialized. [InstanceId=903525611]
2026-10-02 20:27:16 [main] INFO  c.t.t.t.p.s.e.h.RoomsByStatusHandler - Instance RoomsByStatusHandler initialized. [InstanceId=1000966072]
2026-10-02 20:27:16 [main] INFO  c.t.t.t.p.s.e.h.CreateRoomHandler - Instance CreateRoomHandler initialized. [InstanceId=1594138273]
2026-10-02 20:27:16 [main] INFO  c.t.t.t.p.s.e.h.MessageRoomHandler - Instance MessageRoomHandler initialized. [InstanceId=95396809]
2026-10-02 20:27:16 [WebSocketSelector-29] INFO  c.t.t.t.p.socket.SocketServer - WebSocketServer started successfully. [port=8081] [url=ws://localhost:8081]
2026-10-02 20:27:16 [main] INFO  org.eclipse.jetty.util.log - Logging initialized @1405ms to org.eclipse.jetty.util.log.Slf4jLog
2026-10-02 20:27:16 [main] INFO  io.javalin.Javalin - Starting Javalin ...
2026-10-02 20:27:16 [main] INFO  io.javalin.Javalin - You are running Javalin 4.6.8 (released May 4, 2023. Your Javalin version is 1247 days old. Consider checking for a newer version.).
2026-10-02 20:27:16 [main] INFO  io.javalin.Javalin - Listening on http://localhost:8080/
2026-10-02 20:27:16 [main] INFO  io.javalin.Javalin - Javalin started in 200ms \o/
2026-10-02 20:27:16 [main] INFO  c.t.t.t.presentation.http.HttpServer - Instance HttpServer initialized.
2026-10-02 20:27:16 [main] INFO  c.t.t.t.presentation.http.HttpServer - HttpServer started successfully. [port=8080] [url=http://localhost:8080]
2026-10-02 20:27:16 [main] INFO  com.tic.tac.toe.Application - Started Application
2026-10-02 20:29:06 [WebSocketWorker-17] INFO  c.t.t.t.p.s.c.ConnectionManager - A connection added on manager. [connectionId=8e590ad3-8ee3-4f44-8e10-0805804bab34] [userId=a9876944-0518-4057-ba2b-5171c3a8bea7]
2026-10-02 20:29:08 [WebSocketWorker-17] INFO  c.t.t.t.p.s.c.ConnectionManager - Getting connection by websocket
2026-10-02 20:29:08 [WebSocketWorker-17] INFO  c.t.t.t.p.s.c.ConnectionManager - Got connection by websocket. [connectionId=8e590ad3-8ee3-4f44-8e10-0805804bab34] [userId=a9876944-0518-4057-ba2b-5171c3a8bea7]
2026-10-02 20:29:08 [WebSocketWorker-17] INFO  c.t.t.t.p.s.c.ConnectionManager - Getting connection by userId. [userId=a9876944-0518-4057-ba2b-5171c3a8bea7]
2026-10-02 20:29:08 [WebSocketWorker-17] INFO  c.t.t.t.p.s.c.ConnectionManager - Got connection by userId. [connectionId=8e590ad3-8ee3-4f44-8e10-0805804bab34] [userId=a9876944-0518-4057-ba2b-5171c3a8bea7]
2026-10-02 20:29:16 [WebSocketWorker-18] INFO  c.t.t.t.p.s.c.ConnectionManager - A connection added on manager. [connectionId=ba60dee9-47b1-4c6e-b4c4-ebe1ea4cea4b] [userId=64f51ab2-6a09-44f6-8606-bf4a0718d920]
2026-10-02 20:29:18 [WebSocketWorker-18] INFO  c.t.t.t.p.s.c.ConnectionManager - Getting connection by websocket
2026-10-02 20:29:18 [WebSocketWorker-18] INFO  c.t.t.t.p.s.c.ConnectionManager - Got connection by websocket. [connectionId=ba60dee9-47b1-4c6e-b4c4-ebe1ea4cea4b] [userId=64f51ab2-6a09-44f6-8606-bf4a0718d920]
2026-10-02 20:29:18 [WebSocketWorker-18] INFO  c.t.t.t.p.s.c.ConnectionManager - Getting connection by userId. [userId=64f51ab2-6a09-44f6-8606-bf4a0718d920]
2026-10-02 20:29:18 [WebSocketWorker-18] INFO  c.t.t.t.p.s.c.ConnectionManager - Got connection by userId. [connectionId=ba60dee9-47b1-4c6e-b4c4-ebe1ea4cea4b] [userId=64f51ab2-6a09-44f6-8606-bf4a0718d920]
2026-10-02 20:29:18 [WebSocketWorker-18] INFO  c.t.t.t.i.p.j.r.RoomJpaRepository - Room saved successfully. [RoomId=1d9bbb43-c07f-4d88-a527-149bc8306019]
2026-10-02 20:29:18 [WebSocketWorker-18] INFO  c.t.t.t.a.service.RoomServiceImpl - Room created. [roomId=1d9bbb43-c07f-4d88-a527-149bc8306019] [ownerId=64f51ab2-6a09-44f6-8606-bf4a0718d920]
2026-10-02 20:29:18 [WebSocketWorker-18] INFO  c.t.t.t.p.socket.room.RoomManager - Room created. [RoomId=1d9bbb43-c07f-4d88-a527-149bc8306019] [TotalRooms=1]
2026-10-02 20:29:18 [WebSocketWorker-18] INFO  c.t.t.t.p.socket.room.RoomManager - User joined room. [RoomId=1d9bbb43-c07f-4d88-a527-149bc8306019] [UserId=64f51ab2-6a09-44f6-8606-bf4a0718d920] [TotalUsers=1]
2026-10-02 20:29:18 [WebSocketWorker-18] INFO  c.t.t.t.p.socket.room.RoomManager - Broadcast sent. [RoomId=1d9bbb43-c07f-4d88-a527-149bc8306019] [Recipients=1]
2026-10-02 20:29:18 [WebSocketWorker-18] INFO  c.t.t.t.p.s.e.h.CreateRoomHandler - Room created and owner joined. [roomId=1d9bbb43-c07f-4d88-a527-149bc8306019] [ownerId=64f51ab2-6a09-44f6-8606-bf4a0718d920]
2026-10-02 20:29:22 [WebSocketWorker-17] INFO  c.t.t.t.p.s.c.ConnectionManager - Getting connection by websocket
2026-10-02 20:29:22 [WebSocketWorker-17] INFO  c.t.t.t.p.s.c.ConnectionManager - Got connection by websocket. [connectionId=8e590ad3-8ee3-4f44-8e10-0805804bab34] [userId=a9876944-0518-4057-ba2b-5171c3a8bea7]
2026-10-02 20:29:22 [WebSocketWorker-17] INFO  c.t.t.t.p.s.c.ConnectionManager - Getting connection by userId. [userId=a9876944-0518-4057-ba2b-5171c3a8bea7]
2026-10-02 20:29:22 [WebSocketWorker-17] INFO  c.t.t.t.p.s.c.ConnectionManager - Got connection by userId. [connectionId=8e590ad3-8ee3-4f44-8e10-0805804bab34] [userId=a9876944-0518-4057-ba2b-5171c3a8bea7]
2026-10-02 20:29:48 [WebSocketWorker-17] INFO  c.t.t.t.p.s.c.ConnectionManager - Getting connection by websocket
2026-10-02 20:29:48 [WebSocketWorker-17] INFO  c.t.t.t.p.s.c.ConnectionManager - Got connection by websocket. [connectionId=8e590ad3-8ee3-4f44-8e10-0805804bab34] [userId=a9876944-0518-4057-ba2b-5171c3a8bea7]
2026-10-02 20:29:48 [WebSocketWorker-17] INFO  c.t.t.t.p.s.c.ConnectionManager - Getting connection by userId. [userId=a9876944-0518-4057-ba2b-5171c3a8bea7]
2026-10-02 20:29:48 [WebSocketWorker-17] INFO  c.t.t.t.p.s.c.ConnectionManager - Got connection by userId. [connectionId=8e590ad3-8ee3-4f44-8e10-0805804bab34] [userId=a9876944-0518-4057-ba2b-5171c3a8bea7]
2026-10-02 20:29:54 [WebSocketSelector-29] INFO  c.t.t.t.p.s.c.ConnectionManager - Getting connection by websocket
2026-10-02 20:29:54 [WebSocketSelector-29] INFO  c.t.t.t.p.s.c.ConnectionManager - Got connection by websocket. [connectionId=ba60dee9-47b1-4c6e-b4c4-ebe1ea4cea4b] [userId=64f51ab2-6a09-44f6-8606-bf4a0718d920]
2026-10-02 20:29:54 [WebSocketSelector-29] INFO  c.t.t.t.p.s.c.ConnectionManager - Connection removed successfully. [connectionId=ba60dee9-47b1-4c6e-b4c4-ebe1ea4cea4b] [userId=64f51ab2-6a09-44f6-8606-bf4a0718d920]
2026-10-02 20:29:54 [WebSocketSelector-29] INFO  c.t.t.t.p.socket.room.RoomManager - User left room. [RoomId=1d9bbb43-c07f-4d88-a527-149bc8306019] [UserId=64f51ab2-6a09-44f6-8606-bf4a0718d920] [TotalUsers=0]
2026-10-02 20:29:54 [WebSocketSelector-29] WARN  c.t.t.t.p.socket.SocketServer - RoomPlayer already removed. [roomId=1d9bbb43-c07f-4d88-a527-149bc8306019] [userId=64f51ab2-6a09-44f6-8606-bf4a0718d920]
2026-10-02 20:29:54 [WebSocketSelector-29] INFO  c.t.t.t.p.socket.room.RoomManager - Room removed by id. [RoomId=1d9bbb43-c07f-4d88-a527-149bc8306019] [TotalRooms=0]
2026-10-02 20:29:54 [WebSocketSelector-29] INFO  c.t.t.t.i.p.j.r.RoomJpaRepository - Room deleted successfully. [RoomId=1d9bbb43-c07f-4d88-a527-149bc8306019]
2026-10-02 20:29:54 [WebSocketSelector-29] INFO  c.t.t.t.a.service.RoomServiceImpl - Room deleted. [roomId=1d9bbb43-c07f-4d88-a527-149bc8306019]
2026-10-02 20:29:54 [WebSocketSelector-29] WARN  c.t.t.t.p.socket.SocketServer - Close connection. [connectionId=ba60dee9-47b1-4c6e-b4c4-ebe1ea4cea4b] [userId=64f51ab2-6a09-44f6-8606-bf4a0718d920] [code=1000] [reason=Client initiated close]
2026-10-02 20:29:59 [WebSocketWorker-17] INFO  c.t.t.t.p.s.c.ConnectionManager - Getting connection by websocket
2026-10-02 20:29:59 [WebSocketWorker-17] INFO  c.t.t.t.p.s.c.ConnectionManager - Got connection by websocket. [connectionId=8e590ad3-8ee3-4f44-8e10-0805804bab34] [userId=a9876944-0518-4057-ba2b-5171c3a8bea7]
2026-10-02 20:29:59 [WebSocketWorker-17] INFO  c.t.t.t.p.s.c.ConnectionManager - Getting connection by userId. [userId=a9876944-0518-4057-ba2b-5171c3a8bea7]
2026-10-02 20:29:59 [WebSocketWorker-17] INFO  c.t.t.t.p.s.c.ConnectionManager - Got connection by userId. [connectionId=8e590ad3-8ee3-4f44-8e10-0805804bab34] [userId=a9876944-0518-4057-ba2b-5171c3a8bea7]
2026-10-02 20:30:03 [WebSocketSelector-29] INFO  c.t.t.t.p.s.c.ConnectionManager - Getting connection by websocket
2026-10-02 20:30:03 [WebSocketSelector-29] INFO  c.t.t.t.p.s.c.ConnectionManager - Got connection by websocket. [connectionId=8e590ad3-8ee3-4f44-8e10-0805804bab34] [userId=a9876944-0518-4057-ba2b-5171c3a8bea7]
2026-10-02 20:30:03 [WebSocketSelector-29] INFO  c.t.t.t.p.s.c.ConnectionManager - Connection removed successfully. [connectionId=8e590ad3-8ee3-4f44-8e10-0805804bab34] [userId=a9876944-0518-4057-ba2b-5171c3a8bea7]
2026-10-02 20:30:03 [WebSocketSelector-29] WARN  c.t.t.t.p.socket.SocketServer - Close connection. [connectionId=8e590ad3-8ee3-4f44-8e10-0805804bab34] [userId=a9876944-0518-4057-ba2b-5171c3a8bea7] [code=1000] [reason=Client initiated close]
2026-10-02 20:42:40 [main] INFO  c.t.t.t.i.config.Environment - Instance Environment initialized. [InstanceId=1394336709]
2026-10-02 20:42:40 [main] INFO  c.t.t.t.i.security.JwtService - Instance JwtService initialized. [InstanceId=1566502717]
2026-10-02 20:42:41 [main] INFO  c.t.t.t.i.persistence.jpa.JpaUtil - Instance JpaUtil initialized. [InstanceId=1045997582]
2026-10-02 20:42:41 [main] INFO  c.t.t.t.i.p.j.r.UserJpaRepository - Instance UserJpaRepository initialized. [InstanceId=1337335626]
2026-10-02 20:42:41 [main] INFO  c.t.t.t.i.p.j.r.RoomJpaRepository - Instance RoomJpaRepository initialized. [InstanceId=1336996537]
2026-10-02 20:42:41 [main] INFO  c.t.t.t.i.p.j.r.RoomPlayerJpaRepository - Instance RoomPlayerJpaRepository initialized. [InstanceId=7967307]
2026-10-02 20:42:41 [main] INFO  c.t.t.t.a.service.AuthServiceImpl - Instance AuthServiceImpl initialized. [InstanceId=2073707154]
2026-10-02 20:42:41 [main] INFO  c.t.t.t.a.service.UserServiceImpl - Instance UserServiceImpl initialized. [InstanceId=78204644]
2026-10-02 20:42:41 [main] INFO  c.t.t.t.a.service.RoomServiceImpl - Instance RoomServiceImpl initialized. [InstanceId=1287934450]
2026-10-02 20:42:41 [main] INFO  c.t.t.t.a.s.RoomPlayerServiceImpl - Instance RoomPlayerServiceImpl initialized. [InstanceId=6519275]
2026-10-02 20:42:41 [main] INFO  c.t.t.t.p.h.m.AuthorizedHttpMiddleware - Instance AuthorizedHttpMiddleware initialized. [InstanceId=692331943]
2026-10-02 20:42:41 [main] INFO  c.t.t.t.p.h.c.AuthController - Instance AuthController initialized. [InstanceId=1741979653]
2026-10-02 20:42:41 [main] INFO  c.t.t.t.p.s.m.AuthorizedSocketMiddleware - Instance AuthorizedSocketMiddleware initialized. [InstanceId=166794956]
2026-10-02 20:42:41 [main] INFO  c.t.t.t.p.s.c.ConnectionManager - Instance ConnectionManager initialized. [InstanceId=306612792]
2026-10-02 20:42:41 [main] INFO  c.t.t.t.p.socket.room.RoomManager - Instance RoomManager initialized. [InstanceId=447212746]
2026-10-02 20:42:41 [main] INFO  c.t.t.t.p.s.e.ExceptionSocketHandler - Instance ExceptionSocketHandler initialized. [InstanceId=1408974251]
2026-10-02 20:42:41 [main] INFO  c.t.t.t.p.s.e.h.GlobalMessageHandler - Instance GlobalMessageHandler initialized. [InstanceId=1898325501]
2026-10-02 20:42:41 [main] INFO  c.t.t.t.p.s.e.h.RoomsByStatusHandler - Instance RoomsByStatusHandler initialized. [InstanceId=1949298838]
2026-10-02 20:42:41 [main] INFO  c.t.t.t.p.s.e.h.CreateRoomHandler - Instance CreateRoomHandler initialized. [InstanceId=889891977]
2026-10-02 20:42:41 [main] INFO  c.t.t.t.p.s.e.h.MessageRoomHandler - Instance MessageRoomHandler initialized. [InstanceId=402249858]
2026-10-02 20:42:41 [WebSocketSelector-29] INFO  c.t.t.t.p.socket.SocketServer - WebSocketServer started successfully. [port=8081] [url=ws://localhost:8081]
2026-10-02 20:42:41 [main] INFO  org.eclipse.jetty.util.log - Logging initialized @1272ms to org.eclipse.jetty.util.log.Slf4jLog
2026-10-02 20:42:41 [main] INFO  io.javalin.Javalin - Starting Javalin ...
2026-10-02 20:42:41 [main] INFO  io.javalin.Javalin - You are running Javalin 4.6.8 (released May 4, 2023. Your Javalin version is 1247 days old. Consider checking for a newer version.).
2026-10-02 20:42:41 [main] INFO  io.javalin.Javalin - Listening on http://localhost:8080/
2026-10-02 20:42:41 [main] INFO  io.javalin.Javalin - Javalin started in 127ms \o/
2026-10-02 20:42:41 [main] INFO  c.t.t.t.presentation.http.HttpServer - Instance HttpServer initialized.
2026-10-02 20:42:41 [main] INFO  c.t.t.t.presentation.http.HttpServer - HttpServer started successfully. [port=8080] [url=http://localhost:8080]
2026-10-02 20:42:41 [main] INFO  com.tic.tac.toe.Application - Started Application
2026-10-02 20:42:46 [WebSocketWorker-17] INFO  c.t.t.t.p.s.c.ConnectionManager - A connection added on manager. [connectionId=372aa083-67af-4527-8258-10a7a93bc801] [userId=a9876944-0518-4057-ba2b-5171c3a8bea7]
2026-10-02 20:42:48 [WebSocketWorker-18] INFO  c.t.t.t.p.s.c.ConnectionManager - A connection added on manager. [connectionId=2cdd7128-0270-426a-998a-c5b61a0db494] [userId=64f51ab2-6a09-44f6-8606-bf4a0718d920]
2026-10-02 20:42:52 [WebSocketWorker-17] INFO  c.t.t.t.p.s.c.ConnectionManager - Getting connection by websocket
2026-10-02 20:42:52 [WebSocketWorker-17] INFO  c.t.t.t.p.s.c.ConnectionManager - Got connection by websocket. [connectionId=372aa083-67af-4527-8258-10a7a93bc801] [userId=a9876944-0518-4057-ba2b-5171c3a8bea7]
2026-10-02 20:42:52 [WebSocketWorker-17] INFO  c.t.t.t.p.s.c.ConnectionManager - Getting connection by userId. [userId=a9876944-0518-4057-ba2b-5171c3a8bea7]
2026-10-02 20:42:52 [WebSocketWorker-17] INFO  c.t.t.t.p.s.c.ConnectionManager - Got connection by userId. [connectionId=372aa083-67af-4527-8258-10a7a93bc801] [userId=a9876944-0518-4057-ba2b-5171c3a8bea7]
2026-10-02 20:42:53 [WebSocketWorker-17] INFO  c.t.t.t.p.s.c.ConnectionManager - Sending message on broadcast
2026-10-02 20:42:53 [WebSocketWorker-17] INFO  c.t.t.t.p.s.c.ConnectionManager - Send message to connection. [connectionId=372aa083-67af-4527-8258-10a7a93bc801] [userId=a9876944-0518-4057-ba2b-5171c3a8bea7]
2026-10-02 20:42:53 [WebSocketWorker-17] INFO  c.t.t.t.p.s.c.ConnectionManager - Send message to connection. [connectionId=2cdd7128-0270-426a-998a-c5b61a0db494] [userId=64f51ab2-6a09-44f6-8606-bf4a0718d920]
2026-10-02 20:42:59 [WebSocketSelector-29] INFO  c.t.t.t.p.s.c.ConnectionManager - Getting connection by websocket
2026-10-02 20:42:59 [WebSocketSelector-29] INFO  c.t.t.t.p.s.c.ConnectionManager - Got connection by websocket. [connectionId=372aa083-67af-4527-8258-10a7a93bc801] [userId=a9876944-0518-4057-ba2b-5171c3a8bea7]
2026-10-02 20:42:59 [WebSocketSelector-29] INFO  c.t.t.t.p.s.c.ConnectionManager - Connection removed successfully. [connectionId=372aa083-67af-4527-8258-10a7a93bc801] [userId=a9876944-0518-4057-ba2b-5171c3a8bea7]
2026-10-02 20:42:59 [WebSocketSelector-29] WARN  c.t.t.t.p.socket.SocketServer - Close connection. [connectionId=372aa083-67af-4527-8258-10a7a93bc801] [userId=a9876944-0518-4057-ba2b-5171c3a8bea7] [code=1000] [reason=Client initiated close]
2026-10-02 20:46:40 [main] INFO  c.t.t.t.i.config.Environment - Instance Environment initialized. [InstanceId=1394336709]
2026-10-02 20:46:40 [main] INFO  c.t.t.t.i.security.JwtService - Instance JwtService initialized. [InstanceId=1566502717]
2026-10-02 20:46:40 [main] INFO  c.t.t.t.i.persistence.jpa.JpaUtil - Instance JpaUtil initialized. [InstanceId=1045997582]
2026-10-02 20:46:40 [main] INFO  c.t.t.t.i.p.j.r.UserJpaRepository - Instance UserJpaRepository initialized. [InstanceId=1337335626]
2026-10-02 20:46:40 [main] INFO  c.t.t.t.i.p.j.r.RoomJpaRepository - Instance RoomJpaRepository initialized. [InstanceId=1336996537]
2026-10-02 20:46:40 [main] INFO  c.t.t.t.i.p.j.r.RoomPlayerJpaRepository - Instance RoomPlayerJpaRepository initialized. [InstanceId=7967307]
2026-10-02 20:46:40 [main] INFO  c.t.t.t.a.service.AuthServiceImpl - Instance AuthServiceImpl initialized. [InstanceId=2073707154]
2026-10-02 20:46:40 [main] INFO  c.t.t.t.a.service.UserServiceImpl - Instance UserServiceImpl initialized. [InstanceId=78204644]
2026-10-02 20:46:40 [main] INFO  c.t.t.t.a.service.RoomServiceImpl - Instance RoomServiceImpl initialized. [InstanceId=1287934450]
2026-10-02 20:46:40 [main] INFO  c.t.t.t.a.s.RoomPlayerServiceImpl - Instance RoomPlayerServiceImpl initialized. [InstanceId=6519275]
2026-10-02 20:46:40 [main] INFO  c.t.t.t.p.h.m.AuthorizedHttpMiddleware - Instance AuthorizedHttpMiddleware initialized. [InstanceId=692331943]
2026-10-02 20:46:40 [main] INFO  c.t.t.t.p.h.c.AuthController - Instance AuthController initialized. [InstanceId=1741979653]
2026-10-02 20:46:40 [main] INFO  c.t.t.t.p.s.m.AuthorizedSocketMiddleware - Instance AuthorizedSocketMiddleware initialized. [InstanceId=166794956]
2026-10-02 20:46:40 [main] INFO  c.t.t.t.p.s.c.ConnectionManager - Instance ConnectionManager initialized. [InstanceId=306612792]
2026-10-02 20:46:40 [main] INFO  c.t.t.t.p.socket.room.RoomManager - Instance RoomManager initialized. [InstanceId=447212746]
2026-10-02 20:46:41 [main] INFO  c.t.t.t.p.s.e.ExceptionSocketHandler - Instance ExceptionSocketHandler initialized. [InstanceId=1408974251]
2026-10-02 20:46:41 [main] INFO  c.t.t.t.p.s.e.h.GlobalMessageHandler - Instance GlobalMessageHandler initialized. [InstanceId=1898325501]
2026-10-02 20:46:41 [main] INFO  c.t.t.t.p.s.e.h.RoomsByStatusHandler - Instance RoomsByStatusHandler initialized. [InstanceId=1949298838]
2026-10-02 20:46:41 [main] INFO  c.t.t.t.p.s.e.h.CreateRoomHandler - Instance CreateRoomHandler initialized. [InstanceId=889891977]
2026-10-02 20:46:41 [main] INFO  c.t.t.t.p.s.e.h.MessageRoomHandler - Instance MessageRoomHandler initialized. [InstanceId=402249858]
2026-10-02 20:46:41 [WebSocketSelector-29] INFO  c.t.t.t.p.socket.SocketServer - WebSocketServer started successfully. [port=8081] [url=ws://localhost:8081]
2026-10-02 20:46:41 [main] INFO  org.eclipse.jetty.util.log - Logging initialized @961ms to org.eclipse.jetty.util.log.Slf4jLog
2026-10-02 20:46:41 [main] INFO  io.javalin.Javalin - Starting Javalin ...
2026-10-02 20:46:41 [main] INFO  io.javalin.Javalin - You are running Javalin 4.6.8 (released May 4, 2023. Your Javalin version is 1247 days old. Consider checking for a newer version.).
2026-10-02 20:46:41 [main] INFO  io.javalin.Javalin - Listening on http://localhost:8080/
2026-10-02 20:46:41 [main] INFO  io.javalin.Javalin - Javalin started in 126ms \o/
2026-10-02 20:46:41 [main] INFO  c.t.t.t.presentation.http.HttpServer - Instance HttpServer initialized.
2026-10-02 20:46:41 [main] INFO  c.t.t.t.presentation.http.HttpServer - HttpServer started successfully. [port=8080] [url=http://localhost:8080]
2026-10-02 20:46:41 [main] INFO  com.tic.tac.toe.Application - Started Application
2026-10-02 20:46:54 [WebSocketWorker-17] INFO  c.t.t.t.p.s.c.ConnectionManager - A connection added on manager. [connectionId=cae74687-4282-4e50-a63f-1094087d3a1a] [userId=a9876944-0518-4057-ba2b-5171c3a8bea7]
2026-10-02 20:46:56 [WebSocketWorker-18] INFO  c.t.t.t.p.s.c.ConnectionManager - A connection added on manager. [connectionId=55116960-390f-42d9-ac3c-e8d390bbe4f4] [userId=64f51ab2-6a09-44f6-8606-bf4a0718d920]
2026-10-02 20:47:00 [WebSocketWorker-17] INFO  c.t.t.t.p.s.c.ConnectionManager - Getting connection by websocket
2026-10-02 20:47:00 [WebSocketWorker-17] INFO  c.t.t.t.p.s.c.ConnectionManager - Got connection by websocket. [connectionId=cae74687-4282-4e50-a63f-1094087d3a1a] [userId=a9876944-0518-4057-ba2b-5171c3a8bea7]
2026-10-02 20:47:00 [WebSocketWorker-17] INFO  c.t.t.t.p.s.c.ConnectionManager - Sending message on broadcast
2026-10-02 20:47:00 [WebSocketWorker-17] INFO  c.t.t.t.p.s.c.ConnectionManager - Send message to connection. [connectionId=55116960-390f-42d9-ac3c-e8d390bbe4f4] [userId=64f51ab2-6a09-44f6-8606-bf4a0718d920]
2026-10-02 20:47:00 [WebSocketWorker-17] INFO  c.t.t.t.p.s.c.ConnectionManager - Send message to connection. [connectionId=cae74687-4282-4e50-a63f-1094087d3a1a] [userId=a9876944-0518-4057-ba2b-5171c3a8bea7]
2026-10-02 20:47:12 [WebSocketWorker-17] INFO  c.t.t.t.p.s.c.ConnectionManager - Getting connection by websocket
2026-10-02 20:47:12 [WebSocketWorker-17] INFO  c.t.t.t.p.s.c.ConnectionManager - Got connection by websocket. [connectionId=cae74687-4282-4e50-a63f-1094087d3a1a] [userId=a9876944-0518-4057-ba2b-5171c3a8bea7]
2026-10-02 20:47:12 [WebSocketWorker-17] INFO  c.t.t.t.p.s.c.ConnectionManager - Getting connection by userId. [userId=a9876944-0518-4057-ba2b-5171c3a8bea7]
2026-10-02 20:47:12 [WebSocketWorker-17] INFO  c.t.t.t.p.s.c.ConnectionManager - Got connection by userId. [connectionId=cae74687-4282-4e50-a63f-1094087d3a1a] [userId=a9876944-0518-4057-ba2b-5171c3a8bea7]
2026-10-02 20:47:12 [WebSocketWorker-17] INFO  c.t.t.t.i.p.j.r.RoomJpaRepository - Room saved successfully. [RoomId=d22d5993-cb8a-4aac-b6a0-626efc107329]
2026-10-02 20:47:12 [WebSocketWorker-17] INFO  c.t.t.t.a.service.RoomServiceImpl - Room created. [roomId=d22d5993-cb8a-4aac-b6a0-626efc107329] [ownerId=a9876944-0518-4057-ba2b-5171c3a8bea7]
2026-10-02 20:47:12 [WebSocketWorker-17] INFO  c.t.t.t.p.socket.room.RoomManager - Room created. [RoomId=d22d5993-cb8a-4aac-b6a0-626efc107329] [TotalRooms=1]
2026-10-02 20:47:12 [WebSocketWorker-17] INFO  c.t.t.t.p.socket.room.RoomManager - User joined room. [RoomId=d22d5993-cb8a-4aac-b6a0-626efc107329] [UserId=a9876944-0518-4057-ba2b-5171c3a8bea7] [TotalUsers=1]
2026-10-02 20:47:12 [WebSocketWorker-17] INFO  c.t.t.t.p.socket.room.RoomManager - Broadcast sent. [RoomId=d22d5993-cb8a-4aac-b6a0-626efc107329] [Recipients=1]
2026-10-02 20:47:12 [WebSocketWorker-17] INFO  c.t.t.t.p.s.c.ConnectionManager - Sending message on broadcast
2026-10-02 20:47:12 [WebSocketWorker-17] INFO  c.t.t.t.p.s.c.ConnectionManager - Send message to connection. [connectionId=55116960-390f-42d9-ac3c-e8d390bbe4f4] [userId=64f51ab2-6a09-44f6-8606-bf4a0718d920]
2026-10-02 20:47:12 [WebSocketWorker-17] INFO  c.t.t.t.p.s.c.ConnectionManager - Send message to connection. [connectionId=cae74687-4282-4e50-a63f-1094087d3a1a] [userId=a9876944-0518-4057-ba2b-5171c3a8bea7]
2026-10-02 20:47:12 [WebSocketWorker-17] INFO  c.t.t.t.p.s.e.h.CreateRoomHandler - Room created and owner joined. [roomId=d22d5993-cb8a-4aac-b6a0-626efc107329] [ownerId=a9876944-0518-4057-ba2b-5171c3a8bea7]
2026-10-02 20:47:32 [WebSocketWorker-18] INFO  c.t.t.t.p.s.c.ConnectionManager - Getting connection by websocket
2026-10-02 20:47:32 [WebSocketWorker-18] INFO  c.t.t.t.p.s.c.ConnectionManager - Got connection by websocket. [connectionId=55116960-390f-42d9-ac3c-e8d390bbe4f4] [userId=64f51ab2-6a09-44f6-8606-bf4a0718d920]
2026-10-02 20:47:32 [WebSocketWorker-18] INFO  c.t.t.t.p.s.c.ConnectionManager - Getting connection by userId. [userId=64f51ab2-6a09-44f6-8606-bf4a0718d920]
2026-10-02 20:47:32 [WebSocketWorker-18] INFO  c.t.t.t.p.s.c.ConnectionManager - Got connection by userId. [connectionId=55116960-390f-42d9-ac3c-e8d390bbe4f4] [userId=64f51ab2-6a09-44f6-8606-bf4a0718d920]
2026-10-02 20:47:32 [WebSocketWorker-18] INFO  c.t.t.t.i.p.j.r.RoomJpaRepository - Room saved successfully. [RoomId=b3bbb740-c6b6-435c-88bf-11de5fed5178]
2026-10-02 20:47:32 [WebSocketWorker-18] INFO  c.t.t.t.a.service.RoomServiceImpl - Room created. [roomId=b3bbb740-c6b6-435c-88bf-11de5fed5178] [ownerId=64f51ab2-6a09-44f6-8606-bf4a0718d920]
2026-10-02 20:47:32 [WebSocketWorker-18] INFO  c.t.t.t.p.socket.room.RoomManager - Room created. [RoomId=b3bbb740-c6b6-435c-88bf-11de5fed5178] [TotalRooms=2]
2026-10-02 20:47:32 [WebSocketWorker-18] INFO  c.t.t.t.p.socket.room.RoomManager - User joined room. [RoomId=b3bbb740-c6b6-435c-88bf-11de5fed5178] [UserId=64f51ab2-6a09-44f6-8606-bf4a0718d920] [TotalUsers=1]
2026-10-02 20:47:32 [WebSocketWorker-18] INFO  c.t.t.t.p.socket.room.RoomManager - Broadcast sent. [RoomId=b3bbb740-c6b6-435c-88bf-11de5fed5178] [Recipients=1]
2026-10-02 20:47:32 [WebSocketWorker-18] INFO  c.t.t.t.p.s.c.ConnectionManager - Sending message on broadcast
2026-10-02 20:47:32 [WebSocketWorker-18] INFO  c.t.t.t.p.s.c.ConnectionManager - Send message to connection. [connectionId=55116960-390f-42d9-ac3c-e8d390bbe4f4] [userId=64f51ab2-6a09-44f6-8606-bf4a0718d920]
2026-10-02 20:47:32 [WebSocketWorker-18] INFO  c.t.t.t.p.s.c.ConnectionManager - Send message to connection. [connectionId=cae74687-4282-4e50-a63f-1094087d3a1a] [userId=a9876944-0518-4057-ba2b-5171c3a8bea7]
2026-10-02 20:47:32 [WebSocketWorker-18] INFO  c.t.t.t.p.s.e.h.CreateRoomHandler - Room created and owner joined. [roomId=b3bbb740-c6b6-435c-88bf-11de5fed5178] [ownerId=64f51ab2-6a09-44f6-8606-bf4a0718d920]
2026-10-02 20:48:07 [WebSocketSelector-29] INFO  c.t.t.t.p.s.c.ConnectionManager - Getting connection by websocket
2026-10-02 20:48:07 [WebSocketSelector-29] INFO  c.t.t.t.p.s.c.ConnectionManager - Got connection by websocket. [connectionId=cae74687-4282-4e50-a63f-1094087d3a1a] [userId=a9876944-0518-4057-ba2b-5171c3a8bea7]
2026-10-02 20:48:07 [WebSocketSelector-29] INFO  c.t.t.t.p.s.c.ConnectionManager - Connection removed successfully. [connectionId=cae74687-4282-4e50-a63f-1094087d3a1a] [userId=a9876944-0518-4057-ba2b-5171c3a8bea7]
2026-10-02 20:48:07 [WebSocketSelector-29] INFO  c.t.t.t.p.socket.room.RoomManager - User left room. [RoomId=d22d5993-cb8a-4aac-b6a0-626efc107329] [UserId=a9876944-0518-4057-ba2b-5171c3a8bea7] [TotalUsers=0]
2026-10-02 20:48:07 [WebSocketSelector-29] WARN  c.t.t.t.p.socket.SocketServer - RoomPlayer already removed. [roomId=d22d5993-cb8a-4aac-b6a0-626efc107329] [userId=a9876944-0518-4057-ba2b-5171c3a8bea7]
2026-10-02 20:48:07 [WebSocketSelector-29] INFO  c.t.t.t.p.socket.room.RoomManager - Room removed by id. [RoomId=d22d5993-cb8a-4aac-b6a0-626efc107329] [TotalRooms=1]
2026-10-02 20:48:07 [WebSocketSelector-29] INFO  c.t.t.t.i.p.j.r.RoomJpaRepository - Room deleted successfully. [RoomId=d22d5993-cb8a-4aac-b6a0-626efc107329]
2026-10-02 20:48:07 [WebSocketSelector-29] INFO  c.t.t.t.a.service.RoomServiceImpl - Room deleted. [roomId=d22d5993-cb8a-4aac-b6a0-626efc107329]
2026-10-02 20:48:07 [WebSocketSelector-29] WARN  c.t.t.t.p.socket.SocketServer - Close connection. [connectionId=cae74687-4282-4e50-a63f-1094087d3a1a] [userId=a9876944-0518-4057-ba2b-5171c3a8bea7] [code=1000] [reason=Client initiated close]
2026-10-02 20:48:09 [WebSocketSelector-29] INFO  c.t.t.t.p.s.c.ConnectionManager - Getting connection by websocket
2026-10-02 20:48:09 [WebSocketSelector-29] INFO  c.t.t.t.p.s.c.ConnectionManager - Got connection by websocket. [connectionId=55116960-390f-42d9-ac3c-e8d390bbe4f4] [userId=64f51ab2-6a09-44f6-8606-bf4a0718d920]
2026-10-02 20:48:09 [WebSocketSelector-29] INFO  c.t.t.t.p.s.c.ConnectionManager - Connection removed successfully. [connectionId=55116960-390f-42d9-ac3c-e8d390bbe4f4] [userId=64f51ab2-6a09-44f6-8606-bf4a0718d920]
2026-10-02 20:48:09 [WebSocketSelector-29] INFO  c.t.t.t.p.socket.room.RoomManager - User left room. [RoomId=b3bbb740-c6b6-435c-88bf-11de5fed5178] [UserId=64f51ab2-6a09-44f6-8606-bf4a0718d920] [TotalUsers=0]
2026-10-02 20:48:09 [WebSocketSelector-29] WARN  c.t.t.t.p.socket.SocketServer - RoomPlayer already removed. [roomId=b3bbb740-c6b6-435c-88bf-11de5fed5178] [userId=64f51ab2-6a09-44f6-8606-bf4a0718d920]
2026-10-02 20:48:09 [WebSocketSelector-29] INFO  c.t.t.t.p.socket.room.RoomManager - Room removed by id. [RoomId=b3bbb740-c6b6-435c-88bf-11de5fed5178] [TotalRooms=0]
2026-10-02 20:48:09 [WebSocketSelector-29] INFO  c.t.t.t.i.p.j.r.RoomJpaRepository - Room deleted successfully. [RoomId=b3bbb740-c6b6-435c-88bf-11de5fed5178]
2026-10-02 20:48:09 [WebSocketSelector-29] INFO  c.t.t.t.a.service.RoomServiceImpl - Room deleted. [roomId=b3bbb740-c6b6-435c-88bf-11de5fed5178]
2026-10-02 20:48:09 [WebSocketSelector-29] WARN  c.t.t.t.p.socket.SocketServer - Close connection. [connectionId=55116960-390f-42d9-ac3c-e8d390bbe4f4] [userId=64f51ab2-6a09-44f6-8606-bf4a0718d920] [code=1000] [reason=Client initiated close]
2026-10-02 20:48:11 [WebSocketWorker-19] INFO  c.t.t.t.p.s.c.ConnectionManager - A connection added on manager. [connectionId=e57caf63-bf64-4583-b3e5-fe2ce81e9c91] [userId=a9876944-0518-4057-ba2b-5171c3a8bea7]
2026-10-02 20:48:16 [WebSocketWorker-19] INFO  c.t.t.t.p.s.c.ConnectionManager - Getting connection by websocket
2026-10-02 20:48:16 [WebSocketWorker-19] INFO  c.t.t.t.p.s.c.ConnectionManager - Got connection by websocket. [connectionId=e57caf63-bf64-4583-b3e5-fe2ce81e9c91] [userId=a9876944-0518-4057-ba2b-5171c3a8bea7]
2026-10-02 20:48:16 [WebSocketWorker-19] INFO  c.t.t.t.p.s.c.ConnectionManager - Sending message on broadcast
2026-10-02 20:48:16 [WebSocketWorker-19] INFO  c.t.t.t.p.s.c.ConnectionManager - Send message to connection. [connectionId=e57caf63-bf64-4583-b3e5-fe2ce81e9c91] [userId=a9876944-0518-4057-ba2b-5171c3a8bea7]
2026-10-02 20:48:21 [WebSocketSelector-29] INFO  c.t.t.t.p.s.c.ConnectionManager - Getting connection by websocket
2026-10-02 20:48:21 [WebSocketSelector-29] INFO  c.t.t.t.p.s.c.ConnectionManager - Got connection by websocket. [connectionId=e57caf63-bf64-4583-b3e5-fe2ce81e9c91] [userId=a9876944-0518-4057-ba2b-5171c3a8bea7]
2026-10-02 20:48:21 [WebSocketSelector-29] INFO  c.t.t.t.p.s.c.ConnectionManager - Connection removed successfully. [connectionId=e57caf63-bf64-4583-b3e5-fe2ce81e9c91] [userId=a9876944-0518-4057-ba2b-5171c3a8bea7]
2026-10-02 20:48:21 [WebSocketSelector-29] WARN  c.t.t.t.p.socket.SocketServer - Close connection. [connectionId=e57caf63-bf64-4583-b3e5-fe2ce81e9c91] [userId=a9876944-0518-4057-ba2b-5171c3a8bea7] [code=1000] [reason=Client initiated close]
2026-10-02 20:53:25 [main] INFO  c.t.t.t.i.config.Environment - Instance Environment initialized. [InstanceId=1394336709]
2026-10-02 20:53:25 [main] INFO  c.t.t.t.i.security.JwtService - Instance JwtService initialized. [InstanceId=1566502717]
2026-10-02 20:53:25 [main] INFO  c.t.t.t.i.persistence.jpa.JpaUtil - Instance JpaUtil initialized. [InstanceId=1045997582]
2026-10-02 20:53:25 [main] INFO  c.t.t.t.i.p.j.r.UserJpaRepository - Instance UserJpaRepository initialized. [InstanceId=1337335626]
2026-10-02 20:53:25 [main] INFO  c.t.t.t.i.p.j.r.RoomJpaRepository - Instance RoomJpaRepository initialized. [InstanceId=1336996537]
2026-10-02 20:53:25 [main] INFO  c.t.t.t.i.p.j.r.RoomPlayerJpaRepository - Instance RoomPlayerJpaRepository initialized. [InstanceId=7967307]
2026-10-02 20:53:25 [main] INFO  c.t.t.t.a.service.AuthServiceImpl - Instance AuthServiceImpl initialized. [InstanceId=2073707154]
2026-10-02 20:53:25 [main] INFO  c.t.t.t.a.service.UserServiceImpl - Instance UserServiceImpl initialized. [InstanceId=78204644]
2026-10-02 20:53:25 [main] INFO  c.t.t.t.a.service.RoomServiceImpl - Instance RoomServiceImpl initialized. [InstanceId=1287934450]
2026-10-02 20:53:25 [main] INFO  c.t.t.t.a.s.RoomPlayerServiceImpl - Instance RoomPlayerServiceImpl initialized. [InstanceId=6519275]
2026-10-02 20:53:25 [main] INFO  c.t.t.t.p.h.m.AuthorizedHttpMiddleware - Instance AuthorizedHttpMiddleware initialized. [InstanceId=692331943]
2026-10-02 20:53:25 [main] INFO  c.t.t.t.p.h.c.AuthController - Instance AuthController initialized. [InstanceId=1741979653]
2026-10-02 20:53:25 [main] INFO  c.t.t.t.p.s.m.AuthorizedSocketMiddleware - Instance AuthorizedSocketMiddleware initialized. [InstanceId=166794956]
2026-10-02 20:53:25 [main] INFO  c.t.t.t.p.s.c.ConnectionManager - Instance ConnectionManager initialized. [InstanceId=306612792]
2026-10-02 20:53:25 [main] INFO  c.t.t.t.p.socket.room.RoomManager - Instance RoomManager initialized. [InstanceId=447212746]
2026-10-02 20:53:26 [main] INFO  c.t.t.t.p.s.e.ExceptionSocketHandler - Instance ExceptionSocketHandler initialized. [InstanceId=1408974251]
2026-10-02 20:53:26 [main] INFO  c.t.t.t.p.s.e.h.GlobalMessageHandler - Instance GlobalMessageHandler initialized. [InstanceId=1898325501]
2026-10-02 20:53:26 [main] INFO  c.t.t.t.p.s.e.h.RoomsByStatusHandler - Instance RoomsByStatusHandler initialized. [InstanceId=1949298838]
2026-10-02 20:53:26 [main] INFO  c.t.t.t.p.s.e.h.CreateRoomHandler - Instance CreateRoomHandler initialized. [InstanceId=889891977]
2026-10-02 20:53:26 [main] INFO  c.t.t.t.p.s.e.h.MessageRoomHandler - Instance MessageRoomHandler initialized. [InstanceId=402249858]
2026-10-02 20:53:26 [WebSocketSelector-29] INFO  c.t.t.t.p.socket.SocketServer - WebSocketServer started successfully. [port=8081] [url=ws://localhost:8081]
2026-10-02 20:53:26 [main] INFO  org.eclipse.jetty.util.log - Logging initialized @976ms to org.eclipse.jetty.util.log.Slf4jLog
2026-10-02 20:53:26 [main] INFO  io.javalin.Javalin - Starting Javalin ...
2026-10-02 20:53:26 [main] INFO  io.javalin.Javalin - You are running Javalin 4.6.8 (released May 4, 2023. Your Javalin version is 1247 days old. Consider checking for a newer version.).
2026-10-02 20:53:26 [main] INFO  io.javalin.Javalin - Listening on http://localhost:8080/
2026-10-02 20:53:26 [main] INFO  io.javalin.Javalin - Javalin started in 129ms \o/
2026-10-02 20:53:26 [main] INFO  c.t.t.t.presentation.http.HttpServer - Instance HttpServer initialized.
2026-10-02 20:53:26 [main] INFO  c.t.t.t.presentation.http.HttpServer - HttpServer started successfully. [port=8080] [url=http://localhost:8080]
2026-10-02 20:53:26 [main] INFO  com.tic.tac.toe.Application - Started Application
2026-10-02 20:53:40 [WebSocketWorker-17] INFO  c.t.t.t.p.s.c.ConnectionManager - A connection added on manager. [connectionId=2f377211-cd7f-4b6b-9ce1-256bee7f915d] [userId=a9876944-0518-4057-ba2b-5171c3a8bea7]
2026-10-02 20:53:43 [WebSocketWorker-18] INFO  c.t.t.t.p.s.c.ConnectionManager - A connection added on manager. [connectionId=9fa2513a-ba26-498b-aa25-6d6e8a1fccd5] [userId=64f51ab2-6a09-44f6-8606-bf4a0718d920]
2026-10-02 20:53:49 [WebSocketWorker-17] INFO  c.t.t.t.p.s.c.ConnectionManager - Getting connection by websocket
2026-10-02 20:53:49 [WebSocketWorker-17] INFO  c.t.t.t.p.s.c.ConnectionManager - Got connection by websocket. [connectionId=2f377211-cd7f-4b6b-9ce1-256bee7f915d] [userId=a9876944-0518-4057-ba2b-5171c3a8bea7]
2026-10-02 20:53:49 [WebSocketWorker-17] INFO  c.t.t.t.p.s.c.ConnectionManager - Getting connection by userId. [userId=a9876944-0518-4057-ba2b-5171c3a8bea7]
2026-10-02 20:53:49 [WebSocketWorker-17] INFO  c.t.t.t.p.s.c.ConnectionManager - Got connection by userId. [connectionId=2f377211-cd7f-4b6b-9ce1-256bee7f915d] [userId=a9876944-0518-4057-ba2b-5171c3a8bea7]
2026-10-02 20:53:49 [WebSocketWorker-17] INFO  c.t.t.t.i.p.j.r.RoomJpaRepository - Room saved successfully. [RoomId=0c03733c-776b-4ff6-9571-d8e438c436aa]
2026-10-02 20:53:49 [WebSocketWorker-17] INFO  c.t.t.t.a.service.RoomServiceImpl - Room created. [roomId=0c03733c-776b-4ff6-9571-d8e438c436aa] [ownerId=a9876944-0518-4057-ba2b-5171c3a8bea7]
2026-10-02 20:53:49 [WebSocketWorker-17] INFO  c.t.t.t.p.socket.room.RoomManager - Room created. [RoomId=0c03733c-776b-4ff6-9571-d8e438c436aa] [TotalRooms=1]
2026-10-02 20:53:49 [WebSocketWorker-17] INFO  c.t.t.t.p.socket.room.RoomManager - User joined room. [RoomId=0c03733c-776b-4ff6-9571-d8e438c436aa] [UserId=a9876944-0518-4057-ba2b-5171c3a8bea7] [TotalUsers=1]
2026-10-02 20:53:49 [WebSocketWorker-17] INFO  c.t.t.t.p.socket.room.RoomManager - Broadcast sent. [RoomId=0c03733c-776b-4ff6-9571-d8e438c436aa] [Recipients=1]
2026-10-02 20:53:50 [WebSocketWorker-17] INFO  c.t.t.t.p.s.c.ConnectionManager - Sending message on broadcast
2026-10-02 20:53:50 [WebSocketWorker-17] INFO  c.t.t.t.p.s.c.ConnectionManager - Send message to connection. [connectionId=9fa2513a-ba26-498b-aa25-6d6e8a1fccd5] [userId=64f51ab2-6a09-44f6-8606-bf4a0718d920]
2026-10-02 20:53:50 [WebSocketWorker-17] INFO  c.t.t.t.p.s.c.ConnectionManager - Send message to connection. [connectionId=2f377211-cd7f-4b6b-9ce1-256bee7f915d] [userId=a9876944-0518-4057-ba2b-5171c3a8bea7]
2026-10-02 20:53:50 [WebSocketWorker-17] INFO  c.t.t.t.p.s.e.h.CreateRoomHandler - Room created and owner joined. [roomId=0c03733c-776b-4ff6-9571-d8e438c436aa] [ownerId=a9876944-0518-4057-ba2b-5171c3a8bea7]
2026-10-02 20:54:01 [WebSocketSelector-29] INFO  c.t.t.t.p.s.c.ConnectionManager - Getting connection by websocket
2026-10-02 20:54:01 [WebSocketSelector-29] INFO  c.t.t.t.p.s.c.ConnectionManager - Got connection by websocket. [connectionId=2f377211-cd7f-4b6b-9ce1-256bee7f915d] [userId=a9876944-0518-4057-ba2b-5171c3a8bea7]
2026-10-02 20:54:01 [WebSocketSelector-29] INFO  c.t.t.t.p.s.c.ConnectionManager - Connection removed successfully. [connectionId=2f377211-cd7f-4b6b-9ce1-256bee7f915d] [userId=a9876944-0518-4057-ba2b-5171c3a8bea7]
2026-10-02 20:54:01 [WebSocketSelector-29] INFO  c.t.t.t.p.socket.room.RoomManager - User left room. [RoomId=0c03733c-776b-4ff6-9571-d8e438c436aa] [UserId=a9876944-0518-4057-ba2b-5171c3a8bea7] [TotalUsers=0]
2026-10-02 20:54:01 [WebSocketSelector-29] WARN  c.t.t.t.p.socket.SocketServer - RoomPlayer already removed. [roomId=0c03733c-776b-4ff6-9571-d8e438c436aa] [userId=a9876944-0518-4057-ba2b-5171c3a8bea7]
2026-10-02 20:54:01 [WebSocketSelector-29] INFO  c.t.t.t.p.socket.room.RoomManager - Room removed by id. [RoomId=0c03733c-776b-4ff6-9571-d8e438c436aa] [TotalRooms=0]
2026-10-02 20:54:01 [WebSocketSelector-29] INFO  c.t.t.t.i.p.j.r.RoomJpaRepository - Room deleted successfully. [RoomId=0c03733c-776b-4ff6-9571-d8e438c436aa]
2026-10-02 20:54:01 [WebSocketSelector-29] INFO  c.t.t.t.a.service.RoomServiceImpl - Room deleted. [roomId=0c03733c-776b-4ff6-9571-d8e438c436aa]
2026-10-02 20:54:01 [WebSocketSelector-29] WARN  c.t.t.t.p.socket.SocketServer - Close connection. [connectionId=2f377211-cd7f-4b6b-9ce1-256bee7f915d] [userId=a9876944-0518-4057-ba2b-5171c3a8bea7] [code=1000] [reason=Client initiated close]
2026-10-02 20:54:03 [WebSocketSelector-29] INFO  c.t.t.t.p.s.c.ConnectionManager - Getting connection by websocket
2026-10-02 20:54:03 [WebSocketSelector-29] INFO  c.t.t.t.p.s.c.ConnectionManager - Got connection by websocket. [connectionId=9fa2513a-ba26-498b-aa25-6d6e8a1fccd5] [userId=64f51ab2-6a09-44f6-8606-bf4a0718d920]
2026-10-02 20:54:03 [WebSocketSelector-29] INFO  c.t.t.t.p.s.c.ConnectionManager - Connection removed successfully. [connectionId=9fa2513a-ba26-498b-aa25-6d6e8a1fccd5] [userId=64f51ab2-6a09-44f6-8606-bf4a0718d920]
2026-10-02 20:54:03 [WebSocketSelector-29] WARN  c.t.t.t.p.socket.SocketServer - Close connection. [connectionId=9fa2513a-ba26-498b-aa25-6d6e8a1fccd5] [userId=64f51ab2-6a09-44f6-8606-bf4a0718d920] [code=1000] [reason=Client initiated close]
2026-10-02 20:54:10 [main] INFO  c.t.t.t.i.config.Environment - Instance Environment initialized. [InstanceId=1394336709]
2026-10-02 20:54:10 [main] INFO  c.t.t.t.i.security.JwtService - Instance JwtService initialized. [InstanceId=1566502717]
2026-10-02 20:54:11 [main] INFO  c.t.t.t.i.persistence.jpa.JpaUtil - Instance JpaUtil initialized. [InstanceId=1045997582]
2026-10-02 20:54:11 [main] INFO  c.t.t.t.i.p.j.r.UserJpaRepository - Instance UserJpaRepository initialized. [InstanceId=1337335626]
2026-10-02 20:54:11 [main] INFO  c.t.t.t.i.p.j.r.RoomJpaRepository - Instance RoomJpaRepository initialized. [InstanceId=1336996537]
2026-10-02 20:54:11 [main] INFO  c.t.t.t.i.p.j.r.RoomPlayerJpaRepository - Instance RoomPlayerJpaRepository initialized. [InstanceId=7967307]
2026-10-02 20:54:11 [main] INFO  c.t.t.t.a.service.AuthServiceImpl - Instance AuthServiceImpl initialized. [InstanceId=2073707154]
2026-10-02 20:54:11 [main] INFO  c.t.t.t.a.service.UserServiceImpl - Instance UserServiceImpl initialized. [InstanceId=78204644]
2026-10-02 20:54:11 [main] INFO  c.t.t.t.a.service.RoomServiceImpl - Instance RoomServiceImpl initialized. [InstanceId=1287934450]
2026-10-02 20:54:11 [main] INFO  c.t.t.t.a.s.RoomPlayerServiceImpl - Instance RoomPlayerServiceImpl initialized. [InstanceId=6519275]
2026-10-02 20:54:11 [main] INFO  c.t.t.t.p.h.m.AuthorizedHttpMiddleware - Instance AuthorizedHttpMiddleware initialized. [InstanceId=692331943]
2026-10-02 20:54:11 [main] INFO  c.t.t.t.p.h.c.AuthController - Instance AuthController initialized. [InstanceId=1741979653]
2026-10-02 20:54:11 [main] INFO  c.t.t.t.p.s.m.AuthorizedSocketMiddleware - Instance AuthorizedSocketMiddleware initialized. [InstanceId=166794956]
2026-10-02 20:54:11 [main] INFO  c.t.t.t.p.s.c.ConnectionManager - Instance ConnectionManager initialized. [InstanceId=306612792]
2026-10-02 20:54:11 [main] INFO  c.t.t.t.p.socket.room.RoomManager - Instance RoomManager initialized. [InstanceId=447212746]
2026-10-02 20:54:11 [main] INFO  c.t.t.t.p.s.e.ExceptionSocketHandler - Instance ExceptionSocketHandler initialized. [InstanceId=1408974251]
2026-10-02 20:54:11 [main] INFO  c.t.t.t.p.s.e.h.GlobalMessageHandler - Instance GlobalMessageHandler initialized. [InstanceId=1898325501]
2026-10-02 20:54:11 [main] INFO  c.t.t.t.p.s.e.h.RoomsByStatusHandler - Instance RoomsByStatusHandler initialized. [InstanceId=1949298838]
2026-10-02 20:54:11 [main] INFO  c.t.t.t.p.s.e.h.CreateRoomHandler - Instance CreateRoomHandler initialized. [InstanceId=889891977]
2026-10-02 20:54:11 [main] INFO  c.t.t.t.p.s.e.h.MessageRoomHandler - Instance MessageRoomHandler initialized. [InstanceId=402249858]
2026-10-02 20:54:11 [WebSocketSelector-29] INFO  c.t.t.t.p.socket.SocketServer - WebSocketServer started successfully. [port=8081] [url=ws://localhost:8081]
2026-10-02 20:54:11 [main] INFO  org.eclipse.jetty.util.log - Logging initialized @950ms to org.eclipse.jetty.util.log.Slf4jLog
2026-10-02 20:54:11 [main] INFO  io.javalin.Javalin - Starting Javalin ...
2026-10-02 20:54:11 [main] INFO  io.javalin.Javalin - You are running Javalin 4.6.8 (released May 4, 2023. Your Javalin version is 1247 days old. Consider checking for a newer version.).
2026-10-02 20:54:11 [main] INFO  io.javalin.Javalin - Listening on http://localhost:8080/
2026-10-02 20:54:11 [main] INFO  io.javalin.Javalin - Javalin started in 131ms \o/
2026-10-02 20:54:11 [main] INFO  c.t.t.t.presentation.http.HttpServer - Instance HttpServer initialized.
2026-10-02 20:54:11 [main] INFO  c.t.t.t.presentation.http.HttpServer - HttpServer started successfully. [port=8080] [url=http://localhost:8080]
2026-10-02 20:54:11 [main] INFO  com.tic.tac.toe.Application - Started Application
2026-10-02 20:54:15 [WebSocketWorker-17] INFO  c.t.t.t.p.s.c.ConnectionManager - A connection added on manager. [connectionId=6922774d-4857-43a6-8f7a-2f4c35ae5ceb] [userId=a9876944-0518-4057-ba2b-5171c3a8bea7]
2026-10-02 20:54:17 [WebSocketWorker-18] INFO  c.t.t.t.p.s.c.ConnectionManager - A connection added on manager. [connectionId=422da2a4-32f5-4192-95b4-3c713ecf79a0] [userId=64f51ab2-6a09-44f6-8606-bf4a0718d920]
2026-10-02 20:54:24 [WebSocketWorker-17] INFO  c.t.t.t.p.s.c.ConnectionManager - Getting connection by websocket
2026-10-02 20:54:24 [WebSocketWorker-17] INFO  c.t.t.t.p.s.c.ConnectionManager - Got connection by websocket. [connectionId=6922774d-4857-43a6-8f7a-2f4c35ae5ceb] [userId=a9876944-0518-4057-ba2b-5171c3a8bea7]
2026-10-02 20:54:24 [WebSocketWorker-17] INFO  c.t.t.t.p.s.c.ConnectionManager - Getting connection by userId. [userId=a9876944-0518-4057-ba2b-5171c3a8bea7]
2026-10-02 20:54:24 [WebSocketWorker-17] INFO  c.t.t.t.p.s.c.ConnectionManager - Got connection by userId. [connectionId=6922774d-4857-43a6-8f7a-2f4c35ae5ceb] [userId=a9876944-0518-4057-ba2b-5171c3a8bea7]
2026-10-02 20:54:24 [WebSocketWorker-17] INFO  c.t.t.t.i.p.j.r.RoomJpaRepository - Room saved successfully. [RoomId=b8604709-65e0-4778-825a-a15d59bb31cb]
2026-10-02 20:54:24 [WebSocketWorker-17] INFO  c.t.t.t.a.service.RoomServiceImpl - Room created. [roomId=b8604709-65e0-4778-825a-a15d59bb31cb] [ownerId=a9876944-0518-4057-ba2b-5171c3a8bea7]
2026-10-02 20:54:24 [WebSocketWorker-17] INFO  c.t.t.t.p.socket.room.RoomManager - Room created. [RoomId=b8604709-65e0-4778-825a-a15d59bb31cb] [TotalRooms=1]
2026-10-02 20:54:24 [WebSocketWorker-17] INFO  c.t.t.t.p.socket.room.RoomManager - User joined room. [RoomId=b8604709-65e0-4778-825a-a15d59bb31cb] [UserId=a9876944-0518-4057-ba2b-5171c3a8bea7] [TotalUsers=1]
2026-10-02 20:54:24 [WebSocketWorker-17] INFO  c.t.t.t.p.socket.room.RoomManager - Broadcast sent. [RoomId=b8604709-65e0-4778-825a-a15d59bb31cb] [Recipients=1]
2026-10-02 20:54:24 [WebSocketWorker-17] INFO  c.t.t.t.p.s.c.ConnectionManager - Sending message on broadcast
2026-10-02 20:54:24 [WebSocketWorker-17] INFO  c.t.t.t.p.s.c.ConnectionManager - Send message to connection. [connectionId=422da2a4-32f5-4192-95b4-3c713ecf79a0] [userId=64f51ab2-6a09-44f6-8606-bf4a0718d920]
2026-10-02 20:54:24 [WebSocketWorker-17] INFO  c.t.t.t.p.s.c.ConnectionManager - Send message to connection. [connectionId=6922774d-4857-43a6-8f7a-2f4c35ae5ceb] [userId=a9876944-0518-4057-ba2b-5171c3a8bea7]
2026-10-02 20:54:24 [WebSocketWorker-17] INFO  c.t.t.t.p.s.e.h.CreateRoomHandler - Room created and owner joined. [roomId=b8604709-65e0-4778-825a-a15d59bb31cb] [ownerId=a9876944-0518-4057-ba2b-5171c3a8bea7]
2026-10-02 20:54:35 [WebSocketSelector-29] INFO  c.t.t.t.p.s.c.ConnectionManager - Getting connection by websocket
2026-10-02 20:54:35 [WebSocketSelector-29] INFO  c.t.t.t.p.s.c.ConnectionManager - Got connection by websocket. [connectionId=422da2a4-32f5-4192-95b4-3c713ecf79a0] [userId=64f51ab2-6a09-44f6-8606-bf4a0718d920]
2026-10-02 20:54:35 [WebSocketSelector-29] INFO  c.t.t.t.p.s.c.ConnectionManager - Connection removed successfully. [connectionId=422da2a4-32f5-4192-95b4-3c713ecf79a0] [userId=64f51ab2-6a09-44f6-8606-bf4a0718d920]
2026-10-02 20:54:35 [WebSocketSelector-29] WARN  c.t.t.t.p.socket.SocketServer - Close connection. [connectionId=422da2a4-32f5-4192-95b4-3c713ecf79a0] [userId=64f51ab2-6a09-44f6-8606-bf4a0718d920] [code=1000] [reason=Client initiated close]
2026-10-02 20:54:37 [WebSocketSelector-29] INFO  c.t.t.t.p.s.c.ConnectionManager - Getting connection by websocket
2026-10-02 20:54:37 [WebSocketSelector-29] INFO  c.t.t.t.p.s.c.ConnectionManager - Got connection by websocket. [connectionId=6922774d-4857-43a6-8f7a-2f4c35ae5ceb] [userId=a9876944-0518-4057-ba2b-5171c3a8bea7]
2026-10-02 20:54:37 [WebSocketSelector-29] INFO  c.t.t.t.p.s.c.ConnectionManager - Connection removed successfully. [connectionId=6922774d-4857-43a6-8f7a-2f4c35ae5ceb] [userId=a9876944-0518-4057-ba2b-5171c3a8bea7]
2026-10-02 20:54:37 [WebSocketSelector-29] INFO  c.t.t.t.p.socket.room.RoomManager - User left room. [RoomId=b8604709-65e0-4778-825a-a15d59bb31cb] [UserId=a9876944-0518-4057-ba2b-5171c3a8bea7] [TotalUsers=0]
2026-10-02 20:54:37 [WebSocketSelector-29] WARN  c.t.t.t.p.socket.SocketServer - RoomPlayer already removed. [roomId=b8604709-65e0-4778-825a-a15d59bb31cb] [userId=a9876944-0518-4057-ba2b-5171c3a8bea7]
2026-10-02 20:54:37 [WebSocketSelector-29] INFO  c.t.t.t.p.socket.room.RoomManager - Room removed by id. [RoomId=b8604709-65e0-4778-825a-a15d59bb31cb] [TotalRooms=0]
2026-10-02 20:54:37 [WebSocketSelector-29] INFO  c.t.t.t.i.p.j.r.RoomJpaRepository - Room deleted successfully. [RoomId=b8604709-65e0-4778-825a-a15d59bb31cb]
2026-10-02 20:54:37 [WebSocketSelector-29] INFO  c.t.t.t.a.service.RoomServiceImpl - Room deleted. [roomId=b8604709-65e0-4778-825a-a15d59bb31cb]
2026-10-02 20:54:37 [WebSocketSelector-29] WARN  c.t.t.t.p.socket.SocketServer - Close connection. [connectionId=6922774d-4857-43a6-8f7a-2f4c35ae5ceb] [userId=a9876944-0518-4057-ba2b-5171c3a8bea7] [code=1000] [reason=Client initiated close]
2026-10-02 20:55:57 [main] INFO  c.t.t.t.i.config.Environment - Instance Environment initialized. [InstanceId=1394336709]
2026-10-02 20:55:57 [main] INFO  c.t.t.t.i.security.JwtService - Instance JwtService initialized. [InstanceId=1566502717]
2026-10-02 20:55:57 [main] INFO  c.t.t.t.i.persistence.jpa.JpaUtil - Instance JpaUtil initialized. [InstanceId=1045997582]
2026-10-02 20:55:57 [main] INFO  c.t.t.t.i.p.j.r.UserJpaRepository - Instance UserJpaRepository initialized. [InstanceId=1337335626]
2026-10-02 20:55:57 [main] INFO  c.t.t.t.i.p.j.r.RoomJpaRepository - Instance RoomJpaRepository initialized. [InstanceId=1336996537]
2026-10-02 20:55:57 [main] INFO  c.t.t.t.i.p.j.r.RoomPlayerJpaRepository - Instance RoomPlayerJpaRepository initialized. [InstanceId=7967307]
2026-10-02 20:55:57 [main] INFO  c.t.t.t.a.service.AuthServiceImpl - Instance AuthServiceImpl initialized. [InstanceId=2073707154]
2026-10-02 20:55:57 [main] INFO  c.t.t.t.a.service.UserServiceImpl - Instance UserServiceImpl initialized. [InstanceId=78204644]
2026-10-02 20:55:57 [main] INFO  c.t.t.t.a.service.RoomServiceImpl - Instance RoomServiceImpl initialized. [InstanceId=1287934450]
2026-10-02 20:55:57 [main] INFO  c.t.t.t.a.s.RoomPlayerServiceImpl - Instance RoomPlayerServiceImpl initialized. [InstanceId=6519275]
2026-10-02 20:55:57 [main] INFO  c.t.t.t.p.h.m.AuthorizedHttpMiddleware - Instance AuthorizedHttpMiddleware initialized. [InstanceId=692331943]
2026-10-02 20:55:57 [main] INFO  c.t.t.t.p.h.c.AuthController - Instance AuthController initialized. [InstanceId=1741979653]
2026-10-02 20:55:57 [main] INFO  c.t.t.t.p.s.m.AuthorizedSocketMiddleware - Instance AuthorizedSocketMiddleware initialized. [InstanceId=166794956]
2026-10-02 20:55:57 [main] INFO  c.t.t.t.p.s.c.ConnectionManager - Instance ConnectionManager initialized. [InstanceId=306612792]
2026-10-02 20:55:57 [main] INFO  c.t.t.t.p.socket.room.RoomManager - Instance RoomManager initialized. [InstanceId=447212746]
2026-10-02 20:55:58 [main] INFO  c.t.t.t.p.s.e.ExceptionSocketHandler - Instance ExceptionSocketHandler initialized. [InstanceId=1408974251]
2026-10-02 20:55:58 [main] INFO  c.t.t.t.p.s.e.h.GlobalMessageHandler - Instance GlobalMessageHandler initialized. [InstanceId=1898325501]
2026-10-02 20:55:58 [main] INFO  c.t.t.t.p.s.e.h.RoomsByStatusHandler - Instance RoomsByStatusHandler initialized. [InstanceId=1949298838]
2026-10-02 20:55:58 [main] INFO  c.t.t.t.p.s.e.h.CreateRoomHandler - Instance CreateRoomHandler initialized. [InstanceId=889891977]
2026-10-02 20:55:58 [main] INFO  c.t.t.t.p.s.e.h.MessageRoomHandler - Instance MessageRoomHandler initialized. [InstanceId=402249858]
2026-10-02 20:55:58 [WebSocketSelector-29] INFO  c.t.t.t.p.socket.SocketServer - WebSocketServer started successfully. [port=8081] [url=ws://localhost:8081]
2026-10-02 20:55:58 [main] INFO  org.eclipse.jetty.util.log - Logging initialized @915ms to org.eclipse.jetty.util.log.Slf4jLog
2026-10-02 20:55:58 [main] INFO  io.javalin.Javalin - Starting Javalin ...
2026-10-02 20:55:58 [main] INFO  io.javalin.Javalin - You are running Javalin 4.6.8 (released May 4, 2023. Your Javalin version is 1247 days old. Consider checking for a newer version.).
2026-10-02 20:55:58 [main] INFO  io.javalin.Javalin - Listening on http://localhost:8080/
2026-10-02 20:55:58 [main] INFO  io.javalin.Javalin - Javalin started in 135ms \o/
2026-10-02 20:55:58 [main] INFO  c.t.t.t.presentation.http.HttpServer - Instance HttpServer initialized.
2026-10-02 20:55:58 [main] INFO  c.t.t.t.presentation.http.HttpServer - HttpServer started successfully. [port=8080] [url=http://localhost:8080]
2026-10-02 20:55:58 [main] INFO  com.tic.tac.toe.Application - Started Application
2026-10-02 20:56:01 [WebSocketWorker-17] INFO  c.t.t.t.p.s.c.ConnectionManager - A connection added on manager. [connectionId=a5fef50d-f95d-4a9b-91af-648206ee5843] [userId=a9876944-0518-4057-ba2b-5171c3a8bea7]
2026-10-02 20:56:03 [WebSocketWorker-18] INFO  c.t.t.t.p.s.c.ConnectionManager - A connection added on manager. [connectionId=7a564bf6-48c1-434f-bc41-10500b3881b9] [userId=64f51ab2-6a09-44f6-8606-bf4a0718d920]
2026-10-02 20:56:07 [WebSocketWorker-17] INFO  c.t.t.t.p.s.c.ConnectionManager - Getting connection by websocket
2026-10-02 20:56:07 [WebSocketWorker-17] INFO  c.t.t.t.p.s.c.ConnectionManager - Got connection by websocket. [connectionId=a5fef50d-f95d-4a9b-91af-648206ee5843] [userId=a9876944-0518-4057-ba2b-5171c3a8bea7]
2026-10-02 20:56:07 [WebSocketWorker-17] INFO  c.t.t.t.p.s.c.ConnectionManager - Getting connection by userId. [userId=a9876944-0518-4057-ba2b-5171c3a8bea7]
2026-10-02 20:56:07 [WebSocketWorker-17] INFO  c.t.t.t.p.s.c.ConnectionManager - Got connection by userId. [connectionId=a5fef50d-f95d-4a9b-91af-648206ee5843] [userId=a9876944-0518-4057-ba2b-5171c3a8bea7]
2026-10-02 20:56:08 [WebSocketWorker-17] INFO  c.t.t.t.i.p.j.r.RoomJpaRepository - Room saved successfully. [RoomId=4f4d9738-6d82-4f0c-95a5-a268c1885353]
2026-10-02 20:56:08 [WebSocketWorker-17] INFO  c.t.t.t.a.service.RoomServiceImpl - Room created. [roomId=4f4d9738-6d82-4f0c-95a5-a268c1885353] [ownerId=a9876944-0518-4057-ba2b-5171c3a8bea7]
2026-10-02 20:56:08 [WebSocketWorker-17] INFO  c.t.t.t.p.socket.room.RoomManager - Room created. [RoomId=4f4d9738-6d82-4f0c-95a5-a268c1885353] [TotalRooms=1]
2026-10-02 20:56:08 [WebSocketWorker-17] INFO  c.t.t.t.p.socket.room.RoomManager - User joined room. [RoomId=4f4d9738-6d82-4f0c-95a5-a268c1885353] [UserId=a9876944-0518-4057-ba2b-5171c3a8bea7] [TotalUsers=1]
2026-10-02 20:56:08 [WebSocketWorker-17] INFO  c.t.t.t.p.socket.room.RoomManager - Broadcast sent. [RoomId=4f4d9738-6d82-4f0c-95a5-a268c1885353] [Recipients=1]
2026-10-02 20:56:08 [WebSocketWorker-17] ERROR c.t.t.t.i.p.j.r.RoomJpaRepository - Error finding rooms by status=WAITING. [error=Cannot refresh unmanaged object: [com.tic.tac.toe.domain.entity.Room@76e2290f].]
2026-10-02 20:56:08 [WebSocketWorker-17] ERROR c.t.t.t.p.s.e.h.CreateRoomHandler - Error setting up room in memory, rolling back. [roomId=4f4d9738-6d82-4f0c-95a5-a268c1885353] [error=Error finding all rooms by status]
2026-10-02 20:56:08 [WebSocketWorker-17] INFO  c.t.t.t.p.socket.room.RoomManager - User left room. [RoomId=4f4d9738-6d82-4f0c-95a5-a268c1885353] [UserId=a9876944-0518-4057-ba2b-5171c3a8bea7] [TotalUsers=0]
2026-10-02 20:56:08 [WebSocketWorker-17] INFO  c.t.t.t.p.socket.room.RoomManager - Room removed by id. [RoomId=4f4d9738-6d82-4f0c-95a5-a268c1885353] [TotalRooms=0]
2026-10-02 20:56:08 [WebSocketWorker-17] INFO  c.t.t.t.i.p.j.r.RoomJpaRepository - Room deleted successfully. [RoomId=4f4d9738-6d82-4f0c-95a5-a268c1885353]
2026-10-02 20:56:08 [WebSocketWorker-17] INFO  c.t.t.t.a.service.RoomServiceImpl - Room deleted. [roomId=4f4d9738-6d82-4f0c-95a5-a268c1885353]
2026-10-02 20:56:31 [WebSocketWorker-17] INFO  c.t.t.t.p.s.c.ConnectionManager - Getting connection by websocket
2026-10-02 20:56:31 [WebSocketWorker-17] INFO  c.t.t.t.p.s.c.ConnectionManager - Got connection by websocket. [connectionId=a5fef50d-f95d-4a9b-91af-648206ee5843] [userId=a9876944-0518-4057-ba2b-5171c3a8bea7]
2026-10-02 20:56:31 [WebSocketWorker-17] INFO  c.t.t.t.p.s.c.ConnectionManager - Sending message on broadcast
2026-10-02 20:56:31 [WebSocketWorker-17] INFO  c.t.t.t.p.s.c.ConnectionManager - Send message to connection. [connectionId=a5fef50d-f95d-4a9b-91af-648206ee5843] [userId=a9876944-0518-4057-ba2b-5171c3a8bea7]
2026-10-02 20:56:31 [WebSocketWorker-17] INFO  c.t.t.t.p.s.c.ConnectionManager - Send message to connection. [connectionId=7a564bf6-48c1-434f-bc41-10500b3881b9] [userId=64f51ab2-6a09-44f6-8606-bf4a0718d920]
2026-10-02 20:56:32 [WebSocketWorker-17] INFO  c.t.t.t.p.s.c.ConnectionManager - Getting connection by websocket
2026-10-02 20:56:32 [WebSocketWorker-17] INFO  c.t.t.t.p.s.c.ConnectionManager - Got connection by websocket. [connectionId=a5fef50d-f95d-4a9b-91af-648206ee5843] [userId=a9876944-0518-4057-ba2b-5171c3a8bea7]
2026-10-02 20:56:32 [WebSocketWorker-17] INFO  c.t.t.t.p.s.c.ConnectionManager - Sending message on broadcast
2026-10-02 20:56:32 [WebSocketWorker-17] INFO  c.t.t.t.p.s.c.ConnectionManager - Send message to connection. [connectionId=a5fef50d-f95d-4a9b-91af-648206ee5843] [userId=a9876944-0518-4057-ba2b-5171c3a8bea7]
2026-10-02 20:56:32 [WebSocketWorker-17] INFO  c.t.t.t.p.s.c.ConnectionManager - Send message to connection. [connectionId=7a564bf6-48c1-434f-bc41-10500b3881b9] [userId=64f51ab2-6a09-44f6-8606-bf4a0718d920]
2026-10-02 20:56:45 [WebSocketSelector-29] INFO  c.t.t.t.p.s.c.ConnectionManager - Getting connection by websocket
2026-10-02 20:56:45 [WebSocketSelector-29] INFO  c.t.t.t.p.s.c.ConnectionManager - Got connection by websocket. [connectionId=a5fef50d-f95d-4a9b-91af-648206ee5843] [userId=a9876944-0518-4057-ba2b-5171c3a8bea7]
2026-10-02 20:56:45 [WebSocketSelector-29] INFO  c.t.t.t.p.s.c.ConnectionManager - Connection removed successfully. [connectionId=a5fef50d-f95d-4a9b-91af-648206ee5843] [userId=a9876944-0518-4057-ba2b-5171c3a8bea7]
2026-10-02 20:56:45 [WebSocketSelector-29] WARN  c.t.t.t.p.socket.SocketServer - Close connection. [connectionId=a5fef50d-f95d-4a9b-91af-648206ee5843] [userId=a9876944-0518-4057-ba2b-5171c3a8bea7] [code=1000] [reason=Client initiated close]
2026-10-02 20:56:47 [WebSocketSelector-29] INFO  c.t.t.t.p.s.c.ConnectionManager - Getting connection by websocket
2026-10-02 20:56:47 [WebSocketSelector-29] INFO  c.t.t.t.p.s.c.ConnectionManager - Got connection by websocket. [connectionId=7a564bf6-48c1-434f-bc41-10500b3881b9] [userId=64f51ab2-6a09-44f6-8606-bf4a0718d920]
2026-10-02 20:56:47 [WebSocketSelector-29] INFO  c.t.t.t.p.s.c.ConnectionManager - Connection removed successfully. [connectionId=7a564bf6-48c1-434f-bc41-10500b3881b9] [userId=64f51ab2-6a09-44f6-8606-bf4a0718d920]
2026-10-02 20:56:47 [WebSocketSelector-29] WARN  c.t.t.t.p.socket.SocketServer - Close connection. [connectionId=7a564bf6-48c1-434f-bc41-10500b3881b9] [userId=64f51ab2-6a09-44f6-8606-bf4a0718d920] [code=1000] [reason=Client initiated close]
2026-10-02 20:58:55 [main] INFO  c.t.t.t.i.config.Environment - Instance Environment initialized. [InstanceId=1394336709]
2026-10-02 20:58:55 [main] INFO  c.t.t.t.i.security.JwtService - Instance JwtService initialized. [InstanceId=1566502717]
2026-10-02 20:58:55 [main] INFO  c.t.t.t.i.persistence.jpa.JpaUtil - Instance JpaUtil initialized. [InstanceId=1045997582]
2026-10-02 20:58:55 [main] INFO  c.t.t.t.i.p.j.r.UserJpaRepository - Instance UserJpaRepository initialized. [InstanceId=1337335626]
2026-10-02 20:58:55 [main] INFO  c.t.t.t.i.p.j.r.RoomJpaRepository - Instance RoomJpaRepository initialized. [InstanceId=1336996537]
2026-10-02 20:58:55 [main] INFO  c.t.t.t.i.p.j.r.RoomPlayerJpaRepository - Instance RoomPlayerJpaRepository initialized. [InstanceId=7967307]
2026-10-02 20:58:55 [main] INFO  c.t.t.t.a.service.AuthServiceImpl - Instance AuthServiceImpl initialized. [InstanceId=2073707154]
2026-10-02 20:58:55 [main] INFO  c.t.t.t.a.service.UserServiceImpl - Instance UserServiceImpl initialized. [InstanceId=78204644]
2026-10-02 20:58:55 [main] INFO  c.t.t.t.a.service.RoomServiceImpl - Instance RoomServiceImpl initialized. [InstanceId=1287934450]
2026-10-02 20:58:55 [main] INFO  c.t.t.t.a.s.RoomPlayerServiceImpl - Instance RoomPlayerServiceImpl initialized. [InstanceId=6519275]
2026-10-02 20:58:55 [main] INFO  c.t.t.t.p.h.m.AuthorizedHttpMiddleware - Instance AuthorizedHttpMiddleware initialized. [InstanceId=692331943]
2026-10-02 20:58:55 [main] INFO  c.t.t.t.p.h.c.AuthController - Instance AuthController initialized. [InstanceId=1741979653]
2026-10-02 20:58:55 [main] INFO  c.t.t.t.p.s.m.AuthorizedSocketMiddleware - Instance AuthorizedSocketMiddleware initialized. [InstanceId=166794956]
2026-10-02 20:58:55 [main] INFO  c.t.t.t.p.s.c.ConnectionManager - Instance ConnectionManager initialized. [InstanceId=306612792]
2026-10-02 20:58:55 [main] INFO  c.t.t.t.p.socket.room.RoomManager - Instance RoomManager initialized. [InstanceId=447212746]
2026-10-02 20:58:56 [main] INFO  c.t.t.t.p.s.e.ExceptionSocketHandler - Instance ExceptionSocketHandler initialized. [InstanceId=1408974251]
2026-10-02 20:58:56 [main] INFO  c.t.t.t.p.s.e.h.GlobalMessageHandler - Instance GlobalMessageHandler initialized. [InstanceId=1898325501]
2026-10-02 20:58:56 [main] INFO  c.t.t.t.p.s.e.h.RoomsByStatusHandler - Instance RoomsByStatusHandler initialized. [InstanceId=1949298838]
2026-10-02 20:58:56 [main] INFO  c.t.t.t.p.s.e.h.CreateRoomHandler - Instance CreateRoomHandler initialized. [InstanceId=889891977]
2026-10-02 20:58:56 [main] INFO  c.t.t.t.p.s.e.h.MessageRoomHandler - Instance MessageRoomHandler initialized. [InstanceId=402249858]
2026-10-02 20:58:56 [WebSocketSelector-29] INFO  c.t.t.t.p.socket.SocketServer - WebSocketServer started successfully. [port=8081] [url=ws://localhost:8081]
2026-10-02 20:58:56 [main] INFO  org.eclipse.jetty.util.log - Logging initialized @933ms to org.eclipse.jetty.util.log.Slf4jLog
2026-10-02 20:58:56 [main] INFO  io.javalin.Javalin - Starting Javalin ...
2026-10-02 20:58:56 [main] INFO  io.javalin.Javalin - You are running Javalin 4.6.8 (released May 4, 2023. Your Javalin version is 1247 days old. Consider checking for a newer version.).
2026-10-02 20:58:56 [main] INFO  io.javalin.Javalin - Listening on http://localhost:8080/
2026-10-02 20:58:56 [main] INFO  io.javalin.Javalin - Javalin started in 130ms \o/
2026-10-02 20:58:56 [main] INFO  c.t.t.t.presentation.http.HttpServer - Instance HttpServer initialized.
2026-10-02 20:58:56 [main] INFO  c.t.t.t.presentation.http.HttpServer - HttpServer started successfully. [port=8080] [url=http://localhost:8080]
2026-10-02 20:58:56 [main] INFO  com.tic.tac.toe.Application - Started Application
2026-10-02 20:58:58 [WebSocketWorker-17] INFO  c.t.t.t.p.s.c.ConnectionManager - A connection added on manager. [connectionId=d795e5e9-0f01-46c1-9987-f603b4735729] [userId=64f51ab2-6a09-44f6-8606-bf4a0718d920]
2026-10-02 20:58:58 [WebSocketWorker-17] INFO  c.t.t.t.p.s.c.ConnectionManager - Getting connection by websocket
2026-10-02 20:58:58 [WebSocketWorker-17] INFO  c.t.t.t.p.s.c.ConnectionManager - Got connection by websocket. [connectionId=d795e5e9-0f01-46c1-9987-f603b4735729] [userId=64f51ab2-6a09-44f6-8606-bf4a0718d920]
2026-10-02 20:58:58 [WebSocketWorker-17] INFO  c.t.t.t.p.s.c.ConnectionManager - Getting connection by userId. [userId=64f51ab2-6a09-44f6-8606-bf4a0718d920]
2026-10-02 20:58:58 [WebSocketWorker-17] INFO  c.t.t.t.p.s.c.ConnectionManager - Got connection by userId. [connectionId=d795e5e9-0f01-46c1-9987-f603b4735729] [userId=64f51ab2-6a09-44f6-8606-bf4a0718d920]
2026-10-02 20:58:59 [WebSocketWorker-17] INFO  c.t.t.t.i.p.j.r.RoomJpaRepository - Room saved successfully. [RoomId=ca34aee6-c91f-4117-b446-a209e109cada]
2026-10-02 20:58:59 [WebSocketWorker-17] INFO  c.t.t.t.a.service.RoomServiceImpl - Room created. [roomId=ca34aee6-c91f-4117-b446-a209e109cada] [ownerId=64f51ab2-6a09-44f6-8606-bf4a0718d920]
2026-10-02 20:58:59 [WebSocketWorker-17] INFO  c.t.t.t.p.socket.room.RoomManager - Room created. [RoomId=ca34aee6-c91f-4117-b446-a209e109cada] [TotalRooms=1]
2026-10-02 20:58:59 [WebSocketWorker-17] INFO  c.t.t.t.p.socket.room.RoomManager - User joined room. [RoomId=ca34aee6-c91f-4117-b446-a209e109cada] [UserId=64f51ab2-6a09-44f6-8606-bf4a0718d920] [TotalUsers=1]
2026-10-02 20:58:59 [WebSocketWorker-17] INFO  c.t.t.t.p.socket.room.RoomManager - Broadcast sent. [RoomId=ca34aee6-c91f-4117-b446-a209e109cada] [Recipients=1]
2026-10-02 20:58:59 [WebSocketWorker-17] INFO  c.t.t.t.p.s.c.ConnectionManager - Sending message on broadcast
2026-10-02 20:58:59 [WebSocketWorker-17] INFO  c.t.t.t.p.s.c.ConnectionManager - Send message to connection. [connectionId=d795e5e9-0f01-46c1-9987-f603b4735729] [userId=64f51ab2-6a09-44f6-8606-bf4a0718d920]
2026-10-02 20:58:59 [WebSocketWorker-17] INFO  c.t.t.t.p.s.e.h.CreateRoomHandler - Room created and owner joined. [roomId=ca34aee6-c91f-4117-b446-a209e109cada] [ownerId=64f51ab2-6a09-44f6-8606-bf4a0718d920]
2026-10-02 20:59:01 [WebSocketWorker-18] INFO  c.t.t.t.p.s.c.ConnectionManager - A connection added on manager. [connectionId=7979d21f-26bd-4108-82d3-ed4c914cdb6d] [userId=a9876944-0518-4057-ba2b-5171c3a8bea7]
2026-10-02 20:59:10 [WebSocketWorker-18] INFO  c.t.t.t.p.s.c.ConnectionManager - Getting connection by websocket
2026-10-02 20:59:10 [WebSocketWorker-18] INFO  c.t.t.t.p.s.c.ConnectionManager - Got connection by websocket. [connectionId=7979d21f-26bd-4108-82d3-ed4c914cdb6d] [userId=a9876944-0518-4057-ba2b-5171c3a8bea7]
2026-10-02 20:59:10 [WebSocketWorker-18] INFO  c.t.t.t.p.s.c.ConnectionManager - Sending message on broadcast
2026-10-02 20:59:10 [WebSocketWorker-18] INFO  c.t.t.t.p.s.c.ConnectionManager - Send message to connection. [connectionId=d795e5e9-0f01-46c1-9987-f603b4735729] [userId=64f51ab2-6a09-44f6-8606-bf4a0718d920]
2026-10-02 20:59:10 [WebSocketWorker-18] INFO  c.t.t.t.p.s.c.ConnectionManager - Send message to connection. [connectionId=7979d21f-26bd-4108-82d3-ed4c914cdb6d] [userId=a9876944-0518-4057-ba2b-5171c3a8bea7]
2026-10-02 20:59:30 [WebSocketWorker-18] INFO  c.t.t.t.p.s.c.ConnectionManager - Getting connection by websocket
2026-10-02 20:59:30 [WebSocketWorker-18] INFO  c.t.t.t.p.s.c.ConnectionManager - Got connection by websocket. [connectionId=7979d21f-26bd-4108-82d3-ed4c914cdb6d] [userId=a9876944-0518-4057-ba2b-5171c3a8bea7]
2026-10-02 20:59:30 [WebSocketWorker-18] INFO  c.t.t.t.p.s.c.ConnectionManager - Sending message on broadcast
2026-10-02 20:59:30 [WebSocketWorker-18] INFO  c.t.t.t.p.s.c.ConnectionManager - Send message to connection. [connectionId=d795e5e9-0f01-46c1-9987-f603b4735729] [userId=64f51ab2-6a09-44f6-8606-bf4a0718d920]
2026-10-02 20:59:30 [WebSocketWorker-18] INFO  c.t.t.t.p.s.c.ConnectionManager - Send message to connection. [connectionId=7979d21f-26bd-4108-82d3-ed4c914cdb6d] [userId=a9876944-0518-4057-ba2b-5171c3a8bea7]
2026-10-02 21:01:38 [main] INFO  c.t.t.t.i.config.Environment - Instance Environment initialized. [InstanceId=1387228415]
2026-10-02 21:01:38 [main] INFO  c.t.t.t.i.security.JwtService - Instance JwtService initialized. [InstanceId=1458849419]
2026-10-02 21:01:38 [main] INFO  c.t.t.t.i.persistence.jpa.JpaUtil - Instance JpaUtil initialized. [InstanceId=1337335626]
2026-10-02 21:01:38 [main] INFO  c.t.t.t.i.p.j.r.UserJpaRepository - Instance UserJpaRepository initialized. [InstanceId=1336996537]
2026-10-02 21:01:38 [main] INFO  c.t.t.t.i.p.j.r.RoomJpaRepository - Instance RoomJpaRepository initialized. [InstanceId=7967307]
2026-10-02 21:01:38 [main] INFO  c.t.t.t.i.p.j.r.RoomPlayerJpaRepository - Instance RoomPlayerJpaRepository initialized. [InstanceId=2073707154]
2026-10-02 21:01:38 [main] INFO  c.t.t.t.a.service.AuthServiceImpl - Instance AuthServiceImpl initialized. [InstanceId=78204644]
2026-10-02 21:01:38 [main] INFO  c.t.t.t.a.service.UserServiceImpl - Instance UserServiceImpl initialized. [InstanceId=1287934450]
2026-10-02 21:01:38 [main] INFO  c.t.t.t.a.service.RoomServiceImpl - Instance RoomServiceImpl initialized. [InstanceId=6519275]
2026-10-02 21:01:38 [main] INFO  c.t.t.t.a.s.RoomPlayerServiceImpl - Instance RoomPlayerServiceImpl initialized. [InstanceId=692331943]
2026-10-02 21:01:38 [main] INFO  c.t.t.t.p.h.m.AuthorizedHttpMiddleware - Instance AuthorizedHttpMiddleware initialized. [InstanceId=1741979653]
2026-10-02 21:01:38 [main] INFO  c.t.t.t.p.h.c.AuthController - Instance AuthController initialized. [InstanceId=166794956]
2026-10-02 21:01:38 [main] INFO  c.t.t.t.p.s.m.AuthorizedSocketMiddleware - Instance AuthorizedSocketMiddleware initialized. [InstanceId=306612792]
2026-10-02 21:01:38 [main] INFO  c.t.t.t.p.s.c.ConnectionManager - Instance ConnectionManager initialized. [InstanceId=447212746]
2026-10-02 21:01:38 [main] INFO  c.t.t.t.p.socket.room.RoomManager - Instance RoomManager initialized. [InstanceId=1496355635]
2026-10-02 21:01:38 [main] INFO  c.t.t.t.p.s.e.ExceptionSocketHandler - Instance ExceptionSocketHandler initialized. [InstanceId=212890971]
2026-10-02 21:01:38 [main] INFO  c.t.t.t.p.s.e.h.GlobalMessageHandler - Instance GlobalMessageHandler initialized. [InstanceId=2075809815]
2026-10-02 21:01:38 [main] INFO  c.t.t.t.p.s.e.h.RoomsByStatusHandler - Instance RoomsByStatusHandler initialized. [InstanceId=1967355409]
2026-10-02 21:01:38 [main] INFO  c.t.t.t.p.s.e.h.CreateRoomHandler - Instance CreateRoomHandler initialized. [InstanceId=475603167]
2026-10-02 21:01:38 [main] INFO  c.t.t.t.p.s.e.h.MessageRoomHandler - Instance MessageRoomHandler initialized. [InstanceId=2045036434]
2026-10-02 21:01:38 [WebSocketSelector-29] INFO  c.t.t.t.p.socket.SocketServer - WebSocketServer started successfully. [port=8081] [url=ws://localhost:8081]
2026-10-02 21:01:38 [main] INFO  org.eclipse.jetty.util.log - Logging initialized @984ms to org.eclipse.jetty.util.log.Slf4jLog
2026-10-02 21:01:38 [main] INFO  io.javalin.Javalin - Starting Javalin ...
2026-10-02 21:01:38 [main] INFO  io.javalin.Javalin - You are running Javalin 4.6.8 (released May 4, 2023. Your Javalin version is 1247 days old. Consider checking for a newer version.).
2026-10-02 21:01:38 [main] INFO  io.javalin.Javalin - Listening on http://localhost:8080/
2026-10-02 21:01:38 [main] INFO  io.javalin.Javalin - Javalin started in 189ms \o/
2026-10-02 21:01:38 [main] INFO  c.t.t.t.presentation.http.HttpServer - Instance HttpServer initialized.
2026-10-02 21:01:38 [main] INFO  c.t.t.t.presentation.http.HttpServer - HttpServer started successfully. [port=8080] [url=http://localhost:8080]
2026-10-02 21:01:38 [main] INFO  com.tic.tac.toe.Application - Started Application
2026-10-02 21:01:43 [WebSocketWorker-17] INFO  c.t.t.t.p.s.c.ConnectionManager - A connection added on manager. [connectionId=373c1698-d39b-42e3-8fc7-4f6131bc81db] [userId=a9876944-0518-4057-ba2b-5171c3a8bea7]
2026-10-02 21:01:45 [WebSocketWorker-18] INFO  c.t.t.t.p.s.c.ConnectionManager - A connection added on manager. [connectionId=889e7aef-8e9a-424c-8dba-31a6e2f229d0] [userId=64f51ab2-6a09-44f6-8606-bf4a0718d920]
2026-10-02 21:01:48 [WebSocketWorker-17] INFO  c.t.t.t.p.s.c.ConnectionManager - Getting connection by websocket
2026-10-02 21:01:48 [WebSocketWorker-17] INFO  c.t.t.t.p.s.c.ConnectionManager - Got connection by websocket. [connectionId=373c1698-d39b-42e3-8fc7-4f6131bc81db] [userId=a9876944-0518-4057-ba2b-5171c3a8bea7]
2026-10-02 21:01:49 [WebSocketWorker-17] INFO  c.t.t.t.p.s.c.ConnectionManager - Sending message on broadcast
2026-10-02 21:01:49 [WebSocketWorker-17] INFO  c.t.t.t.p.s.c.ConnectionManager - Send message to connection. [connectionId=889e7aef-8e9a-424c-8dba-31a6e2f229d0] [userId=64f51ab2-6a09-44f6-8606-bf4a0718d920]
2026-10-02 21:01:49 [WebSocketWorker-17] INFO  c.t.t.t.p.s.c.ConnectionManager - Send message to connection. [connectionId=373c1698-d39b-42e3-8fc7-4f6131bc81db] [userId=a9876944-0518-4057-ba2b-5171c3a8bea7]
2026-10-02 21:01:52 [WebSocketWorker-18] INFO  c.t.t.t.p.s.c.ConnectionManager - Getting connection by websocket
2026-10-02 21:01:52 [WebSocketWorker-18] INFO  c.t.t.t.p.s.c.ConnectionManager - Got connection by websocket. [connectionId=889e7aef-8e9a-424c-8dba-31a6e2f229d0] [userId=64f51ab2-6a09-44f6-8606-bf4a0718d920]
2026-10-02 21:01:52 [WebSocketWorker-18] INFO  c.t.t.t.p.s.c.ConnectionManager - Getting connection by userId. [userId=64f51ab2-6a09-44f6-8606-bf4a0718d920]
2026-10-02 21:01:52 [WebSocketWorker-18] INFO  c.t.t.t.p.s.c.ConnectionManager - Got connection by userId. [connectionId=889e7aef-8e9a-424c-8dba-31a6e2f229d0] [userId=64f51ab2-6a09-44f6-8606-bf4a0718d920]
2026-10-02 21:01:52 [WebSocketWorker-18] INFO  c.t.t.t.i.p.j.r.RoomJpaRepository - Room saved successfully. [RoomId=7ffe624c-5dba-4998-a58b-964cf1e357c8]
2026-10-02 21:01:52 [WebSocketWorker-18] INFO  c.t.t.t.a.service.RoomServiceImpl - Room created. [roomId=7ffe624c-5dba-4998-a58b-964cf1e357c8] [ownerId=64f51ab2-6a09-44f6-8606-bf4a0718d920]
2026-10-02 21:01:52 [WebSocketWorker-18] INFO  c.t.t.t.p.socket.room.RoomManager - Room created. [RoomId=7ffe624c-5dba-4998-a58b-964cf1e357c8] [TotalRooms=1]
2026-10-02 21:01:52 [WebSocketWorker-18] INFO  c.t.t.t.p.socket.room.RoomManager - User joined room. [RoomId=7ffe624c-5dba-4998-a58b-964cf1e357c8] [UserId=64f51ab2-6a09-44f6-8606-bf4a0718d920] [TotalUsers=1]
2026-10-02 21:01:52 [WebSocketWorker-18] INFO  c.t.t.t.p.socket.room.RoomManager - Broadcast sent. [RoomId=7ffe624c-5dba-4998-a58b-964cf1e357c8] [Recipients=1]
2026-10-02 21:01:52 [WebSocketWorker-18] ERROR c.t.t.t.p.s.e.h.CreateRoomHandler - Error setting up room in memory, rolling back. [roomId=7ffe624c-5dba-4998-a58b-964cf1e357c8] [error=[Ljava.lang.Object; cannot be cast to com.tic.tac.toe.domain.entity.Room]
2026-10-02 21:01:52 [WebSocketWorker-18] INFO  c.t.t.t.p.socket.room.RoomManager - User left room. [RoomId=7ffe624c-5dba-4998-a58b-964cf1e357c8] [UserId=64f51ab2-6a09-44f6-8606-bf4a0718d920] [TotalUsers=0]
2026-10-02 21:01:52 [WebSocketWorker-18] INFO  c.t.t.t.p.socket.room.RoomManager - Room removed by id. [RoomId=7ffe624c-5dba-4998-a58b-964cf1e357c8] [TotalRooms=0]
2026-10-02 21:01:52 [WebSocketWorker-18] INFO  c.t.t.t.i.p.j.r.RoomJpaRepository - Room deleted successfully. [RoomId=7ffe624c-5dba-4998-a58b-964cf1e357c8]
2026-10-02 21:01:52 [WebSocketWorker-18] INFO  c.t.t.t.a.service.RoomServiceImpl - Room deleted. [roomId=7ffe624c-5dba-4998-a58b-964cf1e357c8]
2026-10-02 21:02:05 [WebSocketSelector-29] INFO  c.t.t.t.p.s.c.ConnectionManager - Getting connection by websocket
2026-10-02 21:02:05 [WebSocketSelector-29] INFO  c.t.t.t.p.s.c.ConnectionManager - Got connection by websocket. [connectionId=889e7aef-8e9a-424c-8dba-31a6e2f229d0] [userId=64f51ab2-6a09-44f6-8606-bf4a0718d920]
2026-10-02 21:02:05 [WebSocketSelector-29] INFO  c.t.t.t.p.s.c.ConnectionManager - Connection removed successfully. [connectionId=889e7aef-8e9a-424c-8dba-31a6e2f229d0] [userId=64f51ab2-6a09-44f6-8606-bf4a0718d920]
2026-10-02 21:02:05 [WebSocketSelector-29] WARN  c.t.t.t.p.socket.SocketServer - Close connection. [connectionId=889e7aef-8e9a-424c-8dba-31a6e2f229d0] [userId=64f51ab2-6a09-44f6-8606-bf4a0718d920] [code=1000] [reason=Client initiated close]
2026-10-02 21:02:07 [WebSocketSelector-29] INFO  c.t.t.t.p.s.c.ConnectionManager - Getting connection by websocket
2026-10-02 21:02:07 [WebSocketSelector-29] INFO  c.t.t.t.p.s.c.ConnectionManager - Got connection by websocket. [connectionId=373c1698-d39b-42e3-8fc7-4f6131bc81db] [userId=a9876944-0518-4057-ba2b-5171c3a8bea7]
2026-10-02 21:02:07 [WebSocketSelector-29] INFO  c.t.t.t.p.s.c.ConnectionManager - Connection removed successfully. [connectionId=373c1698-d39b-42e3-8fc7-4f6131bc81db] [userId=a9876944-0518-4057-ba2b-5171c3a8bea7]
2026-10-02 21:02:07 [WebSocketSelector-29] WARN  c.t.t.t.p.socket.SocketServer - Close connection. [connectionId=373c1698-d39b-42e3-8fc7-4f6131bc81db] [userId=a9876944-0518-4057-ba2b-5171c3a8bea7] [code=1000] [reason=Client initiated close]
2026-10-02 21:05:25 [main] INFO  c.t.t.t.i.config.Environment - Instance Environment initialized. [InstanceId=1387228415]
2026-10-02 21:05:25 [main] INFO  c.t.t.t.i.security.JwtService - Instance JwtService initialized. [InstanceId=1458849419]
2026-10-02 21:05:25 [main] INFO  c.t.t.t.i.persistence.jpa.JpaUtil - Instance JpaUtil initialized. [InstanceId=1337335626]
2026-10-02 21:05:25 [main] INFO  c.t.t.t.i.p.j.r.UserJpaRepository - Instance UserJpaRepository initialized. [InstanceId=1336996537]
2026-10-02 21:05:25 [main] INFO  c.t.t.t.i.p.j.r.RoomJpaRepository - Instance RoomJpaRepository initialized. [InstanceId=7967307]
2026-10-02 21:05:25 [main] INFO  c.t.t.t.i.p.j.r.RoomPlayerJpaRepository - Instance RoomPlayerJpaRepository initialized. [InstanceId=2073707154]
2026-10-02 21:05:25 [main] INFO  c.t.t.t.a.service.AuthServiceImpl - Instance AuthServiceImpl initialized. [InstanceId=78204644]
2026-10-02 21:05:25 [main] INFO  c.t.t.t.a.service.UserServiceImpl - Instance UserServiceImpl initialized. [InstanceId=1287934450]
2026-10-02 21:05:25 [main] INFO  c.t.t.t.a.service.RoomServiceImpl - Instance RoomServiceImpl initialized. [InstanceId=6519275]
2026-10-02 21:05:25 [main] INFO  c.t.t.t.a.s.RoomPlayerServiceImpl - Instance RoomPlayerServiceImpl initialized. [InstanceId=692331943]
2026-10-02 21:05:25 [main] INFO  c.t.t.t.p.h.m.AuthorizedHttpMiddleware - Instance AuthorizedHttpMiddleware initialized. [InstanceId=1741979653]
2026-10-02 21:05:25 [main] INFO  c.t.t.t.p.h.c.AuthController - Instance AuthController initialized. [InstanceId=166794956]
2026-10-02 21:05:25 [main] INFO  c.t.t.t.p.s.m.AuthorizedSocketMiddleware - Instance AuthorizedSocketMiddleware initialized. [InstanceId=306612792]
2026-10-02 21:05:25 [main] INFO  c.t.t.t.p.s.c.ConnectionManager - Instance ConnectionManager initialized. [InstanceId=447212746]
2026-10-02 21:05:25 [main] INFO  c.t.t.t.p.socket.room.RoomManager - Instance RoomManager initialized. [InstanceId=1496355635]
2026-10-02 21:05:26 [main] INFO  c.t.t.t.p.s.e.ExceptionSocketHandler - Instance ExceptionSocketHandler initialized. [InstanceId=212890971]
2026-10-02 21:05:26 [main] INFO  c.t.t.t.p.s.e.h.GlobalMessageHandler - Instance GlobalMessageHandler initialized. [InstanceId=2075809815]
2026-10-02 21:05:26 [main] INFO  c.t.t.t.p.s.e.h.RoomsByStatusHandler - Instance RoomsByStatusHandler initialized. [InstanceId=1967355409]
2026-10-02 21:05:26 [main] INFO  c.t.t.t.p.s.e.h.CreateRoomHandler - Instance CreateRoomHandler initialized. [InstanceId=475603167]
2026-10-02 21:05:26 [main] INFO  c.t.t.t.p.s.e.h.MessageRoomHandler - Instance MessageRoomHandler initialized. [InstanceId=2045036434]
2026-10-02 21:05:26 [WebSocketSelector-29] INFO  c.t.t.t.p.socket.SocketServer - WebSocketServer started successfully. [port=8081] [url=ws://localhost:8081]
2026-10-02 21:05:26 [main] INFO  org.eclipse.jetty.util.log - Logging initialized @1012ms to org.eclipse.jetty.util.log.Slf4jLog
2026-10-02 21:05:26 [main] INFO  io.javalin.Javalin - Starting Javalin ...
2026-10-02 21:05:26 [main] INFO  io.javalin.Javalin - You are running Javalin 4.6.8 (released May 4, 2023. Your Javalin version is 1247 days old. Consider checking for a newer version.).
2026-10-02 21:05:26 [main] INFO  io.javalin.Javalin - Listening on http://localhost:8080/
2026-10-02 21:05:26 [main] INFO  io.javalin.Javalin - Javalin started in 133ms \o/
2026-10-02 21:05:26 [main] INFO  c.t.t.t.presentation.http.HttpServer - Instance HttpServer initialized.
2026-10-02 21:05:26 [main] INFO  c.t.t.t.presentation.http.HttpServer - HttpServer started successfully. [port=8080] [url=http://localhost:8080]
2026-10-02 21:05:26 [main] INFO  com.tic.tac.toe.Application - Started Application
2026-10-02 21:05:29 [WebSocketWorker-17] INFO  c.t.t.t.p.s.c.ConnectionManager - A connection added on manager. [connectionId=43420fc8-69c6-4433-8f9e-b04d70f1592e] [userId=a9876944-0518-4057-ba2b-5171c3a8bea7]
2026-10-02 21:05:31 [WebSocketWorker-18] INFO  c.t.t.t.p.s.c.ConnectionManager - A connection added on manager. [connectionId=8cfe3564-cf3a-4508-8fd2-bd7c456b935d] [userId=64f51ab2-6a09-44f6-8606-bf4a0718d920]
2026-10-02 21:05:33 [WebSocketWorker-18] INFO  c.t.t.t.p.s.c.ConnectionManager - Getting connection by websocket
2026-10-02 21:05:33 [WebSocketWorker-18] INFO  c.t.t.t.p.s.c.ConnectionManager - Got connection by websocket. [connectionId=8cfe3564-cf3a-4508-8fd2-bd7c456b935d] [userId=64f51ab2-6a09-44f6-8606-bf4a0718d920]
2026-10-02 21:05:33 [WebSocketWorker-18] INFO  c.t.t.t.p.s.c.ConnectionManager - Getting connection by userId. [userId=64f51ab2-6a09-44f6-8606-bf4a0718d920]
2026-10-02 21:05:33 [WebSocketWorker-18] INFO  c.t.t.t.p.s.c.ConnectionManager - Got connection by userId. [connectionId=8cfe3564-cf3a-4508-8fd2-bd7c456b935d] [userId=64f51ab2-6a09-44f6-8606-bf4a0718d920]
2026-10-02 21:05:33 [WebSocketWorker-18] INFO  c.t.t.t.i.p.j.r.RoomJpaRepository - Room saved successfully. [RoomId=45d6b1c7-bd1d-41d2-b02c-4ec337d0c6f2]
2026-10-02 21:05:33 [WebSocketWorker-18] INFO  c.t.t.t.a.service.RoomServiceImpl - Room created. [roomId=45d6b1c7-bd1d-41d2-b02c-4ec337d0c6f2] [ownerId=64f51ab2-6a09-44f6-8606-bf4a0718d920]
2026-10-02 21:05:33 [WebSocketWorker-18] INFO  c.t.t.t.p.socket.room.RoomManager - Room created. [RoomId=45d6b1c7-bd1d-41d2-b02c-4ec337d0c6f2] [TotalRooms=1]
2026-10-02 21:05:33 [WebSocketWorker-18] INFO  c.t.t.t.p.socket.room.RoomManager - User joined room. [RoomId=45d6b1c7-bd1d-41d2-b02c-4ec337d0c6f2] [UserId=64f51ab2-6a09-44f6-8606-bf4a0718d920] [TotalUsers=1]
2026-10-02 21:05:33 [WebSocketWorker-18] INFO  c.t.t.t.p.socket.room.RoomManager - Broadcast sent. [RoomId=45d6b1c7-bd1d-41d2-b02c-4ec337d0c6f2] [Recipients=1]
2026-10-02 21:05:33 [WebSocketWorker-18] INFO  c.t.t.t.p.s.c.ConnectionManager - Sending message on broadcast
2026-10-02 21:05:33 [WebSocketWorker-18] INFO  c.t.t.t.p.s.c.ConnectionManager - Send message to connection. [connectionId=8cfe3564-cf3a-4508-8fd2-bd7c456b935d] [userId=64f51ab2-6a09-44f6-8606-bf4a0718d920]
2026-10-02 21:05:33 [WebSocketWorker-18] INFO  c.t.t.t.p.s.c.ConnectionManager - Send message to connection. [connectionId=43420fc8-69c6-4433-8f9e-b04d70f1592e] [userId=a9876944-0518-4057-ba2b-5171c3a8bea7]
2026-10-02 21:05:33 [WebSocketWorker-18] INFO  c.t.t.t.p.s.e.h.CreateRoomHandler - Room created and owner joined. [roomId=45d6b1c7-bd1d-41d2-b02c-4ec337d0c6f2] [ownerId=64f51ab2-6a09-44f6-8606-bf4a0718d920]
2026-10-02 21:06:45 [main] INFO  c.t.t.t.i.config.Environment - Instance Environment initialized. [InstanceId=1394336709]
2026-10-02 21:06:45 [main] INFO  c.t.t.t.i.security.JwtService - Instance JwtService initialized. [InstanceId=1566502717]
2026-10-02 21:06:46 [main] INFO  c.t.t.t.i.persistence.jpa.JpaUtil - Instance JpaUtil initialized. [InstanceId=1045997582]
2026-10-02 21:06:46 [main] INFO  c.t.t.t.i.p.j.r.UserJpaRepository - Instance UserJpaRepository initialized. [InstanceId=1337335626]
2026-10-02 21:06:46 [main] INFO  c.t.t.t.i.p.j.r.RoomJpaRepository - Instance RoomJpaRepository initialized. [InstanceId=1336996537]
2026-10-02 21:06:46 [main] INFO  c.t.t.t.i.p.j.r.RoomPlayerJpaRepository - Instance RoomPlayerJpaRepository initialized. [InstanceId=7967307]
2026-10-02 21:06:46 [main] INFO  c.t.t.t.a.service.AuthServiceImpl - Instance AuthServiceImpl initialized. [InstanceId=2073707154]
2026-10-02 21:06:46 [main] INFO  c.t.t.t.a.service.UserServiceImpl - Instance UserServiceImpl initialized. [InstanceId=78204644]
2026-10-02 21:06:46 [main] INFO  c.t.t.t.a.service.RoomServiceImpl - Instance RoomServiceImpl initialized. [InstanceId=1287934450]
2026-10-02 21:06:46 [main] INFO  c.t.t.t.a.s.RoomPlayerServiceImpl - Instance RoomPlayerServiceImpl initialized. [InstanceId=6519275]
2026-10-02 21:06:46 [main] INFO  c.t.t.t.p.h.m.AuthorizedHttpMiddleware - Instance AuthorizedHttpMiddleware initialized. [InstanceId=692331943]
2026-10-02 21:06:46 [main] INFO  c.t.t.t.p.h.c.AuthController - Instance AuthController initialized. [InstanceId=1741979653]
2026-10-02 21:06:46 [main] INFO  c.t.t.t.p.s.m.AuthorizedSocketMiddleware - Instance AuthorizedSocketMiddleware initialized. [InstanceId=166794956]
2026-10-02 21:06:46 [main] INFO  c.t.t.t.p.s.c.ConnectionManager - Instance ConnectionManager initialized. [InstanceId=306612792]
2026-10-02 21:06:46 [main] INFO  c.t.t.t.p.socket.room.RoomManager - Instance RoomManager initialized. [InstanceId=447212746]
2026-10-02 21:06:46 [main] INFO  c.t.t.t.p.s.e.ExceptionSocketHandler - Instance ExceptionSocketHandler initialized. [InstanceId=1408974251]
2026-10-02 21:06:46 [main] INFO  c.t.t.t.p.s.e.h.GlobalMessageHandler - Instance GlobalMessageHandler initialized. [InstanceId=1898325501]
2026-10-02 21:06:46 [main] INFO  c.t.t.t.p.s.e.h.RoomsByStatusHandler - Instance RoomsByStatusHandler initialized. [InstanceId=1949298838]
2026-10-02 21:06:46 [main] INFO  c.t.t.t.p.s.e.h.CreateRoomHandler - Instance CreateRoomHandler initialized. [InstanceId=889891977]
2026-10-02 21:06:46 [main] INFO  c.t.t.t.p.s.e.h.MessageRoomHandler - Instance MessageRoomHandler initialized. [InstanceId=402249858]
2026-10-02 21:06:46 [WebSocketSelector-29] INFO  c.t.t.t.p.socket.SocketServer - WebSocketServer started successfully. [port=8081] [url=ws://localhost:8081]
2026-10-02 21:06:46 [main] INFO  org.eclipse.jetty.util.log - Logging initialized @972ms to org.eclipse.jetty.util.log.Slf4jLog
2026-10-02 21:06:46 [main] INFO  io.javalin.Javalin - Starting Javalin ...
2026-10-02 21:06:46 [main] INFO  io.javalin.Javalin - You are running Javalin 4.6.8 (released May 4, 2023. Your Javalin version is 1247 days old. Consider checking for a newer version.).
2026-10-02 21:06:46 [main] INFO  io.javalin.Javalin - Listening on http://localhost:8080/
2026-10-02 21:06:46 [main] INFO  io.javalin.Javalin - Javalin started in 129ms \o/
2026-10-02 21:06:46 [main] INFO  c.t.t.t.presentation.http.HttpServer - Instance HttpServer initialized.
2026-10-02 21:06:46 [main] INFO  c.t.t.t.presentation.http.HttpServer - HttpServer started successfully. [port=8080] [url=http://localhost:8080]
2026-10-02 21:06:46 [main] INFO  com.tic.tac.toe.Application - Started Application
2026-10-02 21:06:49 [WebSocketWorker-17] INFO  c.t.t.t.p.s.c.ConnectionManager - A connection added on manager. [connectionId=2b6b8e2d-1d10-41c0-bae2-7310b3bc17f6] [userId=64f51ab2-6a09-44f6-8606-bf4a0718d920]
2026-10-02 21:06:51 [WebSocketWorker-18] INFO  c.t.t.t.p.s.c.ConnectionManager - A connection added on manager. [connectionId=edf3c0e2-b494-44e2-94bb-dc6b777cea97] [userId=a9876944-0518-4057-ba2b-5171c3a8bea7]
2026-10-02 21:06:55 [WebSocketWorker-17] INFO  c.t.t.t.p.s.c.ConnectionManager - Getting connection by websocket
2026-10-02 21:06:55 [WebSocketWorker-17] INFO  c.t.t.t.p.s.c.ConnectionManager - Got connection by websocket. [connectionId=2b6b8e2d-1d10-41c0-bae2-7310b3bc17f6] [userId=64f51ab2-6a09-44f6-8606-bf4a0718d920]
2026-10-02 21:06:55 [WebSocketWorker-17] INFO  c.t.t.t.p.s.c.ConnectionManager - Getting connection by userId. [userId=64f51ab2-6a09-44f6-8606-bf4a0718d920]
2026-10-02 21:06:55 [WebSocketWorker-17] INFO  c.t.t.t.p.s.c.ConnectionManager - Got connection by userId. [connectionId=2b6b8e2d-1d10-41c0-bae2-7310b3bc17f6] [userId=64f51ab2-6a09-44f6-8606-bf4a0718d920]
2026-10-02 21:06:55 [WebSocketWorker-17] INFO  c.t.t.t.i.p.j.r.RoomJpaRepository - Room saved successfully. [RoomId=9b5055ab-0f05-4e4b-b08c-826895d9e2d3]
2026-10-02 21:06:55 [WebSocketWorker-17] INFO  c.t.t.t.a.service.RoomServiceImpl - Room created. [roomId=9b5055ab-0f05-4e4b-b08c-826895d9e2d3] [ownerId=64f51ab2-6a09-44f6-8606-bf4a0718d920]
2026-10-02 21:06:55 [WebSocketWorker-17] INFO  c.t.t.t.p.socket.room.RoomManager - Room created. [RoomId=9b5055ab-0f05-4e4b-b08c-826895d9e2d3] [TotalRooms=1]
2026-10-02 21:06:55 [WebSocketWorker-17] INFO  c.t.t.t.p.socket.room.RoomManager - User joined room. [RoomId=9b5055ab-0f05-4e4b-b08c-826895d9e2d3] [UserId=64f51ab2-6a09-44f6-8606-bf4a0718d920] [TotalUsers=1]
2026-10-02 21:06:55 [WebSocketWorker-17] INFO  c.t.t.t.p.socket.room.RoomManager - Broadcast sent. [RoomId=9b5055ab-0f05-4e4b-b08c-826895d9e2d3] [Recipients=1]
2026-10-02 21:06:55 [WebSocketWorker-17] INFO  c.t.t.t.p.s.c.ConnectionManager - Sending message on broadcast
2026-10-02 21:06:55 [WebSocketWorker-17] INFO  c.t.t.t.p.s.c.ConnectionManager - Send message to connection. [connectionId=edf3c0e2-b494-44e2-94bb-dc6b777cea97] [userId=a9876944-0518-4057-ba2b-5171c3a8bea7]
2026-10-02 21:06:55 [WebSocketWorker-17] INFO  c.t.t.t.p.s.c.ConnectionManager - Send message to connection. [connectionId=2b6b8e2d-1d10-41c0-bae2-7310b3bc17f6] [userId=64f51ab2-6a09-44f6-8606-bf4a0718d920]
2026-10-02 21:06:55 [WebSocketWorker-17] INFO  c.t.t.t.p.s.e.h.CreateRoomHandler - Room created and owner joined. [roomId=9b5055ab-0f05-4e4b-b08c-826895d9e2d3] [ownerId=64f51ab2-6a09-44f6-8606-bf4a0718d920]
2026-10-02 21:07:05 [WebSocketSelector-29] INFO  c.t.t.t.p.s.c.ConnectionManager - Getting connection by websocket
2026-10-02 21:07:05 [WebSocketSelector-29] INFO  c.t.t.t.p.s.c.ConnectionManager - Got connection by websocket. [connectionId=2b6b8e2d-1d10-41c0-bae2-7310b3bc17f6] [userId=64f51ab2-6a09-44f6-8606-bf4a0718d920]
2026-10-02 21:07:05 [WebSocketSelector-29] INFO  c.t.t.t.p.s.c.ConnectionManager - Connection removed successfully. [connectionId=2b6b8e2d-1d10-41c0-bae2-7310b3bc17f6] [userId=64f51ab2-6a09-44f6-8606-bf4a0718d920]
2026-10-02 21:07:05 [WebSocketSelector-29] INFO  c.t.t.t.p.socket.room.RoomManager - User left room. [RoomId=9b5055ab-0f05-4e4b-b08c-826895d9e2d3] [UserId=64f51ab2-6a09-44f6-8606-bf4a0718d920] [TotalUsers=0]
2026-10-02 21:07:05 [WebSocketSelector-29] WARN  c.t.t.t.p.socket.SocketServer - RoomPlayer already removed. [roomId=9b5055ab-0f05-4e4b-b08c-826895d9e2d3] [userId=64f51ab2-6a09-44f6-8606-bf4a0718d920]
2026-10-02 21:07:05 [WebSocketSelector-29] INFO  c.t.t.t.p.socket.room.RoomManager - Room removed by id. [RoomId=9b5055ab-0f05-4e4b-b08c-826895d9e2d3] [TotalRooms=0]
2026-10-02 21:07:05 [WebSocketSelector-29] INFO  c.t.t.t.i.p.j.r.RoomJpaRepository - Room deleted successfully. [RoomId=9b5055ab-0f05-4e4b-b08c-826895d9e2d3]
2026-10-02 21:07:05 [WebSocketSelector-29] INFO  c.t.t.t.a.service.RoomServiceImpl - Room deleted. [roomId=9b5055ab-0f05-4e4b-b08c-826895d9e2d3]
2026-10-02 21:07:05 [WebSocketSelector-29] WARN  c.t.t.t.p.socket.SocketServer - Close connection. [connectionId=2b6b8e2d-1d10-41c0-bae2-7310b3bc17f6] [userId=64f51ab2-6a09-44f6-8606-bf4a0718d920] [code=1000] [reason=Client initiated close]
2026-10-02 21:07:08 [WebSocketWorker-18] INFO  c.t.t.t.p.s.c.ConnectionManager - Getting connection by websocket
2026-10-02 21:07:08 [WebSocketWorker-18] INFO  c.t.t.t.p.s.c.ConnectionManager - Got connection by websocket. [connectionId=edf3c0e2-b494-44e2-94bb-dc6b777cea97] [userId=a9876944-0518-4057-ba2b-5171c3a8bea7]
2026-10-02 21:07:08 [WebSocketWorker-18] INFO  c.t.t.t.p.s.c.ConnectionManager - Sending message on broadcast
2026-10-02 21:07:08 [WebSocketWorker-18] INFO  c.t.t.t.p.s.c.ConnectionManager - Send message to connection. [connectionId=edf3c0e2-b494-44e2-94bb-dc6b777cea97] [userId=a9876944-0518-4057-ba2b-5171c3a8bea7]
2026-10-02 21:07:18 [WebSocketWorker-18] INFO  c.t.t.t.p.s.c.ConnectionManager - Getting connection by websocket
2026-10-02 21:07:18 [WebSocketWorker-18] INFO  c.t.t.t.p.s.c.ConnectionManager - Got connection by websocket. [connectionId=edf3c0e2-b494-44e2-94bb-dc6b777cea97] [userId=a9876944-0518-4057-ba2b-5171c3a8bea7]
2026-10-02 21:07:18 [WebSocketWorker-18] INFO  c.t.t.t.p.s.c.ConnectionManager - Sending message on broadcast
2026-10-02 21:07:18 [WebSocketWorker-18] INFO  c.t.t.t.p.s.c.ConnectionManager - Send message to connection. [connectionId=edf3c0e2-b494-44e2-94bb-dc6b777cea97] [userId=a9876944-0518-4057-ba2b-5171c3a8bea7]
2026-10-02 21:07:39 [WebSocketWorker-18] INFO  c.t.t.t.p.s.c.ConnectionManager - Getting connection by websocket
2026-10-02 21:07:39 [WebSocketWorker-18] INFO  c.t.t.t.p.s.c.ConnectionManager - Got connection by websocket. [connectionId=edf3c0e2-b494-44e2-94bb-dc6b777cea97] [userId=a9876944-0518-4057-ba2b-5171c3a8bea7]
2026-10-02 21:07:39 [WebSocketWorker-18] INFO  c.t.t.t.p.s.c.ConnectionManager - Sending message on broadcast
2026-10-02 21:07:39 [WebSocketWorker-18] INFO  c.t.t.t.p.s.c.ConnectionManager - Send message to connection. [connectionId=edf3c0e2-b494-44e2-94bb-dc6b777cea97] [userId=a9876944-0518-4057-ba2b-5171c3a8bea7]
2026-10-02 21:08:01 [WebSocketSelector-29] INFO  c.t.t.t.p.s.c.ConnectionManager - Getting connection by websocket
2026-10-02 21:08:01 [WebSocketSelector-29] INFO  c.t.t.t.p.s.c.ConnectionManager - Got connection by websocket. [connectionId=edf3c0e2-b494-44e2-94bb-dc6b777cea97] [userId=a9876944-0518-4057-ba2b-5171c3a8bea7]
2026-10-02 21:08:01 [WebSocketSelector-29] INFO  c.t.t.t.p.s.c.ConnectionManager - Connection removed successfully. [connectionId=edf3c0e2-b494-44e2-94bb-dc6b777cea97] [userId=a9876944-0518-4057-ba2b-5171c3a8bea7]
2026-10-02 21:08:01 [WebSocketSelector-29] WARN  c.t.t.t.p.socket.SocketServer - Close connection. [connectionId=edf3c0e2-b494-44e2-94bb-dc6b777cea97] [userId=a9876944-0518-4057-ba2b-5171c3a8bea7] [code=1000] [reason=Client initiated close]
2026-10-02 21:08:02 [WebSocketWorker-19] INFO  c.t.t.t.p.s.c.ConnectionManager - A connection added on manager. [connectionId=8b95fd7c-ee48-460b-8480-53d3a8d2d715] [userId=a9876944-0518-4057-ba2b-5171c3a8bea7]
2026-10-02 21:08:06 [WebSocketWorker-19] INFO  c.t.t.t.p.s.c.ConnectionManager - Getting connection by websocket
2026-10-02 21:08:06 [WebSocketWorker-19] INFO  c.t.t.t.p.s.c.ConnectionManager - Got connection by websocket. [connectionId=8b95fd7c-ee48-460b-8480-53d3a8d2d715] [userId=a9876944-0518-4057-ba2b-5171c3a8bea7]
2026-10-02 21:08:06 [WebSocketWorker-19] INFO  c.t.t.t.p.s.c.ConnectionManager - Sending message on broadcast
2026-10-02 21:08:06 [WebSocketWorker-19] INFO  c.t.t.t.p.s.c.ConnectionManager - Send message to connection. [connectionId=8b95fd7c-ee48-460b-8480-53d3a8d2d715] [userId=a9876944-0518-4057-ba2b-5171c3a8bea7]
2026-10-02 21:08:15 [WebSocketSelector-29] INFO  c.t.t.t.p.s.c.ConnectionManager - Getting connection by websocket
2026-10-02 21:08:15 [WebSocketSelector-29] INFO  c.t.t.t.p.s.c.ConnectionManager - Got connection by websocket. [connectionId=8b95fd7c-ee48-460b-8480-53d3a8d2d715] [userId=a9876944-0518-4057-ba2b-5171c3a8bea7]
2026-10-02 21:08:15 [WebSocketSelector-29] INFO  c.t.t.t.p.s.c.ConnectionManager - Connection removed successfully. [connectionId=8b95fd7c-ee48-460b-8480-53d3a8d2d715] [userId=a9876944-0518-4057-ba2b-5171c3a8bea7]
2026-10-02 21:08:15 [WebSocketSelector-29] WARN  c.t.t.t.p.socket.SocketServer - Close connection. [connectionId=8b95fd7c-ee48-460b-8480-53d3a8d2d715] [userId=a9876944-0518-4057-ba2b-5171c3a8bea7] [code=1000] [reason=Client initiated close]
2026-10-02 21:08:34 [main] INFO  c.t.t.t.i.config.Environment - Instance Environment initialized. [InstanceId=1394336709]
2026-10-02 21:08:34 [main] INFO  c.t.t.t.i.security.JwtService - Instance JwtService initialized. [InstanceId=1566502717]
2026-10-02 21:08:34 [main] INFO  c.t.t.t.i.persistence.jpa.JpaUtil - Instance JpaUtil initialized. [InstanceId=1045997582]
2026-10-02 21:08:34 [main] INFO  c.t.t.t.i.p.j.r.UserJpaRepository - Instance UserJpaRepository initialized. [InstanceId=1337335626]
2026-10-02 21:08:34 [main] INFO  c.t.t.t.i.p.j.r.RoomJpaRepository - Instance RoomJpaRepository initialized. [InstanceId=1336996537]
2026-10-02 21:08:34 [main] INFO  c.t.t.t.i.p.j.r.RoomPlayerJpaRepository - Instance RoomPlayerJpaRepository initialized. [InstanceId=7967307]
2026-10-02 21:08:34 [main] INFO  c.t.t.t.a.service.AuthServiceImpl - Instance AuthServiceImpl initialized. [InstanceId=2073707154]
2026-10-02 21:08:34 [main] INFO  c.t.t.t.a.service.UserServiceImpl - Instance UserServiceImpl initialized. [InstanceId=78204644]
2026-10-02 21:08:34 [main] INFO  c.t.t.t.a.service.RoomServiceImpl - Instance RoomServiceImpl initialized. [InstanceId=1287934450]
2026-10-02 21:08:34 [main] INFO  c.t.t.t.a.s.RoomPlayerServiceImpl - Instance RoomPlayerServiceImpl initialized. [InstanceId=6519275]
2026-10-02 21:08:34 [main] INFO  c.t.t.t.p.h.m.AuthorizedHttpMiddleware - Instance AuthorizedHttpMiddleware initialized. [InstanceId=692331943]
2026-10-02 21:08:34 [main] INFO  c.t.t.t.p.h.c.AuthController - Instance AuthController initialized. [InstanceId=1741979653]
2026-10-02 21:08:34 [main] INFO  c.t.t.t.p.s.m.AuthorizedSocketMiddleware - Instance AuthorizedSocketMiddleware initialized. [InstanceId=166794956]
2026-10-02 21:08:34 [main] INFO  c.t.t.t.p.s.c.ConnectionManager - Instance ConnectionManager initialized. [InstanceId=306612792]
2026-10-02 21:08:34 [main] INFO  c.t.t.t.p.socket.room.RoomManager - Instance RoomManager initialized. [InstanceId=447212746]
2026-10-02 21:08:35 [main] INFO  c.t.t.t.p.s.e.ExceptionSocketHandler - Instance ExceptionSocketHandler initialized. [InstanceId=1408974251]
2026-10-02 21:08:35 [main] INFO  c.t.t.t.p.s.e.h.GlobalMessageHandler - Instance GlobalMessageHandler initialized. [InstanceId=1898325501]
2026-10-02 21:08:35 [main] INFO  c.t.t.t.p.s.e.h.RoomsByStatusHandler - Instance RoomsByStatusHandler initialized. [InstanceId=1949298838]
2026-10-02 21:08:35 [main] INFO  c.t.t.t.p.s.e.h.CreateRoomHandler - Instance CreateRoomHandler initialized. [InstanceId=889891977]
2026-10-02 21:08:35 [main] INFO  c.t.t.t.p.s.e.h.MessageRoomHandler - Instance MessageRoomHandler initialized. [InstanceId=402249858]
2026-10-02 21:08:35 [WebSocketSelector-29] INFO  c.t.t.t.p.socket.SocketServer - WebSocketServer started successfully. [port=8081] [url=ws://localhost:8081]
2026-10-02 21:08:35 [main] INFO  org.eclipse.jetty.util.log - Logging initialized @1000ms to org.eclipse.jetty.util.log.Slf4jLog
2026-10-02 21:08:35 [main] INFO  io.javalin.Javalin - Starting Javalin ...
2026-10-02 21:08:35 [main] INFO  io.javalin.Javalin - You are running Javalin 4.6.8 (released May 4, 2023. Your Javalin version is 1247 days old. Consider checking for a newer version.).
2026-10-02 21:08:35 [main] INFO  io.javalin.Javalin - Listening on http://localhost:8080/
2026-10-02 21:08:35 [main] INFO  io.javalin.Javalin - Javalin started in 111ms \o/
2026-10-02 21:08:35 [main] INFO  c.t.t.t.presentation.http.HttpServer - Instance HttpServer initialized.
2026-10-02 21:08:35 [main] INFO  c.t.t.t.presentation.http.HttpServer - HttpServer started successfully. [port=8080] [url=http://localhost:8080]
2026-10-02 21:08:35 [main] INFO  com.tic.tac.toe.Application - Started Application
2026-10-02 21:08:38 [WebSocketWorker-17] INFO  c.t.t.t.p.s.c.ConnectionManager - A connection added on manager. [connectionId=041912ec-e228-4f28-98a5-d305bebb8dfc] [userId=a9876944-0518-4057-ba2b-5171c3a8bea7]
2026-10-02 21:08:39 [WebSocketWorker-18] INFO  c.t.t.t.p.s.c.ConnectionManager - A connection added on manager. [connectionId=a1e35074-5ab1-47a9-a076-16a6d54f0544] [userId=64f51ab2-6a09-44f6-8606-bf4a0718d920]
2026-10-02 21:08:41 [WebSocketWorker-17] INFO  c.t.t.t.p.s.c.ConnectionManager - Getting connection by websocket
2026-10-02 21:08:41 [WebSocketWorker-17] INFO  c.t.t.t.p.s.c.ConnectionManager - Got connection by websocket. [connectionId=041912ec-e228-4f28-98a5-d305bebb8dfc] [userId=a9876944-0518-4057-ba2b-5171c3a8bea7]
2026-10-02 21:08:42 [WebSocketWorker-17] INFO  c.t.t.t.p.s.c.ConnectionManager - Sending message on broadcast
2026-10-02 21:08:42 [WebSocketWorker-17] INFO  c.t.t.t.p.s.c.ConnectionManager - Send message to connection. [connectionId=041912ec-e228-4f28-98a5-d305bebb8dfc] [userId=a9876944-0518-4057-ba2b-5171c3a8bea7]
2026-10-02 21:08:42 [WebSocketWorker-17] INFO  c.t.t.t.p.s.c.ConnectionManager - Send message to connection. [connectionId=a1e35074-5ab1-47a9-a076-16a6d54f0544] [userId=64f51ab2-6a09-44f6-8606-bf4a0718d920]
2026-10-02 21:08:46 [WebSocketWorker-18] INFO  c.t.t.t.p.s.c.ConnectionManager - Getting connection by websocket
2026-10-02 21:08:46 [WebSocketWorker-18] INFO  c.t.t.t.p.s.c.ConnectionManager - Got connection by websocket. [connectionId=a1e35074-5ab1-47a9-a076-16a6d54f0544] [userId=64f51ab2-6a09-44f6-8606-bf4a0718d920]
2026-10-02 21:08:46 [WebSocketWorker-18] INFO  c.t.t.t.p.s.c.ConnectionManager - Getting connection by userId. [userId=64f51ab2-6a09-44f6-8606-bf4a0718d920]
2026-10-02 21:08:46 [WebSocketWorker-18] INFO  c.t.t.t.p.s.c.ConnectionManager - Got connection by userId. [connectionId=a1e35074-5ab1-47a9-a076-16a6d54f0544] [userId=64f51ab2-6a09-44f6-8606-bf4a0718d920]
2026-10-02 21:08:46 [WebSocketWorker-18] INFO  c.t.t.t.i.p.j.r.RoomJpaRepository - Room saved successfully. [RoomId=9d070baa-74e7-4acd-a918-7daebc03ebd6]
2026-10-02 21:08:46 [WebSocketWorker-18] INFO  c.t.t.t.a.service.RoomServiceImpl - Room created. [roomId=9d070baa-74e7-4acd-a918-7daebc03ebd6] [ownerId=64f51ab2-6a09-44f6-8606-bf4a0718d920]
2026-10-02 21:08:46 [WebSocketWorker-18] INFO  c.t.t.t.p.socket.room.RoomManager - Room created. [RoomId=9d070baa-74e7-4acd-a918-7daebc03ebd6] [TotalRooms=1]
2026-10-02 21:08:46 [WebSocketWorker-18] INFO  c.t.t.t.p.socket.room.RoomManager - User joined room. [RoomId=9d070baa-74e7-4acd-a918-7daebc03ebd6] [UserId=64f51ab2-6a09-44f6-8606-bf4a0718d920] [TotalUsers=1]
2026-10-02 21:08:46 [WebSocketWorker-18] INFO  c.t.t.t.p.socket.room.RoomManager - Broadcast sent. [RoomId=9d070baa-74e7-4acd-a918-7daebc03ebd6] [Recipients=1]
2026-10-02 21:08:46 [WebSocketWorker-18] INFO  c.t.t.t.p.s.c.ConnectionManager - Sending message on broadcast
2026-10-02 21:08:46 [WebSocketWorker-18] INFO  c.t.t.t.p.s.c.ConnectionManager - Send message to connection. [connectionId=041912ec-e228-4f28-98a5-d305bebb8dfc] [userId=a9876944-0518-4057-ba2b-5171c3a8bea7]
2026-10-02 21:08:46 [WebSocketWorker-18] INFO  c.t.t.t.p.s.c.ConnectionManager - Send message to connection. [connectionId=a1e35074-5ab1-47a9-a076-16a6d54f0544] [userId=64f51ab2-6a09-44f6-8606-bf4a0718d920]
2026-10-02 21:08:46 [WebSocketWorker-18] INFO  c.t.t.t.p.s.e.h.CreateRoomHandler - Room created and owner joined. [roomId=9d070baa-74e7-4acd-a918-7daebc03ebd6] [ownerId=64f51ab2-6a09-44f6-8606-bf4a0718d920]
2026-10-02 21:08:53 [WebSocketSelector-29] INFO  c.t.t.t.p.s.c.ConnectionManager - Getting connection by websocket
2026-10-02 21:08:53 [WebSocketSelector-29] INFO  c.t.t.t.p.s.c.ConnectionManager - Got connection by websocket. [connectionId=a1e35074-5ab1-47a9-a076-16a6d54f0544] [userId=64f51ab2-6a09-44f6-8606-bf4a0718d920]
2026-10-02 21:08:53 [WebSocketSelector-29] INFO  c.t.t.t.p.s.c.ConnectionManager - Connection removed successfully. [connectionId=a1e35074-5ab1-47a9-a076-16a6d54f0544] [userId=64f51ab2-6a09-44f6-8606-bf4a0718d920]
2026-10-02 21:08:53 [WebSocketSelector-29] INFO  c.t.t.t.p.socket.room.RoomManager - User left room. [RoomId=9d070baa-74e7-4acd-a918-7daebc03ebd6] [UserId=64f51ab2-6a09-44f6-8606-bf4a0718d920] [TotalUsers=0]
2026-10-02 21:08:53 [WebSocketSelector-29] WARN  c.t.t.t.p.socket.SocketServer - RoomPlayer already removed. [roomId=9d070baa-74e7-4acd-a918-7daebc03ebd6] [userId=64f51ab2-6a09-44f6-8606-bf4a0718d920]
2026-10-02 21:08:53 [WebSocketSelector-29] INFO  c.t.t.t.p.socket.room.RoomManager - Room removed by id. [RoomId=9d070baa-74e7-4acd-a918-7daebc03ebd6] [TotalRooms=0]
2026-10-02 21:08:53 [WebSocketSelector-29] INFO  c.t.t.t.i.p.j.r.RoomJpaRepository - Room deleted successfully. [RoomId=9d070baa-74e7-4acd-a918-7daebc03ebd6]
2026-10-02 21:08:53 [WebSocketSelector-29] INFO  c.t.t.t.a.service.RoomServiceImpl - Room deleted. [roomId=9d070baa-74e7-4acd-a918-7daebc03ebd6]
2026-10-02 21:08:53 [WebSocketSelector-29] WARN  c.t.t.t.p.socket.SocketServer - Close connection. [connectionId=a1e35074-5ab1-47a9-a076-16a6d54f0544] [userId=64f51ab2-6a09-44f6-8606-bf4a0718d920] [code=1000] [reason=Client initiated close]
2026-10-02 21:08:59 [WebSocketWorker-17] INFO  c.t.t.t.p.s.c.ConnectionManager - Getting connection by websocket
2026-10-02 21:08:59 [WebSocketWorker-17] INFO  c.t.t.t.p.s.c.ConnectionManager - Got connection by websocket. [connectionId=041912ec-e228-4f28-98a5-d305bebb8dfc] [userId=a9876944-0518-4057-ba2b-5171c3a8bea7]
2026-10-02 21:08:59 [WebSocketWorker-17] INFO  c.t.t.t.p.s.c.ConnectionManager - Sending message on broadcast
2026-10-02 21:08:59 [WebSocketWorker-17] INFO  c.t.t.t.p.s.c.ConnectionManager - Send message to connection. [connectionId=041912ec-e228-4f28-98a5-d305bebb8dfc] [userId=a9876944-0518-4057-ba2b-5171c3a8bea7]
2026-10-02 21:09:04 [WebSocketSelector-29] INFO  c.t.t.t.p.s.c.ConnectionManager - Getting connection by websocket
2026-10-02 21:09:04 [WebSocketSelector-29] INFO  c.t.t.t.p.s.c.ConnectionManager - Got connection by websocket. [connectionId=041912ec-e228-4f28-98a5-d305bebb8dfc] [userId=a9876944-0518-4057-ba2b-5171c3a8bea7]
2026-10-02 21:09:04 [WebSocketSelector-29] INFO  c.t.t.t.p.s.c.ConnectionManager - Connection removed successfully. [connectionId=041912ec-e228-4f28-98a5-d305bebb8dfc] [userId=a9876944-0518-4057-ba2b-5171c3a8bea7]
2026-10-02 21:09:04 [WebSocketSelector-29] WARN  c.t.t.t.p.socket.SocketServer - Close connection. [connectionId=041912ec-e228-4f28-98a5-d305bebb8dfc] [userId=a9876944-0518-4057-ba2b-5171c3a8bea7] [code=1000] [reason=Client initiated close]
2026-10-02 21:13:02 [main] INFO  c.t.t.t.i.config.Environment - Instance Environment initialized. [InstanceId=1394336709]
2026-10-02 21:13:02 [main] INFO  c.t.t.t.i.security.JwtService - Instance JwtService initialized. [InstanceId=1566502717]
2026-10-02 21:13:02 [main] INFO  c.t.t.t.i.persistence.jpa.JpaUtil - Instance JpaUtil initialized. [InstanceId=1045997582]
2026-10-02 21:13:02 [main] INFO  c.t.t.t.i.p.j.r.UserJpaRepository - Instance UserJpaRepository initialized. [InstanceId=1337335626]
2026-10-02 21:13:02 [main] INFO  c.t.t.t.i.p.j.r.RoomJpaRepository - Instance RoomJpaRepository initialized. [InstanceId=1336996537]
2026-10-02 21:13:02 [main] INFO  c.t.t.t.i.p.j.r.RoomPlayerJpaRepository - Instance RoomPlayerJpaRepository initialized. [InstanceId=7967307]
2026-10-02 21:13:02 [main] INFO  c.t.t.t.a.service.AuthServiceImpl - Instance AuthServiceImpl initialized. [InstanceId=2073707154]
2026-10-02 21:13:02 [main] INFO  c.t.t.t.a.service.UserServiceImpl - Instance UserServiceImpl initialized. [InstanceId=78204644]
2026-10-02 21:13:02 [main] INFO  c.t.t.t.a.service.RoomServiceImpl - Instance RoomServiceImpl initialized. [InstanceId=1287934450]
2026-10-02 21:13:02 [main] INFO  c.t.t.t.a.s.RoomPlayerServiceImpl - Instance RoomPlayerServiceImpl initialized. [InstanceId=6519275]
2026-10-02 21:13:02 [main] INFO  c.t.t.t.p.h.m.AuthorizedHttpMiddleware - Instance AuthorizedHttpMiddleware initialized. [InstanceId=692331943]
2026-10-02 21:13:02 [main] INFO  c.t.t.t.p.h.c.AuthController - Instance AuthController initialized. [InstanceId=1741979653]
2026-10-02 21:13:02 [main] INFO  c.t.t.t.p.s.m.AuthorizedSocketMiddleware - Instance AuthorizedSocketMiddleware initialized. [InstanceId=166794956]
2026-10-02 21:13:02 [main] INFO  c.t.t.t.p.s.c.ConnectionManager - Instance ConnectionManager initialized. [InstanceId=306612792]
2026-10-02 21:13:02 [main] INFO  c.t.t.t.p.socket.room.RoomManager - Instance RoomManager initialized. [InstanceId=447212746]
2026-10-02 21:13:02 [main] INFO  c.t.t.t.p.s.e.ExceptionSocketHandler - Instance ExceptionSocketHandler initialized. [InstanceId=1408974251]
2026-10-02 21:13:02 [main] INFO  c.t.t.t.p.s.e.h.GlobalMessageHandler - Instance GlobalMessageHandler initialized. [InstanceId=1898325501]
2026-10-02 21:13:02 [main] INFO  c.t.t.t.p.s.e.h.RoomsByStatusHandler - Instance RoomsByStatusHandler initialized. [InstanceId=1949298838]
2026-10-02 21:13:02 [main] INFO  c.t.t.t.p.s.e.h.CreateRoomHandler - Instance CreateRoomHandler initialized. [InstanceId=889891977]
2026-10-02 21:13:02 [main] INFO  c.t.t.t.p.s.e.h.MessageRoomHandler - Instance MessageRoomHandler initialized. [InstanceId=402249858]
2026-10-02 21:13:02 [WebSocketSelector-29] INFO  c.t.t.t.p.socket.SocketServer - WebSocketServer started successfully. [port=8081] [url=ws://localhost:8081]
2026-10-02 21:13:02 [main] INFO  org.eclipse.jetty.util.log - Logging initialized @992ms to org.eclipse.jetty.util.log.Slf4jLog
2026-10-02 21:13:02 [main] INFO  io.javalin.Javalin - Starting Javalin ...
2026-10-02 21:13:02 [main] INFO  io.javalin.Javalin - You are running Javalin 4.6.8 (released May 4, 2023. Your Javalin version is 1247 days old. Consider checking for a newer version.).
2026-10-02 21:13:03 [main] INFO  io.javalin.Javalin - Listening on http://localhost:8080/
2026-10-02 21:13:03 [main] INFO  io.javalin.Javalin - Javalin started in 141ms \o/
2026-10-02 21:13:03 [main] INFO  c.t.t.t.presentation.http.HttpServer - Instance HttpServer initialized.
2026-10-02 21:13:03 [main] INFO  c.t.t.t.presentation.http.HttpServer - HttpServer started successfully. [port=8080] [url=http://localhost:8080]
2026-10-02 21:13:03 [main] INFO  com.tic.tac.toe.Application - Started Application
2026-10-02 21:13:07 [WebSocketWorker-17] INFO  c.t.t.t.p.s.c.ConnectionManager - A connection added on manager. [connectionId=d76ed752-841e-4e5c-95ce-5d68b96ea5d1] [userId=a9876944-0518-4057-ba2b-5171c3a8bea7]
2026-10-02 21:13:09 [WebSocketWorker-18] INFO  c.t.t.t.p.s.c.ConnectionManager - A connection added on manager. [connectionId=16e522db-4fa7-4e84-b11a-2c0660d3310c] [userId=64f51ab2-6a09-44f6-8606-bf4a0718d920]
2026-10-02 21:13:12 [WebSocketWorker-17] INFO  c.t.t.t.p.s.c.ConnectionManager - Getting connection by websocket
2026-10-02 21:13:12 [WebSocketWorker-17] INFO  c.t.t.t.p.s.c.ConnectionManager - Got connection by websocket. [connectionId=d76ed752-841e-4e5c-95ce-5d68b96ea5d1] [userId=a9876944-0518-4057-ba2b-5171c3a8bea7]
2026-10-02 21:13:12 [WebSocketWorker-17] INFO  c.t.t.t.p.s.c.ConnectionManager - Getting connection by userId. [userId=a9876944-0518-4057-ba2b-5171c3a8bea7]
2026-10-02 21:13:12 [WebSocketWorker-17] INFO  c.t.t.t.p.s.c.ConnectionManager - Got connection by userId. [connectionId=d76ed752-841e-4e5c-95ce-5d68b96ea5d1] [userId=a9876944-0518-4057-ba2b-5171c3a8bea7]
2026-10-02 21:13:21 [WebSocketWorker-18] INFO  c.t.t.t.p.s.c.ConnectionManager - Getting connection by websocket
2026-10-02 21:13:21 [WebSocketWorker-18] INFO  c.t.t.t.p.s.c.ConnectionManager - Got connection by websocket. [connectionId=16e522db-4fa7-4e84-b11a-2c0660d3310c] [userId=64f51ab2-6a09-44f6-8606-bf4a0718d920]
2026-10-02 21:13:21 [WebSocketWorker-18] INFO  c.t.t.t.p.s.c.ConnectionManager - Getting connection by userId. [userId=64f51ab2-6a09-44f6-8606-bf4a0718d920]
2026-10-02 21:13:21 [WebSocketWorker-18] INFO  c.t.t.t.p.s.c.ConnectionManager - Got connection by userId. [connectionId=16e522db-4fa7-4e84-b11a-2c0660d3310c] [userId=64f51ab2-6a09-44f6-8606-bf4a0718d920]
2026-10-02 21:13:21 [WebSocketWorker-18] INFO  c.t.t.t.i.p.j.r.RoomJpaRepository - Room saved successfully. [RoomId=e67e2821-9c2b-4754-a39c-e80070c58fa9]
2026-10-02 21:13:21 [WebSocketWorker-18] INFO  c.t.t.t.a.service.RoomServiceImpl - Room created. [roomId=e67e2821-9c2b-4754-a39c-e80070c58fa9] [ownerId=64f51ab2-6a09-44f6-8606-bf4a0718d920]
2026-10-02 21:13:21 [WebSocketWorker-18] INFO  c.t.t.t.p.socket.room.RoomManager - Room created. [RoomId=e67e2821-9c2b-4754-a39c-e80070c58fa9] [TotalRooms=1]
2026-10-02 21:13:21 [WebSocketWorker-18] INFO  c.t.t.t.p.socket.room.RoomManager - User joined room. [RoomId=e67e2821-9c2b-4754-a39c-e80070c58fa9] [UserId=64f51ab2-6a09-44f6-8606-bf4a0718d920] [TotalUsers=1]
2026-10-02 21:13:21 [WebSocketWorker-18] INFO  c.t.t.t.p.socket.room.RoomManager - Broadcast sent. [RoomId=e67e2821-9c2b-4754-a39c-e80070c58fa9] [Recipients=1]
2026-10-02 21:13:21 [WebSocketWorker-18] INFO  c.t.t.t.p.s.c.ConnectionManager - Getting connection by userId. [userId=64f51ab2-6a09-44f6-8606-bf4a0718d920]
2026-10-02 21:13:21 [WebSocketWorker-18] INFO  c.t.t.t.p.s.c.ConnectionManager - Got connection by userId. [connectionId=16e522db-4fa7-4e84-b11a-2c0660d3310c] [userId=64f51ab2-6a09-44f6-8606-bf4a0718d920]
2026-10-02 21:13:21 [WebSocketWorker-18] INFO  c.t.t.t.p.s.c.ConnectionManager - Sending message on broadcast
2026-10-02 21:13:21 [WebSocketWorker-18] INFO  c.t.t.t.p.s.c.ConnectionManager - Send message to connection. [connectionId=d76ed752-841e-4e5c-95ce-5d68b96ea5d1] [userId=a9876944-0518-4057-ba2b-5171c3a8bea7]
2026-10-02 21:13:21 [WebSocketWorker-18] INFO  c.t.t.t.p.s.c.ConnectionManager - Send message to connection. [connectionId=16e522db-4fa7-4e84-b11a-2c0660d3310c] [userId=64f51ab2-6a09-44f6-8606-bf4a0718d920]
2026-10-02 21:13:21 [WebSocketWorker-18] INFO  c.t.t.t.p.s.e.h.CreateRoomHandler - Room created and owner joined. [roomId=e67e2821-9c2b-4754-a39c-e80070c58fa9] [ownerId=64f51ab2-6a09-44f6-8606-bf4a0718d920]
2026-10-02 21:13:38 [WebSocketWorker-17] INFO  c.t.t.t.p.s.c.ConnectionManager - Getting connection by websocket
2026-10-02 21:13:38 [WebSocketWorker-17] INFO  c.t.t.t.p.s.c.ConnectionManager - Got connection by websocket. [connectionId=d76ed752-841e-4e5c-95ce-5d68b96ea5d1] [userId=a9876944-0518-4057-ba2b-5171c3a8bea7]
2026-10-02 21:13:38 [WebSocketWorker-17] INFO  c.t.t.t.p.s.c.ConnectionManager - Getting connection by userId. [userId=a9876944-0518-4057-ba2b-5171c3a8bea7]
2026-10-02 21:13:38 [WebSocketWorker-17] INFO  c.t.t.t.p.s.c.ConnectionManager - Got connection by userId. [connectionId=d76ed752-841e-4e5c-95ce-5d68b96ea5d1] [userId=a9876944-0518-4057-ba2b-5171c3a8bea7]
2026-10-02 21:13:38 [WebSocketWorker-17] INFO  c.t.t.t.i.p.j.r.RoomJpaRepository - Room saved successfully. [RoomId=d27a500d-7d6e-4649-a54a-e46955457456]
2026-10-02 21:13:38 [WebSocketWorker-17] INFO  c.t.t.t.a.service.RoomServiceImpl - Room created. [roomId=d27a500d-7d6e-4649-a54a-e46955457456] [ownerId=a9876944-0518-4057-ba2b-5171c3a8bea7]
2026-10-02 21:13:38 [WebSocketWorker-17] INFO  c.t.t.t.p.socket.room.RoomManager - Room created. [RoomId=d27a500d-7d6e-4649-a54a-e46955457456] [TotalRooms=2]
2026-10-02 21:13:38 [WebSocketWorker-17] INFO  c.t.t.t.p.socket.room.RoomManager - User joined room. [RoomId=d27a500d-7d6e-4649-a54a-e46955457456] [UserId=a9876944-0518-4057-ba2b-5171c3a8bea7] [TotalUsers=1]
2026-10-02 21:13:38 [WebSocketWorker-17] INFO  c.t.t.t.p.socket.room.RoomManager - Broadcast sent. [RoomId=d27a500d-7d6e-4649-a54a-e46955457456] [Recipients=1]
2026-10-02 21:13:38 [WebSocketWorker-17] INFO  c.t.t.t.p.s.c.ConnectionManager - Getting connection by userId. [userId=a9876944-0518-4057-ba2b-5171c3a8bea7]
2026-10-02 21:13:38 [WebSocketWorker-17] INFO  c.t.t.t.p.s.c.ConnectionManager - Got connection by userId. [connectionId=d76ed752-841e-4e5c-95ce-5d68b96ea5d1] [userId=a9876944-0518-4057-ba2b-5171c3a8bea7]
2026-10-02 21:13:38 [WebSocketWorker-17] INFO  c.t.t.t.p.s.c.ConnectionManager - Sending message on broadcast
2026-10-02 21:13:38 [WebSocketWorker-17] INFO  c.t.t.t.p.s.c.ConnectionManager - Send message to connection. [connectionId=d76ed752-841e-4e5c-95ce-5d68b96ea5d1] [userId=a9876944-0518-4057-ba2b-5171c3a8bea7]
2026-10-02 21:13:38 [WebSocketWorker-17] INFO  c.t.t.t.p.s.c.ConnectionManager - Send message to connection. [connectionId=16e522db-4fa7-4e84-b11a-2c0660d3310c] [userId=64f51ab2-6a09-44f6-8606-bf4a0718d920]
2026-10-02 21:13:38 [WebSocketWorker-17] INFO  c.t.t.t.p.s.e.h.CreateRoomHandler - Room created and owner joined. [roomId=d27a500d-7d6e-4649-a54a-e46955457456] [ownerId=a9876944-0518-4057-ba2b-5171c3a8bea7]
2026-10-02 21:13:45 [WebSocketSelector-29] INFO  c.t.t.t.p.s.c.ConnectionManager - Getting connection by websocket
2026-10-02 21:13:45 [WebSocketSelector-29] INFO  c.t.t.t.p.s.c.ConnectionManager - Got connection by websocket. [connectionId=d76ed752-841e-4e5c-95ce-5d68b96ea5d1] [userId=a9876944-0518-4057-ba2b-5171c3a8bea7]
2026-10-02 21:13:45 [WebSocketSelector-29] INFO  c.t.t.t.p.s.c.ConnectionManager - Connection removed successfully. [connectionId=d76ed752-841e-4e5c-95ce-5d68b96ea5d1] [userId=a9876944-0518-4057-ba2b-5171c3a8bea7]
2026-10-02 21:13:45 [WebSocketSelector-29] INFO  c.t.t.t.p.socket.room.RoomManager - User left room. [RoomId=d27a500d-7d6e-4649-a54a-e46955457456] [UserId=a9876944-0518-4057-ba2b-5171c3a8bea7] [TotalUsers=0]
2026-10-02 21:13:45 [WebSocketSelector-29] WARN  c.t.t.t.p.socket.SocketServer - RoomPlayer already removed. [roomId=d27a500d-7d6e-4649-a54a-e46955457456] [userId=a9876944-0518-4057-ba2b-5171c3a8bea7]
2026-10-02 21:13:45 [WebSocketSelector-29] INFO  c.t.t.t.p.socket.room.RoomManager - Room removed by id. [RoomId=d27a500d-7d6e-4649-a54a-e46955457456] [TotalRooms=1]
2026-10-02 21:13:45 [WebSocketSelector-29] INFO  c.t.t.t.i.p.j.r.RoomJpaRepository - Room deleted successfully. [RoomId=d27a500d-7d6e-4649-a54a-e46955457456]
2026-10-02 21:13:45 [WebSocketSelector-29] INFO  c.t.t.t.a.service.RoomServiceImpl - Room deleted. [roomId=d27a500d-7d6e-4649-a54a-e46955457456]
2026-10-02 21:13:45 [WebSocketSelector-29] WARN  c.t.t.t.p.socket.SocketServer - Close connection. [connectionId=d76ed752-841e-4e5c-95ce-5d68b96ea5d1] [userId=a9876944-0518-4057-ba2b-5171c3a8bea7] [code=1000] [reason=Client initiated close]
2026-10-02 21:13:51 [WebSocketSelector-29] INFO  c.t.t.t.p.s.c.ConnectionManager - Getting connection by websocket
2026-10-02 21:13:51 [WebSocketSelector-29] INFO  c.t.t.t.p.s.c.ConnectionManager - Got connection by websocket. [connectionId=16e522db-4fa7-4e84-b11a-2c0660d3310c] [userId=64f51ab2-6a09-44f6-8606-bf4a0718d920]
2026-10-02 21:13:51 [WebSocketSelector-29] INFO  c.t.t.t.p.s.c.ConnectionManager - Connection removed successfully. [connectionId=16e522db-4fa7-4e84-b11a-2c0660d3310c] [userId=64f51ab2-6a09-44f6-8606-bf4a0718d920]
2026-10-02 21:13:51 [WebSocketSelector-29] INFO  c.t.t.t.p.socket.room.RoomManager - User left room. [RoomId=e67e2821-9c2b-4754-a39c-e80070c58fa9] [UserId=64f51ab2-6a09-44f6-8606-bf4a0718d920] [TotalUsers=0]
2026-10-02 21:13:51 [WebSocketSelector-29] WARN  c.t.t.t.p.socket.SocketServer - RoomPlayer already removed. [roomId=e67e2821-9c2b-4754-a39c-e80070c58fa9] [userId=64f51ab2-6a09-44f6-8606-bf4a0718d920]
2026-10-02 21:13:51 [WebSocketSelector-29] INFO  c.t.t.t.p.socket.room.RoomManager - Room removed by id. [RoomId=e67e2821-9c2b-4754-a39c-e80070c58fa9] [TotalRooms=0]
2026-10-02 21:13:51 [WebSocketSelector-29] INFO  c.t.t.t.i.p.j.r.RoomJpaRepository - Room deleted successfully. [RoomId=e67e2821-9c2b-4754-a39c-e80070c58fa9]
2026-10-02 21:13:51 [WebSocketSelector-29] INFO  c.t.t.t.a.service.RoomServiceImpl - Room deleted. [roomId=e67e2821-9c2b-4754-a39c-e80070c58fa9]
2026-10-02 21:13:51 [WebSocketSelector-29] WARN  c.t.t.t.p.socket.SocketServer - Close connection. [connectionId=16e522db-4fa7-4e84-b11a-2c0660d3310c] [userId=64f51ab2-6a09-44f6-8606-bf4a0718d920] [code=1000] [reason=Client initiated close]
2026-10-02 21:15:08 [main] INFO  c.t.t.t.i.config.Environment - Instance Environment initialized. [InstanceId=1394336709]
2026-10-02 21:15:08 [main] INFO  c.t.t.t.i.security.JwtService - Instance JwtService initialized. [InstanceId=1566502717]
2026-10-02 21:15:08 [main] INFO  c.t.t.t.i.persistence.jpa.JpaUtil - Instance JpaUtil initialized. [InstanceId=1045997582]
2026-10-02 21:15:08 [main] INFO  c.t.t.t.i.p.j.r.UserJpaRepository - Instance UserJpaRepository initialized. [InstanceId=1337335626]
2026-10-02 21:15:08 [main] INFO  c.t.t.t.i.p.j.r.RoomJpaRepository - Instance RoomJpaRepository initialized. [InstanceId=1336996537]
2026-10-02 21:15:08 [main] INFO  c.t.t.t.i.p.j.r.RoomPlayerJpaRepository - Instance RoomPlayerJpaRepository initialized. [InstanceId=7967307]
2026-10-02 21:15:08 [main] INFO  c.t.t.t.a.service.AuthServiceImpl - Instance AuthServiceImpl initialized. [InstanceId=2073707154]
2026-10-02 21:15:08 [main] INFO  c.t.t.t.a.service.UserServiceImpl - Instance UserServiceImpl initialized. [InstanceId=78204644]
2026-10-02 21:15:08 [main] INFO  c.t.t.t.a.service.RoomServiceImpl - Instance RoomServiceImpl initialized. [InstanceId=1287934450]
2026-10-02 21:15:08 [main] INFO  c.t.t.t.a.s.RoomPlayerServiceImpl - Instance RoomPlayerServiceImpl initialized. [InstanceId=6519275]
2026-10-02 21:15:08 [main] INFO  c.t.t.t.p.h.m.AuthorizedHttpMiddleware - Instance AuthorizedHttpMiddleware initialized. [InstanceId=692331943]
2026-10-02 21:15:08 [main] INFO  c.t.t.t.p.h.c.AuthController - Instance AuthController initialized. [InstanceId=1741979653]
2026-10-02 21:15:08 [main] INFO  c.t.t.t.p.s.m.AuthorizedSocketMiddleware - Instance AuthorizedSocketMiddleware initialized. [InstanceId=166794956]
2026-10-02 21:15:08 [main] INFO  c.t.t.t.p.s.c.ConnectionManager - Instance ConnectionManager initialized. [InstanceId=306612792]
2026-10-02 21:15:08 [main] INFO  c.t.t.t.p.socket.room.RoomManager - Instance RoomManager initialized. [InstanceId=447212746]
2026-10-02 21:15:08 [main] INFO  c.t.t.t.p.s.e.ExceptionSocketHandler - Instance ExceptionSocketHandler initialized. [InstanceId=1408974251]
2026-10-02 21:15:08 [main] INFO  c.t.t.t.p.s.e.h.GlobalMessageHandler - Instance GlobalMessageHandler initialized. [InstanceId=1898325501]
2026-10-02 21:15:08 [main] INFO  c.t.t.t.p.s.e.h.RoomsByStatusHandler - Instance RoomsByStatusHandler initialized. [InstanceId=1949298838]
2026-10-02 21:15:08 [main] INFO  c.t.t.t.p.s.e.h.CreateRoomHandler - Instance CreateRoomHandler initialized. [InstanceId=889891977]
2026-10-02 21:15:08 [main] INFO  c.t.t.t.p.s.e.h.MessageRoomHandler - Instance MessageRoomHandler initialized. [InstanceId=402249858]
2026-10-02 21:15:08 [WebSocketSelector-29] INFO  c.t.t.t.p.socket.SocketServer - WebSocketServer started successfully. [port=8081] [url=ws://localhost:8081]
2026-10-02 21:15:08 [main] INFO  org.eclipse.jetty.util.log - Logging initialized @977ms to org.eclipse.jetty.util.log.Slf4jLog
2026-10-02 21:15:08 [main] INFO  io.javalin.Javalin - Starting Javalin ...
2026-10-02 21:15:08 [main] INFO  io.javalin.Javalin - You are running Javalin 4.6.8 (released May 4, 2023. Your Javalin version is 1247 days old. Consider checking for a newer version.).
2026-10-02 21:15:08 [main] INFO  io.javalin.Javalin - Listening on http://localhost:8080/
2026-10-02 21:15:08 [main] INFO  io.javalin.Javalin - Javalin started in 124ms \o/
2026-10-02 21:15:08 [main] INFO  c.t.t.t.presentation.http.HttpServer - Instance HttpServer initialized.
2026-10-02 21:15:08 [main] INFO  c.t.t.t.presentation.http.HttpServer - HttpServer started successfully. [port=8080] [url=http://localhost:8080]
2026-10-02 21:15:08 [main] INFO  com.tic.tac.toe.Application - Started Application
2026-10-02 21:15:25 [WebSocketWorker-17] INFO  c.t.t.t.p.s.c.ConnectionManager - A connection added on manager. [connectionId=f23fdafc-3515-48a5-90c7-1d643d9f3123] [userId=a9876944-0518-4057-ba2b-5171c3a8bea7]
2026-10-02 21:15:27 [WebSocketWorker-18] INFO  c.t.t.t.p.s.c.ConnectionManager - A connection added on manager. [connectionId=d2594e71-1d09-4fd3-9055-44cf6022e5b3] [userId=64f51ab2-6a09-44f6-8606-bf4a0718d920]
2026-10-02 21:15:28 [WebSocketWorker-18] INFO  c.t.t.t.p.s.c.ConnectionManager - Getting connection by websocket
2026-10-02 21:15:28 [WebSocketWorker-18] INFO  c.t.t.t.p.s.c.ConnectionManager - Got connection by websocket. [connectionId=d2594e71-1d09-4fd3-9055-44cf6022e5b3] [userId=64f51ab2-6a09-44f6-8606-bf4a0718d920]
2026-10-02 21:15:28 [WebSocketWorker-18] INFO  c.t.t.t.p.s.c.ConnectionManager - Getting connection by userId. [userId=64f51ab2-6a09-44f6-8606-bf4a0718d920]
2026-10-02 21:15:28 [WebSocketWorker-18] INFO  c.t.t.t.p.s.c.ConnectionManager - Got connection by userId. [connectionId=d2594e71-1d09-4fd3-9055-44cf6022e5b3] [userId=64f51ab2-6a09-44f6-8606-bf4a0718d920]
2026-10-02 21:15:28 [WebSocketWorker-18] INFO  c.t.t.t.i.p.j.r.RoomJpaRepository - Room saved successfully. [RoomId=64c345f0-d499-430b-8925-05c8cbcd106c]
2026-10-02 21:15:28 [WebSocketWorker-18] INFO  c.t.t.t.a.service.RoomServiceImpl - Room created. [roomId=64c345f0-d499-430b-8925-05c8cbcd106c] [ownerId=64f51ab2-6a09-44f6-8606-bf4a0718d920]
2026-10-02 21:15:28 [WebSocketWorker-18] INFO  c.t.t.t.p.socket.room.RoomManager - Room created. [RoomId=64c345f0-d499-430b-8925-05c8cbcd106c] [TotalRooms=1]
2026-10-02 21:15:28 [WebSocketWorker-18] INFO  c.t.t.t.p.socket.room.RoomManager - User joined room. [RoomId=64c345f0-d499-430b-8925-05c8cbcd106c] [UserId=64f51ab2-6a09-44f6-8606-bf4a0718d920] [TotalUsers=1]
2026-10-02 21:15:28 [WebSocketWorker-18] INFO  c.t.t.t.p.socket.room.RoomManager - Broadcast sent. [RoomId=64c345f0-d499-430b-8925-05c8cbcd106c] [Recipients=1]
2026-10-02 21:15:28 [WebSocketWorker-18] INFO  c.t.t.t.p.s.c.ConnectionManager - Getting connection by userId. [userId=64f51ab2-6a09-44f6-8606-bf4a0718d920]
2026-10-02 21:15:28 [WebSocketWorker-18] INFO  c.t.t.t.p.s.c.ConnectionManager - Got connection by userId. [connectionId=d2594e71-1d09-4fd3-9055-44cf6022e5b3] [userId=64f51ab2-6a09-44f6-8606-bf4a0718d920]
2026-10-02 21:15:28 [WebSocketWorker-18] INFO  c.t.t.t.p.s.c.ConnectionManager - Sending message on broadcast
2026-10-02 21:15:28 [WebSocketWorker-18] INFO  c.t.t.t.p.s.c.ConnectionManager - Send message to connection. [connectionId=d2594e71-1d09-4fd3-9055-44cf6022e5b3] [userId=64f51ab2-6a09-44f6-8606-bf4a0718d920]
2026-10-02 21:15:28 [WebSocketWorker-18] INFO  c.t.t.t.p.s.c.ConnectionManager - Send message to connection. [connectionId=f23fdafc-3515-48a5-90c7-1d643d9f3123] [userId=a9876944-0518-4057-ba2b-5171c3a8bea7]
2026-10-02 21:15:28 [WebSocketWorker-18] INFO  c.t.t.t.p.s.e.h.CreateRoomHandler - Room created and owner joined. [roomId=64c345f0-d499-430b-8925-05c8cbcd106c] [ownerId=64f51ab2-6a09-44f6-8606-bf4a0718d920]
2026-10-02 21:15:35 [WebSocketSelector-29] INFO  c.t.t.t.p.s.c.ConnectionManager - Getting connection by websocket
2026-10-02 21:15:35 [WebSocketSelector-29] INFO  c.t.t.t.p.s.c.ConnectionManager - Got connection by websocket. [connectionId=d2594e71-1d09-4fd3-9055-44cf6022e5b3] [userId=64f51ab2-6a09-44f6-8606-bf4a0718d920]
2026-10-02 21:15:35 [WebSocketSelector-29] INFO  c.t.t.t.p.s.c.ConnectionManager - Connection removed successfully. [connectionId=d2594e71-1d09-4fd3-9055-44cf6022e5b3] [userId=64f51ab2-6a09-44f6-8606-bf4a0718d920]
2026-10-02 21:15:35 [WebSocketSelector-29] INFO  c.t.t.t.p.socket.room.RoomManager - User left room. [RoomId=64c345f0-d499-430b-8925-05c8cbcd106c] [UserId=64f51ab2-6a09-44f6-8606-bf4a0718d920] [TotalUsers=0]
2026-10-02 21:15:35 [WebSocketSelector-29] WARN  c.t.t.t.p.socket.SocketServer - RoomPlayer already removed. [roomId=64c345f0-d499-430b-8925-05c8cbcd106c] [userId=64f51ab2-6a09-44f6-8606-bf4a0718d920]
2026-10-02 21:15:35 [WebSocketSelector-29] INFO  c.t.t.t.p.socket.room.RoomManager - Room removed by id. [RoomId=64c345f0-d499-430b-8925-05c8cbcd106c] [TotalRooms=0]
2026-10-02 21:15:35 [WebSocketSelector-29] INFO  c.t.t.t.i.p.j.r.RoomJpaRepository - Room deleted successfully. [RoomId=64c345f0-d499-430b-8925-05c8cbcd106c]
2026-10-02 21:15:35 [WebSocketSelector-29] INFO  c.t.t.t.a.service.RoomServiceImpl - Room deleted. [roomId=64c345f0-d499-430b-8925-05c8cbcd106c]
2026-10-02 21:15:35 [WebSocketSelector-29] INFO  c.t.t.t.p.s.c.ConnectionManager - Getting connection by userId. [userId=64f51ab2-6a09-44f6-8606-bf4a0718d920]
2026-10-02 21:15:35 [WebSocketSelector-29] WARN  c.t.t.t.p.s.c.ConnectionManager - Not found connection by userId
2026-10-02 21:15:35 [WebSocketSelector-29] WARN  c.t.t.t.p.s.e.h.RoomsByStatusHandler - Owner has no active connection. [ownerId=64f51ab2-6a09-44f6-8606-bf4a0718d920]
2026-10-02 21:15:35 [WebSocketSelector-29] ERROR c.t.t.t.p.socket.SocketServer - WebSocket error.
com.tic.tac.toe.domain.exception.UnauthorizedException: Connection not found for user
	at com.tic.tac.toe.presentation.socket.event.handlers.RoomsByStatusHandler.handle(RoomsByStatusHandler.java:39)
	at com.tic.tac.toe.presentation.socket.event.handlers.RoomsByStatusHandler.handle(RoomsByStatusHandler.java:20)
	at com.tic.tac.toe.application.event.EventDispatcher.dispatch(EventDispatcher.java:28)
	at com.tic.tac.toe.presentation.socket.SocketServer.onClose(SocketServer.java:107)
	at org.java_websocket.server.WebSocketServer.onWebsocketClose(WebSocketServer.java:784)
	at org.java_websocket.WebSocketImpl.closeConnection(WebSocketImpl.java:557)
	at org.java_websocket.WebSocketImpl.closeConnection(WebSocketImpl.java:577)
	at org.java_websocket.SocketChannelIOHelper.batch(SocketChannelIOHelper.java:112)
	at org.java_websocket.server.WebSocketServer.doWrite(WebSocketServer.java:586)
	at org.java_websocket.server.WebSocketServer.run(WebSocketServer.java:443)
	at java.lang.Thread.run(Thread.java:750)
2026-10-02 21:16:51 [main] INFO  c.t.t.t.i.config.Environment - Instance Environment initialized. [InstanceId=1387228415]
2026-10-02 21:16:51 [main] INFO  c.t.t.t.i.security.JwtService - Instance JwtService initialized. [InstanceId=1458849419]
2026-10-02 21:16:51 [main] INFO  c.t.t.t.i.persistence.jpa.JpaUtil - Instance JpaUtil initialized. [InstanceId=1337335626]
2026-10-02 21:16:51 [main] INFO  c.t.t.t.i.p.j.r.UserJpaRepository - Instance UserJpaRepository initialized. [InstanceId=1336996537]
2026-10-02 21:16:51 [main] INFO  c.t.t.t.i.p.j.r.RoomJpaRepository - Instance RoomJpaRepository initialized. [InstanceId=7967307]
2026-10-02 21:16:51 [main] INFO  c.t.t.t.i.p.j.r.RoomPlayerJpaRepository - Instance RoomPlayerJpaRepository initialized. [InstanceId=2073707154]
2026-10-02 21:16:51 [main] INFO  c.t.t.t.a.service.AuthServiceImpl - Instance AuthServiceImpl initialized. [InstanceId=78204644]
2026-10-02 21:16:51 [main] INFO  c.t.t.t.a.service.UserServiceImpl - Instance UserServiceImpl initialized. [InstanceId=1287934450]
2026-10-02 21:16:51 [main] INFO  c.t.t.t.a.service.RoomServiceImpl - Instance RoomServiceImpl initialized. [InstanceId=6519275]
2026-10-02 21:16:51 [main] INFO  c.t.t.t.a.s.RoomPlayerServiceImpl - Instance RoomPlayerServiceImpl initialized. [InstanceId=692331943]
2026-10-02 21:16:51 [main] INFO  c.t.t.t.p.h.m.AuthorizedHttpMiddleware - Instance AuthorizedHttpMiddleware initialized. [InstanceId=1741979653]
2026-10-02 21:16:51 [main] INFO  c.t.t.t.p.h.c.AuthController - Instance AuthController initialized. [InstanceId=166794956]
2026-10-02 21:16:51 [main] INFO  c.t.t.t.p.s.m.AuthorizedSocketMiddleware - Instance AuthorizedSocketMiddleware initialized. [InstanceId=306612792]
2026-10-02 21:16:51 [main] INFO  c.t.t.t.p.s.c.ConnectionManager - Instance ConnectionManager initialized. [InstanceId=447212746]
2026-10-02 21:16:51 [main] INFO  c.t.t.t.p.socket.room.RoomManager - Instance RoomManager initialized. [InstanceId=1496355635]
2026-10-02 21:16:51 [main] INFO  c.t.t.t.p.s.e.ExceptionSocketHandler - Instance ExceptionSocketHandler initialized. [InstanceId=212890971]
2026-10-02 21:16:51 [main] INFO  c.t.t.t.p.s.e.h.GlobalMessageHandler - Instance GlobalMessageHandler initialized. [InstanceId=2075809815]
2026-10-02 21:16:51 [main] INFO  c.t.t.t.p.s.e.h.RoomsByStatusHandler - Instance RoomsByStatusHandler initialized. [InstanceId=1967355409]
2026-10-02 21:16:51 [main] INFO  c.t.t.t.p.s.e.h.CreateRoomHandler - Instance CreateRoomHandler initialized. [InstanceId=475603167]
2026-10-02 21:16:51 [main] INFO  c.t.t.t.p.s.e.h.MessageRoomHandler - Instance MessageRoomHandler initialized. [InstanceId=2045036434]
2026-10-02 21:16:51 [WebSocketSelector-29] INFO  c.t.t.t.p.socket.SocketServer - WebSocketServer started successfully. [port=8081] [url=ws://localhost:8081]
2026-10-02 21:16:51 [main] INFO  org.eclipse.jetty.util.log - Logging initialized @972ms to org.eclipse.jetty.util.log.Slf4jLog
2026-10-02 21:16:51 [main] INFO  io.javalin.Javalin - Starting Javalin ...
2026-10-02 21:16:51 [main] INFO  io.javalin.Javalin - You are running Javalin 4.6.8 (released May 4, 2023. Your Javalin version is 1247 days old. Consider checking for a newer version.).
2026-10-02 21:16:51 [main] INFO  io.javalin.Javalin - Listening on http://localhost:8080/
2026-10-02 21:16:51 [main] INFO  io.javalin.Javalin - Javalin started in 121ms \o/
2026-10-02 21:16:51 [main] INFO  c.t.t.t.presentation.http.HttpServer - Instance HttpServer initialized.
2026-10-02 21:16:51 [main] INFO  c.t.t.t.presentation.http.HttpServer - HttpServer started successfully. [port=8080] [url=http://localhost:8080]
2026-10-02 21:16:51 [main] INFO  com.tic.tac.toe.Application - Started Application
2026-10-02 21:16:54 [WebSocketWorker-17] INFO  c.t.t.t.p.s.c.ConnectionManager - A connection added on manager. [connectionId=aaed5582-9bf7-4748-a0ae-069096c627b9] [userId=a9876944-0518-4057-ba2b-5171c3a8bea7]
2026-10-02 21:16:56 [WebSocketWorker-18] INFO  c.t.t.t.p.s.c.ConnectionManager - A connection added on manager. [connectionId=d7c4637d-1f15-412c-b1c1-3d1adeac8bf9] [userId=64f51ab2-6a09-44f6-8606-bf4a0718d920]
2026-10-02 21:16:58 [WebSocketWorker-18] INFO  c.t.t.t.p.s.c.ConnectionManager - Getting connection by websocket
2026-10-02 21:16:58 [WebSocketWorker-18] INFO  c.t.t.t.p.s.c.ConnectionManager - Got connection by websocket. [connectionId=d7c4637d-1f15-412c-b1c1-3d1adeac8bf9] [userId=64f51ab2-6a09-44f6-8606-bf4a0718d920]
2026-10-02 21:16:58 [WebSocketWorker-18] INFO  c.t.t.t.p.s.c.ConnectionManager - Getting connection by userId. [userId=64f51ab2-6a09-44f6-8606-bf4a0718d920]
2026-10-02 21:16:58 [WebSocketWorker-18] INFO  c.t.t.t.p.s.c.ConnectionManager - Got connection by userId. [connectionId=d7c4637d-1f15-412c-b1c1-3d1adeac8bf9] [userId=64f51ab2-6a09-44f6-8606-bf4a0718d920]
2026-10-02 21:16:58 [WebSocketWorker-18] INFO  c.t.t.t.i.p.j.r.RoomJpaRepository - Room saved successfully. [RoomId=10096027-5ac0-4cea-a3bb-8519479047a0]
2026-10-02 21:16:58 [WebSocketWorker-18] INFO  c.t.t.t.a.service.RoomServiceImpl - Room created. [roomId=10096027-5ac0-4cea-a3bb-8519479047a0] [ownerId=64f51ab2-6a09-44f6-8606-bf4a0718d920]
2026-10-02 21:16:58 [WebSocketWorker-18] INFO  c.t.t.t.p.socket.room.RoomManager - Room created. [RoomId=10096027-5ac0-4cea-a3bb-8519479047a0] [TotalRooms=1]
2026-10-02 21:16:58 [WebSocketWorker-18] INFO  c.t.t.t.p.socket.room.RoomManager - User joined room. [RoomId=10096027-5ac0-4cea-a3bb-8519479047a0] [UserId=64f51ab2-6a09-44f6-8606-bf4a0718d920] [TotalUsers=1]
2026-10-02 21:16:58 [WebSocketWorker-18] INFO  c.t.t.t.p.socket.room.RoomManager - Broadcast sent. [RoomId=10096027-5ac0-4cea-a3bb-8519479047a0] [Recipients=1]
2026-10-02 21:16:58 [WebSocketWorker-18] INFO  c.t.t.t.p.s.c.ConnectionManager - Sending message on broadcast
2026-10-02 21:16:58 [WebSocketWorker-18] INFO  c.t.t.t.p.s.c.ConnectionManager - Send message to connection. [connectionId=aaed5582-9bf7-4748-a0ae-069096c627b9] [userId=a9876944-0518-4057-ba2b-5171c3a8bea7]
2026-10-02 21:16:58 [WebSocketWorker-18] INFO  c.t.t.t.p.s.c.ConnectionManager - Send message to connection. [connectionId=d7c4637d-1f15-412c-b1c1-3d1adeac8bf9] [userId=64f51ab2-6a09-44f6-8606-bf4a0718d920]
2026-10-02 21:16:58 [WebSocketWorker-18] INFO  c.t.t.t.p.s.e.h.CreateRoomHandler - Room created and owner joined. [roomId=10096027-5ac0-4cea-a3bb-8519479047a0] [ownerId=64f51ab2-6a09-44f6-8606-bf4a0718d920]
2026-10-02 21:17:05 [WebSocketSelector-29] INFO  c.t.t.t.p.s.c.ConnectionManager - Getting connection by websocket
2026-10-02 21:17:05 [WebSocketSelector-29] INFO  c.t.t.t.p.s.c.ConnectionManager - Got connection by websocket. [connectionId=d7c4637d-1f15-412c-b1c1-3d1adeac8bf9] [userId=64f51ab2-6a09-44f6-8606-bf4a0718d920]
2026-10-02 21:17:05 [WebSocketSelector-29] INFO  c.t.t.t.p.s.c.ConnectionManager - Connection removed successfully. [connectionId=d7c4637d-1f15-412c-b1c1-3d1adeac8bf9] [userId=64f51ab2-6a09-44f6-8606-bf4a0718d920]
2026-10-02 21:17:05 [WebSocketSelector-29] INFO  c.t.t.t.p.socket.room.RoomManager - User left room. [RoomId=10096027-5ac0-4cea-a3bb-8519479047a0] [UserId=64f51ab2-6a09-44f6-8606-bf4a0718d920] [TotalUsers=0]
2026-10-02 21:17:05 [WebSocketSelector-29] WARN  c.t.t.t.p.socket.SocketServer - RoomPlayer already removed. [roomId=10096027-5ac0-4cea-a3bb-8519479047a0] [userId=64f51ab2-6a09-44f6-8606-bf4a0718d920]
2026-10-02 21:17:05 [WebSocketSelector-29] INFO  c.t.t.t.p.socket.room.RoomManager - Room removed by id. [RoomId=10096027-5ac0-4cea-a3bb-8519479047a0] [TotalRooms=0]
2026-10-02 21:17:05 [WebSocketSelector-29] INFO  c.t.t.t.i.p.j.r.RoomJpaRepository - Room deleted successfully. [RoomId=10096027-5ac0-4cea-a3bb-8519479047a0]
2026-10-02 21:17:05 [WebSocketSelector-29] INFO  c.t.t.t.a.service.RoomServiceImpl - Room deleted. [roomId=10096027-5ac0-4cea-a3bb-8519479047a0]
2026-10-02 21:17:05 [WebSocketSelector-29] INFO  c.t.t.t.p.s.c.ConnectionManager - Sending message on broadcast
2026-10-02 21:17:05 [WebSocketSelector-29] INFO  c.t.t.t.p.s.c.ConnectionManager - Send message to connection. [connectionId=aaed5582-9bf7-4748-a0ae-069096c627b9] [userId=a9876944-0518-4057-ba2b-5171c3a8bea7]
2026-10-02 21:17:05 [WebSocketSelector-29] WARN  c.t.t.t.p.socket.SocketServer - Close connection. [connectionId=d7c4637d-1f15-412c-b1c1-3d1adeac8bf9] [userId=64f51ab2-6a09-44f6-8606-bf4a0718d920] [code=1000] [reason=Client initiated close]
2026-10-02 21:17:14 [WebSocketSelector-29] INFO  c.t.t.t.p.s.c.ConnectionManager - Getting connection by websocket
2026-10-02 21:17:14 [WebSocketSelector-29] INFO  c.t.t.t.p.s.c.ConnectionManager - Got connection by websocket. [connectionId=aaed5582-9bf7-4748-a0ae-069096c627b9] [userId=a9876944-0518-4057-ba2b-5171c3a8bea7]
2026-10-02 21:17:14 [WebSocketSelector-29] INFO  c.t.t.t.p.s.c.ConnectionManager - Connection removed successfully. [connectionId=aaed5582-9bf7-4748-a0ae-069096c627b9] [userId=a9876944-0518-4057-ba2b-5171c3a8bea7]
2026-10-02 21:17:14 [WebSocketSelector-29] WARN  c.t.t.t.p.socket.SocketServer - Close connection. [connectionId=aaed5582-9bf7-4748-a0ae-069096c627b9] [userId=a9876944-0518-4057-ba2b-5171c3a8bea7] [code=1000] [reason=Client initiated close]
2026-10-03 10:52:15 [main] INFO  c.t.t.t.i.config.Environment - Instance Environment initialized. [InstanceId=1394336709]
2026-10-03 10:52:15 [main] INFO  c.t.t.t.i.security.JwtService - Instance JwtService initialized. [InstanceId=1566502717]
2026-10-03 10:52:15 [main] INFO  c.t.t.t.i.persistence.jpa.JpaUtil - Instance JpaUtil initialized. [InstanceId=1045997582]
2026-10-03 10:52:15 [main] INFO  c.t.t.t.i.p.j.r.UserJpaRepository - Instance UserJpaRepository initialized. [InstanceId=1337335626]
2026-10-03 10:52:15 [main] INFO  c.t.t.t.i.p.j.r.RoomJpaRepository - Instance RoomJpaRepository initialized. [InstanceId=1336996537]
2026-10-03 10:52:15 [main] INFO  c.t.t.t.i.p.j.r.RoomPlayerJpaRepository - Instance RoomPlayerJpaRepository initialized. [InstanceId=7967307]
2026-10-03 10:52:15 [main] INFO  c.t.t.t.a.service.AuthServiceImpl - Instance AuthServiceImpl initialized. [InstanceId=2073707154]
2026-10-03 10:52:15 [main] INFO  c.t.t.t.a.service.UserServiceImpl - Instance UserServiceImpl initialized. [InstanceId=78204644]
2026-10-03 10:52:15 [main] INFO  c.t.t.t.a.service.RoomServiceImpl - Instance RoomServiceImpl initialized. [InstanceId=1287934450]
2026-10-03 10:52:15 [main] INFO  c.t.t.t.a.s.RoomPlayerServiceImpl - Instance RoomPlayerServiceImpl initialized. [InstanceId=6519275]
2026-10-03 10:52:15 [main] INFO  c.t.t.t.p.h.m.AuthorizedHttpMiddleware - Instance AuthorizedHttpMiddleware initialized. [InstanceId=692331943]
2026-10-03 10:52:15 [main] INFO  c.t.t.t.p.h.c.AuthController - Instance AuthController initialized. [InstanceId=1741979653]
2026-10-03 10:52:15 [main] INFO  c.t.t.t.p.s.m.AuthorizedSocketMiddleware - Instance AuthorizedSocketMiddleware initialized. [InstanceId=166794956]
2026-10-03 10:52:15 [main] INFO  c.t.t.t.p.s.c.ConnectionManager - Instance ConnectionManager initialized. [InstanceId=306612792]
2026-10-03 10:52:15 [main] INFO  c.t.t.t.p.socket.room.RoomManager - Instance RoomManager initialized. [InstanceId=447212746]
2026-10-03 10:52:16 [main] INFO  c.t.t.t.p.s.e.ExceptionSocketHandler - Instance ExceptionSocketHandler initialized. [InstanceId=1408974251]
2026-10-03 10:52:16 [main] INFO  c.t.t.t.p.s.e.h.GlobalMessageHandler - Instance GlobalMessageHandler initialized. [InstanceId=1898325501]
2026-10-03 10:52:16 [main] INFO  c.t.t.t.p.s.e.h.RoomsByStatusHandler - Instance RoomsByStatusHandler initialized. [InstanceId=1949298838]
2026-10-03 10:52:16 [main] INFO  c.t.t.t.p.s.e.h.CreateRoomHandler - Instance CreateRoomHandler initialized. [InstanceId=889891977]
2026-10-03 10:52:16 [main] INFO  c.t.t.t.p.s.e.h.MessageRoomHandler - Instance MessageRoomHandler initialized. [InstanceId=402249858]
2026-10-03 10:52:16 [main] INFO  c.t.t.t.p.s.e.h.JoinRoomHandler - Instance JoinRoomHandler initialized. [InstanceId=426394307]
2026-10-03 10:52:16 [WebSocketSelector-29] INFO  c.t.t.t.p.socket.SocketServer - WebSocketServer started successfully. [port=8081] [url=ws://localhost:8081]
2026-10-03 10:52:16 [main] INFO  org.eclipse.jetty.util.log - Logging initialized @1600ms to org.eclipse.jetty.util.log.Slf4jLog
2026-10-03 10:52:16 [main] INFO  io.javalin.Javalin - Starting Javalin ...
2026-10-03 10:53:09 [main] INFO  c.t.t.t.i.config.Environment - Instance Environment initialized. [InstanceId=922151033]
2026-10-03 10:53:09 [main] INFO  c.t.t.t.i.security.JwtService - Instance JwtService initialized. [InstanceId=1144648478]
2026-10-03 10:53:09 [main] INFO  c.t.t.t.i.persistence.jpa.JpaUtil - Instance JpaUtil initialized. [InstanceId=1147580192]
2026-10-03 10:53:09 [main] INFO  c.t.t.t.i.p.j.r.UserJpaRepository - Instance UserJpaRepository initialized. [InstanceId=173099767]
2026-10-03 10:53:09 [main] INFO  c.t.t.t.i.p.j.r.RoomJpaRepository - Instance RoomJpaRepository initialized. [InstanceId=112797691]
2026-10-03 10:53:09 [main] INFO  c.t.t.t.i.p.j.r.RoomPlayerJpaRepository - Instance RoomPlayerJpaRepository initialized. [InstanceId=1045997582]
2026-10-03 10:53:09 [main] INFO  c.t.t.t.a.service.AuthServiceImpl - Instance AuthServiceImpl initialized. [InstanceId=1337335626]
2026-10-03 10:53:09 [main] INFO  c.t.t.t.a.service.UserServiceImpl - Instance UserServiceImpl initialized. [InstanceId=1336996537]
2026-10-03 10:53:09 [main] INFO  c.t.t.t.a.service.RoomServiceImpl - Instance RoomServiceImpl initialized. [InstanceId=7967307]
2026-10-03 10:53:09 [main] INFO  c.t.t.t.a.s.RoomPlayerServiceImpl - Instance RoomPlayerServiceImpl initialized. [InstanceId=2073707154]
2026-10-03 10:53:09 [main] INFO  c.t.t.t.p.h.m.AuthorizedHttpMiddleware - Instance AuthorizedHttpMiddleware initialized. [InstanceId=78204644]
2026-10-03 10:53:09 [main] INFO  c.t.t.t.p.h.c.AuthController - Instance AuthController initialized. [InstanceId=1287934450]
2026-10-03 10:53:09 [main] INFO  c.t.t.t.p.s.m.AuthorizedSocketMiddleware - Instance AuthorizedSocketMiddleware initialized. [InstanceId=6519275]
2026-10-03 10:53:09 [main] INFO  c.t.t.t.p.s.c.ConnectionManager - Instance ConnectionManager initialized. [InstanceId=692331943]
2026-10-03 10:53:09 [main] INFO  c.t.t.t.p.socket.room.RoomManager - Instance RoomManager initialized. [InstanceId=1741979653]
2026-10-03 10:53:09 [main] INFO  c.t.t.t.p.s.e.ExceptionSocketHandler - Instance ExceptionSocketHandler initialized. [InstanceId=1273143001]
2026-10-03 10:53:09 [main] INFO  c.t.t.t.p.s.e.h.GlobalMessageHandler - Instance GlobalMessageHandler initialized. [InstanceId=1408974251]
2026-10-03 10:53:09 [main] INFO  c.t.t.t.p.s.e.h.RoomsByStatusHandler - Instance RoomsByStatusHandler initialized. [InstanceId=856055143]
2026-10-03 10:53:09 [main] INFO  c.t.t.t.p.s.e.h.CreateRoomHandler - Instance CreateRoomHandler initialized. [InstanceId=2075809815]
2026-10-03 10:53:09 [main] INFO  c.t.t.t.p.s.e.h.MessageRoomHandler - Instance MessageRoomHandler initialized. [InstanceId=1967355409]
2026-10-03 10:53:09 [main] INFO  c.t.t.t.p.s.e.h.JoinRoomHandler - Instance JoinRoomHandler initialized. [InstanceId=475603167]
2026-10-03 10:53:09 [WebSocketSelector-29] INFO  c.t.t.t.p.socket.SocketServer - WebSocketServer started successfully. [port=8081] [url=ws://localhost:8081]
2026-10-03 10:53:09 [main] INFO  org.eclipse.jetty.util.log - Logging initialized @966ms to org.eclipse.jetty.util.log.Slf4jLog
2026-10-03 10:53:09 [main] INFO  io.javalin.Javalin - Starting Javalin ...
2026-10-03 10:53:09 [main] INFO  io.javalin.Javalin - You are running Javalin 4.6.8 (released May 4, 2023. Your Javalin version is 1247 days old. Consider checking for a newer version.).
2026-10-03 10:53:10 [main] INFO  io.javalin.Javalin - Listening on http://localhost:8080/
2026-10-03 10:53:10 [main] INFO  io.javalin.Javalin - Javalin started in 173ms \o/
2026-10-03 10:53:10 [main] INFO  c.t.t.t.presentation.http.HttpServer - Instance HttpServer initialized.
2026-10-03 10:53:10 [main] INFO  c.t.t.t.presentation.http.HttpServer - HttpServer started successfully. [port=8080] [url=http://localhost:8080]
2026-10-03 10:53:10 [main] INFO  com.tic.tac.toe.Application - Started Application
2026-10-03 11:02:18 [WebSocketWorker-17] INFO  c.t.t.t.p.s.c.ConnectionManager - A connection added on manager. [connectionId=a20c7e35-4dd3-443d-8e45-3ec312c710b8] [userId=a9876944-0518-4057-ba2b-5171c3a8bea7]
2026-10-03 11:02:20 [WebSocketWorker-18] INFO  c.t.t.t.p.s.c.ConnectionManager - A connection added on manager. [connectionId=09d34597-0bfe-4bcd-a157-ec0164071cdc] [userId=64f51ab2-6a09-44f6-8606-bf4a0718d920]
2026-10-03 11:02:34 [WebSocketWorker-17] INFO  c.t.t.t.p.s.c.ConnectionManager - Getting connection by websocket
2026-10-03 11:02:34 [WebSocketWorker-17] INFO  c.t.t.t.p.s.c.ConnectionManager - Got connection by websocket. [connectionId=a20c7e35-4dd3-443d-8e45-3ec312c710b8] [userId=a9876944-0518-4057-ba2b-5171c3a8bea7]
2026-10-03 11:02:34 [WebSocketWorker-17] INFO  c.t.t.t.p.s.c.ConnectionManager - Getting connection by userId. [userId=a9876944-0518-4057-ba2b-5171c3a8bea7]
2026-10-03 11:02:34 [WebSocketWorker-17] INFO  c.t.t.t.p.s.c.ConnectionManager - Got connection by userId. [connectionId=a20c7e35-4dd3-443d-8e45-3ec312c710b8] [userId=a9876944-0518-4057-ba2b-5171c3a8bea7]
2026-10-03 11:02:34 [WebSocketWorker-17] INFO  c.t.t.t.i.p.j.r.RoomJpaRepository - Room saved successfully. [RoomId=a47ee510-b1a7-4060-a3ae-6735d59e65e9]
2026-10-03 11:02:34 [WebSocketWorker-17] INFO  c.t.t.t.a.service.RoomServiceImpl - Room created. [roomId=a47ee510-b1a7-4060-a3ae-6735d59e65e9] [ownerId=a9876944-0518-4057-ba2b-5171c3a8bea7]
2026-10-03 11:02:34 [WebSocketWorker-17] INFO  c.t.t.t.p.socket.room.RoomManager - Room created. [RoomId=a47ee510-b1a7-4060-a3ae-6735d59e65e9] [TotalRooms=1]
2026-10-03 11:02:34 [WebSocketWorker-17] INFO  c.t.t.t.p.socket.room.RoomManager - User joined room. [RoomId=a47ee510-b1a7-4060-a3ae-6735d59e65e9] [UserId=a9876944-0518-4057-ba2b-5171c3a8bea7] [TotalUsers=1]
2026-10-03 11:02:34 [WebSocketWorker-17] INFO  c.t.t.t.p.socket.room.RoomManager - Broadcast sent. [RoomId=a47ee510-b1a7-4060-a3ae-6735d59e65e9] [Recipients=1]
2026-10-03 11:02:35 [WebSocketWorker-17] INFO  c.t.t.t.p.s.c.ConnectionManager - Sending message on broadcast
2026-10-03 11:02:35 [WebSocketWorker-17] INFO  c.t.t.t.p.s.c.ConnectionManager - Send message to connection. [connectionId=09d34597-0bfe-4bcd-a157-ec0164071cdc] [userId=64f51ab2-6a09-44f6-8606-bf4a0718d920]
2026-10-03 11:02:35 [WebSocketWorker-17] INFO  c.t.t.t.p.s.c.ConnectionManager - Send message to connection. [connectionId=a20c7e35-4dd3-443d-8e45-3ec312c710b8] [userId=a9876944-0518-4057-ba2b-5171c3a8bea7]
2026-10-03 11:02:35 [WebSocketWorker-17] INFO  c.t.t.t.p.s.e.h.CreateRoomHandler - Room created and owner joined. [roomId=a47ee510-b1a7-4060-a3ae-6735d59e65e9] [ownerId=a9876944-0518-4057-ba2b-5171c3a8bea7]
2026-10-03 11:03:02 [WebSocketWorker-18] INFO  c.t.t.t.p.s.c.ConnectionManager - Getting connection by websocket
2026-10-03 11:03:02 [WebSocketWorker-18] INFO  c.t.t.t.p.s.c.ConnectionManager - Got connection by websocket. [connectionId=09d34597-0bfe-4bcd-a157-ec0164071cdc] [userId=64f51ab2-6a09-44f6-8606-bf4a0718d920]
2026-10-03 11:03:02 [WebSocketWorker-18] INFO  c.t.t.t.p.s.c.ConnectionManager - Getting connection by userId. [userId=64f51ab2-6a09-44f6-8606-bf4a0718d920]
2026-10-03 11:03:02 [WebSocketWorker-18] INFO  c.t.t.t.p.s.c.ConnectionManager - Got connection by userId. [connectionId=09d34597-0bfe-4bcd-a157-ec0164071cdc] [userId=64f51ab2-6a09-44f6-8606-bf4a0718d920]
2026-10-03 11:03:02 [WebSocketWorker-18] INFO  c.t.t.t.a.s.RoomPlayerServiceImpl - RoomPlayer created. [roomPlayerId=9c04f361-0e13-4765-964d-d1ad35f09af9]
2026-10-03 11:03:02 [WebSocketWorker-18] INFO  c.t.t.t.p.socket.room.RoomManager - User joined room. [RoomId=a47ee510-b1a7-4060-a3ae-6735d59e65e9] [UserId=64f51ab2-6a09-44f6-8606-bf4a0718d920] [TotalUsers=2]
2026-10-03 11:03:02 [WebSocketWorker-18] INFO  c.t.t.t.p.s.c.ConnectionManager - Sending message on broadcast
2026-10-03 11:03:02 [WebSocketWorker-18] INFO  c.t.t.t.p.s.c.ConnectionManager - Send message to connection. [connectionId=09d34597-0bfe-4bcd-a157-ec0164071cdc] [userId=64f51ab2-6a09-44f6-8606-bf4a0718d920]
2026-10-03 11:03:02 [WebSocketWorker-18] INFO  c.t.t.t.p.s.c.ConnectionManager - Send message to connection. [connectionId=a20c7e35-4dd3-443d-8e45-3ec312c710b8] [userId=a9876944-0518-4057-ba2b-5171c3a8bea7]
2026-10-03 11:03:15 [WebSocketWorker-19] INFO  c.t.t.t.p.s.c.ConnectionManager - A connection added on manager. [connectionId=fa12ade9-795a-420b-957c-bb5f833a2dbb] [userId=5b2bd98b-40da-412d-83b8-14833b48f537]
2026-10-03 11:03:36 [WebSocketWorker-17] INFO  c.t.t.t.p.s.c.ConnectionManager - Getting connection by websocket
2026-10-03 11:03:36 [WebSocketWorker-17] INFO  c.t.t.t.p.s.c.ConnectionManager - Got connection by websocket. [connectionId=a20c7e35-4dd3-443d-8e45-3ec312c710b8] [userId=a9876944-0518-4057-ba2b-5171c3a8bea7]
2026-10-03 11:03:36 [WebSocketWorker-17] INFO  c.t.t.t.p.s.c.ConnectionManager - Getting connection by userId. [userId=a9876944-0518-4057-ba2b-5171c3a8bea7]
2026-10-03 11:03:36 [WebSocketWorker-17] INFO  c.t.t.t.p.s.c.ConnectionManager - Got connection by userId. [connectionId=a20c7e35-4dd3-443d-8e45-3ec312c710b8] [userId=a9876944-0518-4057-ba2b-5171c3a8bea7]
2026-10-03 11:03:36 [WebSocketWorker-17] INFO  c.t.t.t.p.socket.room.RoomManager - Broadcast sent. [RoomId=a47ee510-b1a7-4060-a3ae-6735d59e65e9] [Recipients=2]
2026-10-03 11:04:04 [WebSocketWorker-18] INFO  c.t.t.t.p.s.c.ConnectionManager - Getting connection by websocket
2026-10-03 11:04:04 [WebSocketWorker-18] INFO  c.t.t.t.p.s.c.ConnectionManager - Got connection by websocket. [connectionId=09d34597-0bfe-4bcd-a157-ec0164071cdc] [userId=64f51ab2-6a09-44f6-8606-bf4a0718d920]
2026-10-03 11:04:04 [WebSocketWorker-18] INFO  c.t.t.t.p.s.c.ConnectionManager - Getting connection by userId. [userId=64f51ab2-6a09-44f6-8606-bf4a0718d920]
2026-10-03 11:04:04 [WebSocketWorker-18] INFO  c.t.t.t.p.s.c.ConnectionManager - Got connection by userId. [connectionId=09d34597-0bfe-4bcd-a157-ec0164071cdc] [userId=64f51ab2-6a09-44f6-8606-bf4a0718d920]
2026-10-03 11:04:04 [WebSocketWorker-18] INFO  c.t.t.t.p.socket.room.RoomManager - Broadcast sent. [RoomId=a47ee510-b1a7-4060-a3ae-6735d59e65e9] [Recipients=2]
2026-10-03 11:04:49 [WebSocketSelector-29] INFO  c.t.t.t.p.s.c.ConnectionManager - Getting connection by websocket
2026-10-03 11:04:49 [WebSocketSelector-29] INFO  c.t.t.t.p.s.c.ConnectionManager - Got connection by websocket. [connectionId=09d34597-0bfe-4bcd-a157-ec0164071cdc] [userId=64f51ab2-6a09-44f6-8606-bf4a0718d920]
2026-10-03 11:04:49 [WebSocketSelector-29] INFO  c.t.t.t.p.s.c.ConnectionManager - Connection removed successfully. [connectionId=09d34597-0bfe-4bcd-a157-ec0164071cdc] [userId=64f51ab2-6a09-44f6-8606-bf4a0718d920]
2026-10-03 11:04:49 [WebSocketSelector-29] INFO  c.t.t.t.p.socket.room.RoomManager - User left room. [RoomId=a47ee510-b1a7-4060-a3ae-6735d59e65e9] [UserId=64f51ab2-6a09-44f6-8606-bf4a0718d920] [TotalUsers=1]
2026-10-03 11:04:49 [WebSocketSelector-29] WARN  c.t.t.t.p.socket.SocketServer - RoomPlayer already removed. [roomId=a47ee510-b1a7-4060-a3ae-6735d59e65e9] [userId=64f51ab2-6a09-44f6-8606-bf4a0718d920]
2026-10-03 11:04:49 [WebSocketSelector-29] INFO  c.t.t.t.p.s.c.ConnectionManager - Sending message on broadcast
2026-10-03 11:04:49 [WebSocketSelector-29] INFO  c.t.t.t.p.s.c.ConnectionManager - Send message to connection. [connectionId=fa12ade9-795a-420b-957c-bb5f833a2dbb] [userId=5b2bd98b-40da-412d-83b8-14833b48f537]
2026-10-03 11:04:49 [WebSocketSelector-29] INFO  c.t.t.t.p.s.c.ConnectionManager - Send message to connection. [connectionId=a20c7e35-4dd3-443d-8e45-3ec312c710b8] [userId=a9876944-0518-4057-ba2b-5171c3a8bea7]
2026-10-03 11:04:49 [WebSocketSelector-29] WARN  c.t.t.t.p.socket.SocketServer - Close connection. [connectionId=09d34597-0bfe-4bcd-a157-ec0164071cdc] [userId=64f51ab2-6a09-44f6-8606-bf4a0718d920] [code=1000] [reason=Client initiated close]
2026-10-03 11:05:01 [WebSocketWorker-17] INFO  c.t.t.t.p.s.c.ConnectionManager - Getting connection by websocket
2026-10-03 11:05:01 [WebSocketWorker-17] INFO  c.t.t.t.p.s.c.ConnectionManager - Got connection by websocket. [connectionId=a20c7e35-4dd3-443d-8e45-3ec312c710b8] [userId=a9876944-0518-4057-ba2b-5171c3a8bea7]
2026-10-03 11:05:01 [WebSocketWorker-17] INFO  c.t.t.t.p.s.c.ConnectionManager - Getting connection by userId. [userId=a9876944-0518-4057-ba2b-5171c3a8bea7]
2026-10-03 11:05:01 [WebSocketWorker-17] INFO  c.t.t.t.p.s.c.ConnectionManager - Got connection by userId. [connectionId=a20c7e35-4dd3-443d-8e45-3ec312c710b8] [userId=a9876944-0518-4057-ba2b-5171c3a8bea7]
2026-10-03 11:05:32 [WebSocketWorker-17] INFO  c.t.t.t.p.s.c.ConnectionManager - Getting connection by websocket
2026-10-03 11:05:32 [WebSocketWorker-17] INFO  c.t.t.t.p.s.c.ConnectionManager - Got connection by websocket. [connectionId=a20c7e35-4dd3-443d-8e45-3ec312c710b8] [userId=a9876944-0518-4057-ba2b-5171c3a8bea7]
2026-10-03 11:05:32 [WebSocketWorker-17] INFO  c.t.t.t.p.s.c.ConnectionManager - Getting connection by userId. [userId=a9876944-0518-4057-ba2b-5171c3a8bea7]
2026-10-03 11:05:32 [WebSocketWorker-17] INFO  c.t.t.t.p.s.c.ConnectionManager - Got connection by userId. [connectionId=a20c7e35-4dd3-443d-8e45-3ec312c710b8] [userId=a9876944-0518-4057-ba2b-5171c3a8bea7]
2026-10-03 11:05:44 [WebSocketSelector-29] INFO  c.t.t.t.p.s.c.ConnectionManager - Getting connection by websocket
2026-10-03 11:05:44 [WebSocketSelector-29] INFO  c.t.t.t.p.s.c.ConnectionManager - Got connection by websocket. [connectionId=a20c7e35-4dd3-443d-8e45-3ec312c710b8] [userId=a9876944-0518-4057-ba2b-5171c3a8bea7]
2026-10-03 11:05:44 [WebSocketSelector-29] INFO  c.t.t.t.p.s.c.ConnectionManager - Connection removed successfully. [connectionId=a20c7e35-4dd3-443d-8e45-3ec312c710b8] [userId=a9876944-0518-4057-ba2b-5171c3a8bea7]
2026-10-03 11:05:44 [WebSocketSelector-29] INFO  c.t.t.t.p.socket.room.RoomManager - User left room. [RoomId=a47ee510-b1a7-4060-a3ae-6735d59e65e9] [UserId=a9876944-0518-4057-ba2b-5171c3a8bea7] [TotalUsers=0]
2026-10-03 11:05:44 [WebSocketSelector-29] WARN  c.t.t.t.p.socket.SocketServer - RoomPlayer already removed. [roomId=a47ee510-b1a7-4060-a3ae-6735d59e65e9] [userId=a9876944-0518-4057-ba2b-5171c3a8bea7]
2026-10-03 11:05:44 [WebSocketSelector-29] INFO  c.t.t.t.p.socket.room.RoomManager - Room removed by id. [RoomId=a47ee510-b1a7-4060-a3ae-6735d59e65e9] [TotalRooms=0]
2026-10-03 11:05:44 [WebSocketSelector-29] INFO  c.t.t.t.i.p.j.r.RoomJpaRepository - Room deleted successfully. [RoomId=a47ee510-b1a7-4060-a3ae-6735d59e65e9]
2026-10-03 11:05:44 [WebSocketSelector-29] INFO  c.t.t.t.a.service.RoomServiceImpl - Room deleted. [roomId=a47ee510-b1a7-4060-a3ae-6735d59e65e9]
2026-10-03 11:05:44 [WebSocketSelector-29] INFO  c.t.t.t.p.s.c.ConnectionManager - Sending message on broadcast
2026-10-03 11:05:44 [WebSocketSelector-29] INFO  c.t.t.t.p.s.c.ConnectionManager - Send message to connection. [connectionId=fa12ade9-795a-420b-957c-bb5f833a2dbb] [userId=5b2bd98b-40da-412d-83b8-14833b48f537]
2026-10-03 11:05:44 [WebSocketSelector-29] WARN  c.t.t.t.p.socket.SocketServer - Close connection. [connectionId=a20c7e35-4dd3-443d-8e45-3ec312c710b8] [userId=a9876944-0518-4057-ba2b-5171c3a8bea7] [code=1000] [reason=Client initiated close]
2026-10-03 11:07:15 [main] INFO  c.t.t.t.i.config.Environment - Instance Environment initialized. [InstanceId=1915058446]
2026-10-03 11:07:16 [main] INFO  c.t.t.t.i.security.JwtService - Instance JwtService initialized. [InstanceId=853119666]
2026-10-03 11:07:16 [main] INFO  c.t.t.t.i.persistence.jpa.JpaUtil - Instance JpaUtil initialized. [InstanceId=1712943792]
2026-10-03 11:07:16 [main] INFO  c.t.t.t.i.p.j.r.UserJpaRepository - Instance UserJpaRepository initialized. [InstanceId=1525919705]
2026-10-03 11:07:16 [main] INFO  c.t.t.t.i.p.j.r.RoomJpaRepository - Instance RoomJpaRepository initialized. [InstanceId=842741472]
2026-10-03 11:07:16 [main] INFO  c.t.t.t.i.p.j.r.RoomPlayerJpaRepository - Instance RoomPlayerJpaRepository initialized. [InstanceId=1156304131]
2026-10-03 11:07:16 [main] INFO  c.t.t.t.a.service.AuthServiceImpl - Instance AuthServiceImpl initialized. [InstanceId=1766505436]
2026-10-03 11:07:16 [main] INFO  c.t.t.t.a.service.UserServiceImpl - Instance UserServiceImpl initialized. [InstanceId=771775563]
2026-10-03 11:07:16 [main] INFO  c.t.t.t.a.service.RoomServiceImpl - Instance RoomServiceImpl initialized. [InstanceId=1164440413]
2026-10-03 11:07:16 [main] INFO  c.t.t.t.a.s.RoomPlayerServiceImpl - Instance RoomPlayerServiceImpl initialized. [InstanceId=1610525991]
2026-10-03 11:07:16 [main] INFO  c.t.t.t.p.h.m.AuthorizedHttpMiddleware - Instance AuthorizedHttpMiddleware initialized. [InstanceId=1666607455]
2026-10-03 11:07:16 [main] INFO  c.t.t.t.p.h.c.AuthController - Instance AuthController initialized. [InstanceId=1327006586]
2026-10-03 11:07:16 [main] INFO  c.t.t.t.p.s.m.AuthorizedSocketMiddleware - Instance AuthorizedSocketMiddleware initialized. [InstanceId=899644639]
2026-10-03 11:07:16 [main] INFO  c.t.t.t.p.s.c.ConnectionManager - Instance ConnectionManager initialized. [InstanceId=530737374]
2026-10-03 11:07:16 [main] INFO  c.t.t.t.p.socket.room.RoomManager - Instance RoomManager initialized. [InstanceId=1332668132]
2026-10-03 11:07:16 [main] INFO  c.t.t.t.p.s.e.ExceptionSocketHandler - Instance ExceptionSocketHandler initialized. [InstanceId=540325452]
2026-10-03 11:07:16 [main] INFO  c.t.t.t.p.s.e.h.GlobalMessageHandler - Instance GlobalMessageHandler initialized. [InstanceId=1902237905]
2026-10-03 11:07:16 [main] INFO  c.t.t.t.p.s.e.h.RoomsByStatusHandler - Instance RoomsByStatusHandler initialized. [InstanceId=485937598]
2026-10-03 11:07:16 [main] INFO  c.t.t.t.p.s.e.h.CreateRoomHandler - Instance CreateRoomHandler initialized. [InstanceId=434398524]
2026-10-03 11:07:16 [main] INFO  c.t.t.t.p.s.e.h.MessageRoomHandler - Instance MessageRoomHandler initialized. [InstanceId=1392794732]
2026-10-03 11:07:16 [main] INFO  c.t.t.t.p.s.e.h.JoinRoomHandler - Instance JoinRoomHandler initialized. [InstanceId=1807648168]
2026-10-03 11:07:16 [WebSocketSelector-29] INFO  c.t.t.t.p.socket.SocketServer - WebSocketServer started successfully. [port=8081] [url=ws://localhost:8081]
2026-10-03 11:07:16 [main] INFO  org.eclipse.jetty.util.log - Logging initialized @1464ms to org.eclipse.jetty.util.log.Slf4jLog
2026-10-03 11:07:16 [main] INFO  io.javalin.Javalin - Starting Javalin ...
2026-10-03 11:07:16 [main] INFO  io.javalin.Javalin - You are running Javalin 4.6.8 (released May 4, 2023. Your Javalin version is 1247 days old. Consider checking for a newer version.).
2026-10-03 11:07:17 [main] INFO  io.javalin.Javalin - Listening on http://localhost:8080/
2026-10-03 11:07:17 [main] INFO  io.javalin.Javalin - Javalin started in 195ms \o/
2026-10-03 11:07:17 [main] INFO  c.t.t.t.presentation.http.HttpServer - Instance HttpServer initialized.
2026-10-03 11:07:17 [main] INFO  c.t.t.t.presentation.http.HttpServer - HttpServer started successfully. [port=8080] [url=http://localhost:8080]
2026-10-03 11:07:17 [main] INFO  com.tic.tac.toe.Application - Started Application
2026-10-03 11:07:49 [WebSocketWorker-17] INFO  c.t.t.t.p.s.c.ConnectionManager - A connection added on manager. [connectionId=c53f735b-87bf-4931-9ee0-eab3f24eb774] [userId=a9876944-0518-4057-ba2b-5171c3a8bea7]
2026-10-03 11:07:52 [WebSocketWorker-18] INFO  c.t.t.t.p.s.c.ConnectionManager - A connection added on manager. [connectionId=15f4e445-33a0-4600-b967-751022df5854] [userId=64f51ab2-6a09-44f6-8606-bf4a0718d920]
2026-10-03 11:07:55 [WebSocketWorker-19] INFO  c.t.t.t.p.s.c.ConnectionManager - A connection added on manager. [connectionId=fbd1cfcd-0055-4e81-8e27-8ffbb47cd3bf] [userId=5b2bd98b-40da-412d-83b8-14833b48f537]
2026-10-03 11:08:01 [WebSocketWorker-17] INFO  c.t.t.t.p.s.c.ConnectionManager - Getting connection by websocket
2026-10-03 11:08:01 [WebSocketWorker-17] INFO  c.t.t.t.p.s.c.ConnectionManager - Got connection by websocket. [connectionId=c53f735b-87bf-4931-9ee0-eab3f24eb774] [userId=a9876944-0518-4057-ba2b-5171c3a8bea7]
2026-10-03 11:08:01 [WebSocketWorker-17] INFO  c.t.t.t.p.s.c.ConnectionManager - Getting connection by userId. [userId=a9876944-0518-4057-ba2b-5171c3a8bea7]
2026-10-03 11:08:01 [WebSocketWorker-17] INFO  c.t.t.t.p.s.c.ConnectionManager - Got connection by userId. [connectionId=c53f735b-87bf-4931-9ee0-eab3f24eb774] [userId=a9876944-0518-4057-ba2b-5171c3a8bea7]
2026-10-03 11:08:08 [WebSocketWorker-17] INFO  c.t.t.t.p.s.c.ConnectionManager - Getting connection by websocket
2026-10-03 11:08:08 [WebSocketWorker-17] INFO  c.t.t.t.p.s.c.ConnectionManager - Got connection by websocket. [connectionId=c53f735b-87bf-4931-9ee0-eab3f24eb774] [userId=a9876944-0518-4057-ba2b-5171c3a8bea7]
2026-10-03 11:08:08 [WebSocketWorker-17] INFO  c.t.t.t.p.s.c.ConnectionManager - Getting connection by userId. [userId=a9876944-0518-4057-ba2b-5171c3a8bea7]
2026-10-03 11:08:08 [WebSocketWorker-17] INFO  c.t.t.t.p.s.c.ConnectionManager - Got connection by userId. [connectionId=c53f735b-87bf-4931-9ee0-eab3f24eb774] [userId=a9876944-0518-4057-ba2b-5171c3a8bea7]
2026-10-03 11:08:08 [WebSocketWorker-17] INFO  c.t.t.t.i.p.j.r.RoomJpaRepository - Room saved successfully. [RoomId=2250aa37-6d3e-48e6-b36b-a2a239994341]
2026-10-03 11:08:08 [WebSocketWorker-17] INFO  c.t.t.t.a.service.RoomServiceImpl - Room created. [roomId=2250aa37-6d3e-48e6-b36b-a2a239994341] [ownerId=a9876944-0518-4057-ba2b-5171c3a8bea7]
2026-10-03 11:08:08 [WebSocketWorker-17] INFO  c.t.t.t.p.socket.room.RoomManager - Room created. [RoomId=2250aa37-6d3e-48e6-b36b-a2a239994341] [TotalRooms=1]
2026-10-03 11:08:08 [WebSocketWorker-17] INFO  c.t.t.t.p.socket.room.RoomManager - User joined room. [RoomId=2250aa37-6d3e-48e6-b36b-a2a239994341] [UserId=a9876944-0518-4057-ba2b-5171c3a8bea7] [TotalUsers=1]
2026-10-03 11:08:08 [WebSocketWorker-17] INFO  c.t.t.t.p.socket.room.RoomManager - Broadcast sent. [RoomId=2250aa37-6d3e-48e6-b36b-a2a239994341] [Recipients=1]
2026-10-03 11:08:08 [WebSocketWorker-17] INFO  c.t.t.t.p.s.c.ConnectionManager - Sending message on broadcast
2026-10-03 11:08:08 [WebSocketWorker-17] INFO  c.t.t.t.p.s.c.ConnectionManager - Send message to connection. [connectionId=c53f735b-87bf-4931-9ee0-eab3f24eb774] [userId=a9876944-0518-4057-ba2b-5171c3a8bea7]
2026-10-03 11:08:08 [WebSocketWorker-17] INFO  c.t.t.t.p.s.c.ConnectionManager - Send message to connection. [connectionId=fbd1cfcd-0055-4e81-8e27-8ffbb47cd3bf] [userId=5b2bd98b-40da-412d-83b8-14833b48f537]
2026-10-03 11:08:08 [WebSocketWorker-17] INFO  c.t.t.t.p.s.c.ConnectionManager - Send message to connection. [connectionId=15f4e445-33a0-4600-b967-751022df5854] [userId=64f51ab2-6a09-44f6-8606-bf4a0718d920]
2026-10-03 11:08:08 [WebSocketWorker-17] INFO  c.t.t.t.p.s.e.h.CreateRoomHandler - Room created and owner joined. [roomId=2250aa37-6d3e-48e6-b36b-a2a239994341] [ownerId=a9876944-0518-4057-ba2b-5171c3a8bea7]
2026-10-03 11:08:33 [WebSocketWorker-18] INFO  c.t.t.t.p.s.c.ConnectionManager - Getting connection by websocket
2026-10-03 11:08:33 [WebSocketWorker-18] INFO  c.t.t.t.p.s.c.ConnectionManager - Got connection by websocket. [connectionId=15f4e445-33a0-4600-b967-751022df5854] [userId=64f51ab2-6a09-44f6-8606-bf4a0718d920]
2026-10-03 11:08:33 [WebSocketWorker-18] INFO  c.t.t.t.p.s.c.ConnectionManager - Getting connection by userId. [userId=64f51ab2-6a09-44f6-8606-bf4a0718d920]
2026-10-03 11:08:33 [WebSocketWorker-18] INFO  c.t.t.t.p.s.c.ConnectionManager - Got connection by userId. [connectionId=15f4e445-33a0-4600-b967-751022df5854] [userId=64f51ab2-6a09-44f6-8606-bf4a0718d920]
2026-10-03 11:08:33 [WebSocketWorker-18] INFO  c.t.t.t.a.s.RoomPlayerServiceImpl - RoomPlayer created. [roomPlayerId=eabc967e-1858-4e46-bae3-d5be185329d1]
2026-10-03 11:08:33 [WebSocketWorker-18] INFO  c.t.t.t.p.socket.room.RoomManager - User joined room. [RoomId=2250aa37-6d3e-48e6-b36b-a2a239994341] [UserId=64f51ab2-6a09-44f6-8606-bf4a0718d920] [TotalUsers=2]
2026-10-03 11:08:33 [WebSocketWorker-18] INFO  c.t.t.t.p.s.c.ConnectionManager - Sending message on broadcast
2026-10-03 11:08:33 [WebSocketWorker-18] INFO  c.t.t.t.p.s.c.ConnectionManager - Send message to connection. [connectionId=c53f735b-87bf-4931-9ee0-eab3f24eb774] [userId=a9876944-0518-4057-ba2b-5171c3a8bea7]
2026-10-03 11:08:33 [WebSocketWorker-18] INFO  c.t.t.t.p.s.c.ConnectionManager - Send message to connection. [connectionId=fbd1cfcd-0055-4e81-8e27-8ffbb47cd3bf] [userId=5b2bd98b-40da-412d-83b8-14833b48f537]
2026-10-03 11:08:33 [WebSocketWorker-18] INFO  c.t.t.t.p.s.c.ConnectionManager - Send message to connection. [connectionId=15f4e445-33a0-4600-b967-751022df5854] [userId=64f51ab2-6a09-44f6-8606-bf4a0718d920]
2026-10-03 11:08:48 [WebSocketSelector-29] INFO  c.t.t.t.p.s.c.ConnectionManager - Getting connection by websocket
2026-10-03 11:08:48 [WebSocketSelector-29] INFO  c.t.t.t.p.s.c.ConnectionManager - Got connection by websocket. [connectionId=15f4e445-33a0-4600-b967-751022df5854] [userId=64f51ab2-6a09-44f6-8606-bf4a0718d920]
2026-10-03 11:08:48 [WebSocketSelector-29] INFO  c.t.t.t.p.s.c.ConnectionManager - Connection removed successfully. [connectionId=15f4e445-33a0-4600-b967-751022df5854] [userId=64f51ab2-6a09-44f6-8606-bf4a0718d920]
2026-10-03 11:08:48 [WebSocketSelector-29] INFO  c.t.t.t.p.socket.room.RoomManager - User left room. [RoomId=2250aa37-6d3e-48e6-b36b-a2a239994341] [UserId=64f51ab2-6a09-44f6-8606-bf4a0718d920] [TotalUsers=1]
2026-10-03 11:08:48 [WebSocketSelector-29] WARN  c.t.t.t.p.socket.SocketServer - RoomPlayer already removed. [roomId=2250aa37-6d3e-48e6-b36b-a2a239994341] [userId=64f51ab2-6a09-44f6-8606-bf4a0718d920]
2026-10-03 11:08:48 [WebSocketSelector-29] INFO  c.t.t.t.p.s.c.ConnectionManager - Sending message on broadcast
2026-10-03 11:08:48 [WebSocketSelector-29] INFO  c.t.t.t.p.s.c.ConnectionManager - Send message to connection. [connectionId=c53f735b-87bf-4931-9ee0-eab3f24eb774] [userId=a9876944-0518-4057-ba2b-5171c3a8bea7]
2026-10-03 11:08:48 [WebSocketSelector-29] INFO  c.t.t.t.p.s.c.ConnectionManager - Send message to connection. [connectionId=fbd1cfcd-0055-4e81-8e27-8ffbb47cd3bf] [userId=5b2bd98b-40da-412d-83b8-14833b48f537]
2026-10-03 11:08:48 [WebSocketSelector-29] WARN  c.t.t.t.p.socket.SocketServer - Close connection. [connectionId=15f4e445-33a0-4600-b967-751022df5854] [userId=64f51ab2-6a09-44f6-8606-bf4a0718d920] [code=1000] [reason=Client initiated close]
2026-10-03 11:09:10 [WebSocketWorker-17] INFO  c.t.t.t.p.s.c.ConnectionManager - Getting connection by websocket
2026-10-03 11:09:10 [WebSocketWorker-17] INFO  c.t.t.t.p.s.c.ConnectionManager - Got connection by websocket. [connectionId=c53f735b-87bf-4931-9ee0-eab3f24eb774] [userId=a9876944-0518-4057-ba2b-5171c3a8bea7]
2026-10-03 11:09:10 [WebSocketWorker-17] INFO  c.t.t.t.p.s.c.ConnectionManager - Getting connection by userId. [userId=a9876944-0518-4057-ba2b-5171c3a8bea7]
2026-10-03 11:09:10 [WebSocketWorker-17] INFO  c.t.t.t.p.s.c.ConnectionManager - Got connection by userId. [connectionId=c53f735b-87bf-4931-9ee0-eab3f24eb774] [userId=a9876944-0518-4057-ba2b-5171c3a8bea7]
2026-10-03 11:09:16 [WebSocketSelector-29] INFO  c.t.t.t.p.s.c.ConnectionManager - Getting connection by websocket
2026-10-03 11:09:16 [WebSocketSelector-29] INFO  c.t.t.t.p.s.c.ConnectionManager - Got connection by websocket. [connectionId=c53f735b-87bf-4931-9ee0-eab3f24eb774] [userId=a9876944-0518-4057-ba2b-5171c3a8bea7]
2026-10-03 11:09:16 [WebSocketSelector-29] INFO  c.t.t.t.p.s.c.ConnectionManager - Connection removed successfully. [connectionId=c53f735b-87bf-4931-9ee0-eab3f24eb774] [userId=a9876944-0518-4057-ba2b-5171c3a8bea7]
2026-10-03 11:09:16 [WebSocketSelector-29] INFO  c.t.t.t.p.socket.room.RoomManager - User left room. [RoomId=2250aa37-6d3e-48e6-b36b-a2a239994341] [UserId=a9876944-0518-4057-ba2b-5171c3a8bea7] [TotalUsers=0]
2026-10-03 11:09:16 [WebSocketSelector-29] WARN  c.t.t.t.p.socket.SocketServer - RoomPlayer already removed. [roomId=2250aa37-6d3e-48e6-b36b-a2a239994341] [userId=a9876944-0518-4057-ba2b-5171c3a8bea7]
2026-10-03 11:09:16 [WebSocketSelector-29] INFO  c.t.t.t.p.socket.room.RoomManager - Room removed by id. [RoomId=2250aa37-6d3e-48e6-b36b-a2a239994341] [TotalRooms=0]
2026-10-03 11:09:16 [WebSocketSelector-29] INFO  c.t.t.t.i.p.j.r.RoomJpaRepository - Room deleted successfully. [RoomId=2250aa37-6d3e-48e6-b36b-a2a239994341]
2026-10-03 11:09:16 [WebSocketSelector-29] INFO  c.t.t.t.a.service.RoomServiceImpl - Room deleted. [roomId=2250aa37-6d3e-48e6-b36b-a2a239994341]
2026-10-03 11:09:16 [WebSocketSelector-29] INFO  c.t.t.t.p.s.c.ConnectionManager - Sending message on broadcast
2026-10-03 11:09:16 [WebSocketSelector-29] INFO  c.t.t.t.p.s.c.ConnectionManager - Send message to connection. [connectionId=fbd1cfcd-0055-4e81-8e27-8ffbb47cd3bf] [userId=5b2bd98b-40da-412d-83b8-14833b48f537]
2026-10-03 11:09:16 [WebSocketSelector-29] WARN  c.t.t.t.p.socket.SocketServer - Close connection. [connectionId=c53f735b-87bf-4931-9ee0-eab3f24eb774] [userId=a9876944-0518-4057-ba2b-5171c3a8bea7] [code=1000] [reason=Client initiated close]
2026-10-03 11:17:54 [main] INFO  c.t.t.t.i.config.Environment - Instance Environment initialized. [InstanceId=1516369375]
2026-10-03 11:17:54 [main] INFO  c.t.t.t.i.security.JwtService - Instance JwtService initialized. [InstanceId=1576861390]
2026-10-03 11:17:55 [main] INFO  c.t.t.t.i.persistence.jpa.JpaUtil - Instance JpaUtil initialized. [InstanceId=1156304131]
2026-10-03 11:17:55 [main] INFO  c.t.t.t.i.p.j.r.UserJpaRepository - Instance UserJpaRepository initialized. [InstanceId=1766505436]
2026-10-03 11:17:55 [main] INFO  c.t.t.t.i.p.j.r.RoomJpaRepository - Instance RoomJpaRepository initialized. [InstanceId=771775563]
2026-10-03 11:17:55 [main] INFO  c.t.t.t.i.p.j.r.RoomPlayerJpaRepository - Instance RoomPlayerJpaRepository initialized. [InstanceId=1164440413]
2026-10-03 11:17:55 [main] INFO  c.t.t.t.a.service.AuthServiceImpl - Instance AuthServiceImpl initialized. [InstanceId=1610525991]
2026-10-03 11:17:55 [main] INFO  c.t.t.t.a.service.UserServiceImpl - Instance UserServiceImpl initialized. [InstanceId=1666607455]
2026-10-03 11:17:55 [main] INFO  c.t.t.t.a.service.RoomServiceImpl - Instance RoomServiceImpl initialized. [InstanceId=1327006586]
2026-10-03 11:17:55 [main] INFO  c.t.t.t.a.s.RoomPlayerServiceImpl - Instance RoomPlayerServiceImpl initialized. [InstanceId=899644639]
2026-10-03 11:17:55 [main] INFO  c.t.t.t.p.h.m.AuthorizedHttpMiddleware - Instance AuthorizedHttpMiddleware initialized. [InstanceId=530737374]
2026-10-03 11:17:55 [main] INFO  c.t.t.t.p.h.c.AuthController - Instance AuthController initialized. [InstanceId=1332668132]
2026-10-03 11:17:55 [main] INFO  c.t.t.t.p.s.m.AuthorizedSocketMiddleware - Instance AuthorizedSocketMiddleware initialized. [InstanceId=1147580192]
2026-10-03 11:17:55 [main] INFO  c.t.t.t.p.s.c.ConnectionManager - Instance ConnectionManager initialized. [InstanceId=173099767]
2026-10-03 11:17:55 [main] INFO  c.t.t.t.p.socket.room.RoomManager - Instance RoomManager initialized. [InstanceId=112797691]
2026-10-03 11:17:55 [main] INFO  c.t.t.t.p.s.e.ExceptionSocketHandler - Instance ExceptionSocketHandler initialized. [InstanceId=1902237905]
2026-10-03 11:17:55 [main] INFO  c.t.t.t.p.s.e.h.GlobalMessageHandler - Instance GlobalMessageHandler initialized. [InstanceId=1715248762]
2026-10-03 11:17:55 [main] INFO  c.t.t.t.p.s.e.h.RoomsByStatusHandler - Instance RoomsByStatusHandler initialized. [InstanceId=2035616217]
2026-10-03 11:17:55 [main] INFO  c.t.t.t.p.s.e.h.CreateRoomHandler - Instance CreateRoomHandler initialized. [InstanceId=1363793720]
2026-10-03 11:17:55 [main] INFO  c.t.t.t.p.s.e.h.MessageRoomHandler - Instance MessageRoomHandler initialized. [InstanceId=980697799]
2026-10-03 11:17:55 [main] INFO  c.t.t.t.p.s.e.h.JoinRoomHandler - Instance JoinRoomHandler initialized. [InstanceId=1418555530]
2026-10-03 11:17:55 [WebSocketSelector-29] INFO  c.t.t.t.p.socket.SocketServer - WebSocketServer started successfully. [port=8081] [url=ws://localhost:8081]
2026-10-03 11:17:55 [main] INFO  org.eclipse.jetty.util.log - Logging initialized @991ms to org.eclipse.jetty.util.log.Slf4jLog
2026-10-03 11:17:55 [main] INFO  io.javalin.Javalin - Starting Javalin ...
2026-10-03 11:17:55 [main] INFO  io.javalin.Javalin - You are running Javalin 4.6.8 (released May 4, 2023. Your Javalin version is 1247 days old. Consider checking for a newer version.).
2026-10-03 11:17:55 [main] INFO  io.javalin.Javalin - Listening on http://localhost:8080/
2026-10-03 11:17:55 [main] INFO  io.javalin.Javalin - Javalin started in 138ms \o/
2026-10-03 11:17:55 [main] INFO  c.t.t.t.presentation.http.HttpServer - Instance HttpServer initialized.
2026-10-03 11:17:55 [main] INFO  c.t.t.t.presentation.http.HttpServer - HttpServer started successfully. [port=8080] [url=http://localhost:8080]
2026-10-03 11:17:55 [main] INFO  com.tic.tac.toe.Application - Started Application
2026-10-03 11:17:59 [WebSocketWorker-17] INFO  c.t.t.t.p.s.c.ConnectionManager - A connection added on manager. [connectionId=74793c39-b309-491c-99a4-a1ae5da34bf7] [userId=a9876944-0518-4057-ba2b-5171c3a8bea7]
2026-10-03 11:18:01 [WebSocketWorker-18] INFO  c.t.t.t.p.s.c.ConnectionManager - A connection added on manager. [connectionId=1fc8e462-e2d3-4c17-9fda-5030c0c1475c] [userId=64f51ab2-6a09-44f6-8606-bf4a0718d920]
2026-10-03 11:18:04 [WebSocketWorker-19] INFO  c.t.t.t.p.s.c.ConnectionManager - A connection added on manager. [connectionId=d2ad86c4-916f-43a7-85b2-b91c3b0f04d3] [userId=5b2bd98b-40da-412d-83b8-14833b48f537]
2026-10-03 11:18:08 [WebSocketWorker-17] INFO  c.t.t.t.p.s.c.ConnectionManager - Getting connection by websocket
2026-10-03 11:18:08 [WebSocketWorker-17] INFO  c.t.t.t.p.s.c.ConnectionManager - Got connection by websocket. [connectionId=74793c39-b309-491c-99a4-a1ae5da34bf7] [userId=a9876944-0518-4057-ba2b-5171c3a8bea7]
2026-10-03 11:18:08 [WebSocketWorker-17] INFO  c.t.t.t.p.s.c.ConnectionManager - Getting connection by userId. [userId=a9876944-0518-4057-ba2b-5171c3a8bea7]
2026-10-03 11:18:08 [WebSocketWorker-17] INFO  c.t.t.t.p.s.c.ConnectionManager - Got connection by userId. [connectionId=74793c39-b309-491c-99a4-a1ae5da34bf7] [userId=a9876944-0518-4057-ba2b-5171c3a8bea7]
2026-10-03 11:18:08 [WebSocketWorker-17] WARN  c.t.t.t.p.s.e.h.MessageRoomHandler - User don't have a room. [userId=a9876944-0518-4057-ba2b-5171c3a8bea7]
2026-10-03 11:18:13 [WebSocketWorker-17] INFO  c.t.t.t.p.s.c.ConnectionManager - Getting connection by websocket
2026-10-03 11:18:13 [WebSocketWorker-17] INFO  c.t.t.t.p.s.c.ConnectionManager - Got connection by websocket. [connectionId=74793c39-b309-491c-99a4-a1ae5da34bf7] [userId=a9876944-0518-4057-ba2b-5171c3a8bea7]
2026-10-03 11:18:13 [WebSocketWorker-17] INFO  c.t.t.t.p.s.c.ConnectionManager - Getting connection by userId. [userId=a9876944-0518-4057-ba2b-5171c3a8bea7]
2026-10-03 11:18:13 [WebSocketWorker-17] INFO  c.t.t.t.p.s.c.ConnectionManager - Got connection by userId. [connectionId=74793c39-b309-491c-99a4-a1ae5da34bf7] [userId=a9876944-0518-4057-ba2b-5171c3a8bea7]
2026-10-03 11:18:14 [WebSocketWorker-17] INFO  c.t.t.t.i.p.j.r.RoomJpaRepository - Room saved successfully. [RoomId=4ac30286-050c-4c8f-92a2-69f55daf9885]
2026-10-03 11:18:14 [WebSocketWorker-17] INFO  c.t.t.t.a.service.RoomServiceImpl - Room created. [roomId=4ac30286-050c-4c8f-92a2-69f55daf9885] [ownerId=a9876944-0518-4057-ba2b-5171c3a8bea7]
2026-10-03 11:18:14 [WebSocketWorker-17] INFO  c.t.t.t.p.socket.room.RoomManager - Room created. [RoomId=4ac30286-050c-4c8f-92a2-69f55daf9885] [TotalRooms=1]
2026-10-03 11:18:14 [WebSocketWorker-17] INFO  c.t.t.t.p.socket.room.RoomManager - User joined room. [RoomId=4ac30286-050c-4c8f-92a2-69f55daf9885] [UserId=a9876944-0518-4057-ba2b-5171c3a8bea7] [TotalUsers=1]
2026-10-03 11:18:14 [WebSocketWorker-17] INFO  c.t.t.t.p.socket.room.RoomManager - Broadcast sent. [RoomId=4ac30286-050c-4c8f-92a2-69f55daf9885] [Recipients=1]
2026-10-03 11:18:14 [WebSocketWorker-17] INFO  c.t.t.t.p.s.c.ConnectionManager - Sending message on broadcast
2026-10-03 11:18:14 [WebSocketWorker-17] INFO  c.t.t.t.p.s.c.ConnectionManager - Send message to connection. [connectionId=d2ad86c4-916f-43a7-85b2-b91c3b0f04d3] [userId=5b2bd98b-40da-412d-83b8-14833b48f537]
2026-10-03 11:18:14 [WebSocketWorker-17] INFO  c.t.t.t.p.s.c.ConnectionManager - Send message to connection. [connectionId=1fc8e462-e2d3-4c17-9fda-5030c0c1475c] [userId=64f51ab2-6a09-44f6-8606-bf4a0718d920]
2026-10-03 11:18:14 [WebSocketWorker-17] INFO  c.t.t.t.p.s.c.ConnectionManager - Send message to connection. [connectionId=74793c39-b309-491c-99a4-a1ae5da34bf7] [userId=a9876944-0518-4057-ba2b-5171c3a8bea7]
2026-10-03 11:18:14 [WebSocketWorker-17] INFO  c.t.t.t.p.s.e.h.CreateRoomHandler - Room created and owner joined. [roomId=4ac30286-050c-4c8f-92a2-69f55daf9885] [ownerId=a9876944-0518-4057-ba2b-5171c3a8bea7]
2026-10-03 11:18:25 [WebSocketWorker-18] INFO  c.t.t.t.p.s.c.ConnectionManager - Getting connection by websocket
2026-10-03 11:18:25 [WebSocketWorker-18] INFO  c.t.t.t.p.s.c.ConnectionManager - Got connection by websocket. [connectionId=1fc8e462-e2d3-4c17-9fda-5030c0c1475c] [userId=64f51ab2-6a09-44f6-8606-bf4a0718d920]
2026-10-03 11:18:25 [WebSocketWorker-18] INFO  c.t.t.t.p.s.c.ConnectionManager - Getting connection by userId. [userId=64f51ab2-6a09-44f6-8606-bf4a0718d920]
2026-10-03 11:18:25 [WebSocketWorker-18] INFO  c.t.t.t.p.s.c.ConnectionManager - Got connection by userId. [connectionId=1fc8e462-e2d3-4c17-9fda-5030c0c1475c] [userId=64f51ab2-6a09-44f6-8606-bf4a0718d920]
2026-10-03 11:18:25 [WebSocketWorker-18] INFO  c.t.t.t.a.s.RoomPlayerServiceImpl - RoomPlayer created. [roomPlayerId=86949ab9-3c31-4cd3-b1af-b30d86f4f060]
2026-10-03 11:18:25 [WebSocketWorker-18] INFO  c.t.t.t.p.socket.room.RoomManager - User joined room. [RoomId=4ac30286-050c-4c8f-92a2-69f55daf9885] [UserId=64f51ab2-6a09-44f6-8606-bf4a0718d920] [TotalUsers=2]
2026-10-03 11:18:25 [WebSocketWorker-18] INFO  c.t.t.t.p.s.c.ConnectionManager - Sending message on broadcast
2026-10-03 11:18:25 [WebSocketWorker-18] INFO  c.t.t.t.p.s.c.ConnectionManager - Send message to connection. [connectionId=d2ad86c4-916f-43a7-85b2-b91c3b0f04d3] [userId=5b2bd98b-40da-412d-83b8-14833b48f537]
2026-10-03 11:18:25 [WebSocketWorker-18] INFO  c.t.t.t.p.s.c.ConnectionManager - Send message to connection. [connectionId=1fc8e462-e2d3-4c17-9fda-5030c0c1475c] [userId=64f51ab2-6a09-44f6-8606-bf4a0718d920]
2026-10-03 11:18:25 [WebSocketWorker-18] INFO  c.t.t.t.p.s.c.ConnectionManager - Send message to connection. [connectionId=74793c39-b309-491c-99a4-a1ae5da34bf7] [userId=a9876944-0518-4057-ba2b-5171c3a8bea7]
2026-10-03 11:18:34 [WebSocketSelector-29] INFO  c.t.t.t.p.s.c.ConnectionManager - Getting connection by websocket
2026-10-03 11:18:34 [WebSocketSelector-29] INFO  c.t.t.t.p.s.c.ConnectionManager - Got connection by websocket. [connectionId=1fc8e462-e2d3-4c17-9fda-5030c0c1475c] [userId=64f51ab2-6a09-44f6-8606-bf4a0718d920]
2026-10-03 11:18:34 [WebSocketSelector-29] INFO  c.t.t.t.p.s.c.ConnectionManager - Connection removed successfully. [connectionId=1fc8e462-e2d3-4c17-9fda-5030c0c1475c] [userId=64f51ab2-6a09-44f6-8606-bf4a0718d920]
2026-10-03 11:18:34 [WebSocketSelector-29] INFO  c.t.t.t.p.socket.room.RoomManager - User left room. [RoomId=4ac30286-050c-4c8f-92a2-69f55daf9885] [UserId=64f51ab2-6a09-44f6-8606-bf4a0718d920] [TotalUsers=1]
2026-10-03 11:18:34 [WebSocketSelector-29] WARN  c.t.t.t.p.socket.SocketServer - RoomPlayer already removed. [roomId=4ac30286-050c-4c8f-92a2-69f55daf9885] [userId=64f51ab2-6a09-44f6-8606-bf4a0718d920]
2026-10-03 11:18:34 [WebSocketSelector-29] INFO  c.t.t.t.p.s.c.ConnectionManager - Sending message on broadcast
2026-10-03 11:18:34 [WebSocketSelector-29] INFO  c.t.t.t.p.s.c.ConnectionManager - Send message to connection. [connectionId=d2ad86c4-916f-43a7-85b2-b91c3b0f04d3] [userId=5b2bd98b-40da-412d-83b8-14833b48f537]
2026-10-03 11:18:34 [WebSocketSelector-29] INFO  c.t.t.t.p.s.c.ConnectionManager - Send message to connection. [connectionId=74793c39-b309-491c-99a4-a1ae5da34bf7] [userId=a9876944-0518-4057-ba2b-5171c3a8bea7]
2026-10-03 11:18:34 [WebSocketSelector-29] WARN  c.t.t.t.p.socket.SocketServer - Close connection. [connectionId=1fc8e462-e2d3-4c17-9fda-5030c0c1475c] [userId=64f51ab2-6a09-44f6-8606-bf4a0718d920] [code=1000] [reason=Client initiated close]
2026-10-03 11:18:43 [WebSocketWorker-17] INFO  c.t.t.t.p.s.c.ConnectionManager - Getting connection by websocket
2026-10-03 11:18:43 [WebSocketWorker-17] INFO  c.t.t.t.p.s.c.ConnectionManager - Got connection by websocket. [connectionId=74793c39-b309-491c-99a4-a1ae5da34bf7] [userId=a9876944-0518-4057-ba2b-5171c3a8bea7]
2026-10-03 11:18:43 [WebSocketWorker-17] INFO  c.t.t.t.p.s.c.ConnectionManager - Getting connection by userId. [userId=a9876944-0518-4057-ba2b-5171c3a8bea7]
2026-10-03 11:18:43 [WebSocketWorker-17] INFO  c.t.t.t.p.s.c.ConnectionManager - Got connection by userId. [connectionId=74793c39-b309-491c-99a4-a1ae5da34bf7] [userId=a9876944-0518-4057-ba2b-5171c3a8bea7]
2026-10-03 11:18:51 [WebSocketSelector-29] INFO  c.t.t.t.p.s.c.ConnectionManager - Getting connection by websocket
2026-10-03 11:18:51 [WebSocketSelector-29] INFO  c.t.t.t.p.s.c.ConnectionManager - Got connection by websocket. [connectionId=74793c39-b309-491c-99a4-a1ae5da34bf7] [userId=a9876944-0518-4057-ba2b-5171c3a8bea7]
2026-10-03 11:18:51 [WebSocketSelector-29] INFO  c.t.t.t.p.s.c.ConnectionManager - Connection removed successfully. [connectionId=74793c39-b309-491c-99a4-a1ae5da34bf7] [userId=a9876944-0518-4057-ba2b-5171c3a8bea7]
2026-10-03 11:18:51 [WebSocketSelector-29] INFO  c.t.t.t.p.socket.room.RoomManager - User left room. [RoomId=4ac30286-050c-4c8f-92a2-69f55daf9885] [UserId=a9876944-0518-4057-ba2b-5171c3a8bea7] [TotalUsers=0]
2026-10-03 11:18:51 [WebSocketSelector-29] WARN  c.t.t.t.p.socket.SocketServer - RoomPlayer already removed. [roomId=4ac30286-050c-4c8f-92a2-69f55daf9885] [userId=a9876944-0518-4057-ba2b-5171c3a8bea7]
2026-10-03 11:18:51 [WebSocketSelector-29] INFO  c.t.t.t.p.socket.room.RoomManager - Room removed by id. [RoomId=4ac30286-050c-4c8f-92a2-69f55daf9885] [TotalRooms=0]
2026-10-03 11:18:51 [WebSocketSelector-29] INFO  c.t.t.t.i.p.j.r.RoomJpaRepository - Room deleted successfully. [RoomId=4ac30286-050c-4c8f-92a2-69f55daf9885]
2026-10-03 11:18:51 [WebSocketSelector-29] INFO  c.t.t.t.a.service.RoomServiceImpl - Room deleted. [roomId=4ac30286-050c-4c8f-92a2-69f55daf9885]
2026-10-03 11:18:51 [WebSocketSelector-29] INFO  c.t.t.t.p.s.c.ConnectionManager - Sending message on broadcast
2026-10-03 11:18:51 [WebSocketSelector-29] INFO  c.t.t.t.p.s.c.ConnectionManager - Send message to connection. [connectionId=d2ad86c4-916f-43a7-85b2-b91c3b0f04d3] [userId=5b2bd98b-40da-412d-83b8-14833b48f537]
2026-10-03 11:18:51 [WebSocketSelector-29] WARN  c.t.t.t.p.socket.SocketServer - Close connection. [connectionId=74793c39-b309-491c-99a4-a1ae5da34bf7] [userId=a9876944-0518-4057-ba2b-5171c3a8bea7] [code=1000] [reason=Client initiated close]
2026-10-03 11:28:09 [main] INFO  c.t.t.t.i.config.Environment - Instance Environment initialized. [InstanceId=1516369375]
2026-10-03 11:28:09 [main] INFO  c.t.t.t.i.security.JwtService - Instance JwtService initialized. [InstanceId=1576861390]
2026-10-03 11:28:09 [main] INFO  c.t.t.t.i.persistence.jpa.JpaUtil - Instance JpaUtil initialized. [InstanceId=1156304131]
2026-10-03 11:28:09 [main] INFO  c.t.t.t.i.p.j.r.UserJpaRepository - Instance UserJpaRepository initialized. [InstanceId=1766505436]
2026-10-03 11:28:09 [main] INFO  c.t.t.t.i.p.j.r.RoomJpaRepository - Instance RoomJpaRepository initialized. [InstanceId=771775563]
2026-10-03 11:28:09 [main] INFO  c.t.t.t.i.p.j.r.RoomPlayerJpaRepository - Instance RoomPlayerJpaRepository initialized. [InstanceId=1164440413]
2026-10-03 11:28:09 [main] INFO  c.t.t.t.a.service.AuthServiceImpl - Instance AuthServiceImpl initialized. [InstanceId=1610525991]
2026-10-03 11:28:09 [main] INFO  c.t.t.t.a.service.UserServiceImpl - Instance UserServiceImpl initialized. [InstanceId=1666607455]
2026-10-03 11:28:09 [main] INFO  c.t.t.t.a.service.RoomServiceImpl - Instance RoomServiceImpl initialized. [InstanceId=1327006586]
2026-10-03 11:28:09 [main] INFO  c.t.t.t.a.s.RoomPlayerServiceImpl - Instance RoomPlayerServiceImpl initialized. [InstanceId=899644639]
2026-10-03 11:28:09 [main] INFO  c.t.t.t.p.h.m.AuthorizedHttpMiddleware - Instance AuthorizedHttpMiddleware initialized. [InstanceId=530737374]
2026-10-03 11:28:09 [main] INFO  c.t.t.t.p.h.c.AuthController - Instance AuthController initialized. [InstanceId=1332668132]
2026-10-03 11:28:09 [main] INFO  c.t.t.t.p.s.m.AuthorizedSocketMiddleware - Instance AuthorizedSocketMiddleware initialized. [InstanceId=1147580192]
2026-10-03 11:28:09 [main] INFO  c.t.t.t.p.s.c.ConnectionManager - Instance ConnectionManager initialized. [InstanceId=173099767]
2026-10-03 11:28:09 [main] INFO  c.t.t.t.p.socket.room.RoomManager - Instance RoomManager initialized. [InstanceId=112797691]
2026-10-03 11:28:09 [main] INFO  c.t.t.t.p.s.e.ExceptionSocketHandler - Instance ExceptionSocketHandler initialized. [InstanceId=1902237905]
2026-10-03 11:28:09 [main] INFO  c.t.t.t.p.s.e.h.GlobalMessageHandler - Instance GlobalMessageHandler initialized. [InstanceId=1715248762]
2026-10-03 11:28:09 [main] INFO  c.t.t.t.p.s.e.h.RoomsByStatusHandler - Instance RoomsByStatusHandler initialized. [InstanceId=2035616217]
2026-10-03 11:28:09 [main] INFO  c.t.t.t.p.s.e.h.CreateRoomHandler - Instance CreateRoomHandler initialized. [InstanceId=1363793720]
2026-10-03 11:28:09 [main] INFO  c.t.t.t.p.s.e.h.MessageRoomHandler - Instance MessageRoomHandler initialized. [InstanceId=980697799]
2026-10-03 11:28:09 [main] INFO  c.t.t.t.p.s.e.h.JoinRoomHandler - Instance JoinRoomHandler initialized. [InstanceId=1418555530]
2026-10-03 11:28:09 [WebSocketSelector-29] INFO  c.t.t.t.p.socket.SocketServer - WebSocketServer started successfully. [port=8081] [url=ws://localhost:8081]
2026-10-03 11:28:09 [main] INFO  org.eclipse.jetty.util.log - Logging initialized @986ms to org.eclipse.jetty.util.log.Slf4jLog
2026-10-03 11:28:09 [main] INFO  io.javalin.Javalin - Starting Javalin ...
2026-10-03 11:28:09 [main] INFO  io.javalin.Javalin - You are running Javalin 4.6.8 (released May 4, 2023. Your Javalin version is 1247 days old. Consider checking for a newer version.).
2026-10-03 11:28:10 [main] INFO  io.javalin.Javalin - Listening on http://localhost:8080/
2026-10-03 11:28:10 [main] INFO  io.javalin.Javalin - Javalin started in 117ms \o/
2026-10-03 11:28:10 [main] INFO  c.t.t.t.presentation.http.HttpServer - Instance HttpServer initialized.
2026-10-03 11:28:10 [main] INFO  c.t.t.t.presentation.http.HttpServer - HttpServer started successfully. [port=8080] [url=http://localhost:8080]
2026-10-03 11:28:10 [main] INFO  com.tic.tac.toe.Application - Started Application
2026-10-03 11:28:13 [WebSocketWorker-17] INFO  c.t.t.t.p.s.c.ConnectionManager - A connection added on manager. [connectionId=6723cfc0-c411-4c65-b154-ffa471611a53] [userId=a9876944-0518-4057-ba2b-5171c3a8bea7]
2026-10-03 11:28:16 [WebSocketWorker-18] INFO  c.t.t.t.p.s.c.ConnectionManager - A connection added on manager. [connectionId=7eff1090-9c75-4c92-8d6e-5e65413b87d1] [userId=64f51ab2-6a09-44f6-8606-bf4a0718d920]
2026-10-03 11:28:18 [WebSocketWorker-19] INFO  c.t.t.t.p.s.c.ConnectionManager - A connection added on manager. [connectionId=c74e8ed1-729b-4420-9efc-17c2c22d1c22] [userId=5b2bd98b-40da-412d-83b8-14833b48f537]
2026-10-03 11:28:20 [WebSocketWorker-17] INFO  c.t.t.t.p.s.c.ConnectionManager - Getting connection by websocket
2026-10-03 11:28:20 [WebSocketWorker-17] INFO  c.t.t.t.p.s.c.ConnectionManager - Got connection by websocket. [connectionId=6723cfc0-c411-4c65-b154-ffa471611a53] [userId=a9876944-0518-4057-ba2b-5171c3a8bea7]
2026-10-03 11:28:20 [WebSocketWorker-17] INFO  c.t.t.t.p.s.c.ConnectionManager - Getting connection by userId. [userId=a9876944-0518-4057-ba2b-5171c3a8bea7]
2026-10-03 11:28:20 [WebSocketWorker-17] INFO  c.t.t.t.p.s.c.ConnectionManager - Got connection by userId. [connectionId=6723cfc0-c411-4c65-b154-ffa471611a53] [userId=a9876944-0518-4057-ba2b-5171c3a8bea7]
2026-10-03 11:28:21 [WebSocketWorker-17] INFO  c.t.t.t.i.p.j.r.RoomJpaRepository - Room saved successfully. [RoomId=61a2657c-a2f2-4c96-a3e2-5ccd39f60a39]
2026-10-03 11:28:21 [WebSocketWorker-17] INFO  c.t.t.t.a.service.RoomServiceImpl - Room created. [roomId=61a2657c-a2f2-4c96-a3e2-5ccd39f60a39] [ownerId=a9876944-0518-4057-ba2b-5171c3a8bea7]
2026-10-03 11:28:21 [WebSocketWorker-17] INFO  c.t.t.t.p.socket.room.RoomManager - Room created. [RoomId=61a2657c-a2f2-4c96-a3e2-5ccd39f60a39] [TotalRooms=1]
2026-10-03 11:28:21 [WebSocketWorker-17] INFO  c.t.t.t.p.socket.room.RoomManager - User joined room. [RoomId=61a2657c-a2f2-4c96-a3e2-5ccd39f60a39] [UserId=a9876944-0518-4057-ba2b-5171c3a8bea7] [TotalUsers=1]
2026-10-03 11:28:21 [WebSocketWorker-17] INFO  c.t.t.t.p.socket.room.RoomManager - Broadcast sent. [RoomId=61a2657c-a2f2-4c96-a3e2-5ccd39f60a39] [Recipients=1]
2026-10-03 11:28:21 [WebSocketWorker-17] ERROR c.t.t.t.i.p.j.r.RoomPlayerJpaRepository - Error counting players by room. [error=java.lang.Long cannot be cast to java.lang.Integer]
2026-10-03 11:28:21 [WebSocketWorker-17] ERROR c.t.t.t.p.s.e.h.CreateRoomHandler - Error setting up room in memory, rolling back. [roomId=61a2657c-a2f2-4c96-a3e2-5ccd39f60a39] [error=Error counting players by room]
2026-10-03 11:28:21 [WebSocketWorker-17] INFO  c.t.t.t.p.socket.room.RoomManager - User left room. [RoomId=61a2657c-a2f2-4c96-a3e2-5ccd39f60a39] [UserId=a9876944-0518-4057-ba2b-5171c3a8bea7] [TotalUsers=0]
2026-10-03 11:28:21 [WebSocketWorker-17] INFO  c.t.t.t.p.socket.room.RoomManager - Room removed by id. [RoomId=61a2657c-a2f2-4c96-a3e2-5ccd39f60a39] [TotalRooms=0]
2026-10-03 11:28:21 [WebSocketWorker-17] INFO  c.t.t.t.i.p.j.r.RoomJpaRepository - Room deleted successfully. [RoomId=61a2657c-a2f2-4c96-a3e2-5ccd39f60a39]
2026-10-03 11:28:21 [WebSocketWorker-17] INFO  c.t.t.t.a.service.RoomServiceImpl - Room deleted. [roomId=61a2657c-a2f2-4c96-a3e2-5ccd39f60a39]
2026-10-03 11:28:31 [WebSocketWorker-17] INFO  c.t.t.t.p.s.c.ConnectionManager - Getting connection by websocket
2026-10-03 11:28:31 [WebSocketWorker-17] INFO  c.t.t.t.p.s.c.ConnectionManager - Got connection by websocket. [connectionId=6723cfc0-c411-4c65-b154-ffa471611a53] [userId=a9876944-0518-4057-ba2b-5171c3a8bea7]
2026-10-03 11:28:31 [WebSocketWorker-17] INFO  c.t.t.t.p.s.c.ConnectionManager - Getting connection by userId. [userId=a9876944-0518-4057-ba2b-5171c3a8bea7]
2026-10-03 11:28:31 [WebSocketWorker-17] INFO  c.t.t.t.p.s.c.ConnectionManager - Got connection by userId. [connectionId=6723cfc0-c411-4c65-b154-ffa471611a53] [userId=a9876944-0518-4057-ba2b-5171c3a8bea7]
2026-10-03 11:30:33 [main] INFO  c.t.t.t.i.config.Environment - Instance Environment initialized. [InstanceId=922151033]
2026-10-03 11:30:33 [main] INFO  c.t.t.t.i.security.JwtService - Instance JwtService initialized. [InstanceId=1144648478]
2026-10-03 11:30:33 [main] INFO  c.t.t.t.i.persistence.jpa.JpaUtil - Instance JpaUtil initialized. [InstanceId=842741472]
2026-10-03 11:30:33 [main] INFO  c.t.t.t.i.p.j.r.UserJpaRepository - Instance UserJpaRepository initialized. [InstanceId=1156304131]
2026-10-03 11:30:33 [main] INFO  c.t.t.t.i.p.j.r.RoomJpaRepository - Instance RoomJpaRepository initialized. [InstanceId=1766505436]
2026-10-03 11:30:33 [main] INFO  c.t.t.t.i.p.j.r.RoomPlayerJpaRepository - Instance RoomPlayerJpaRepository initialized. [InstanceId=771775563]
2026-10-03 11:30:33 [main] INFO  c.t.t.t.a.service.AuthServiceImpl - Instance AuthServiceImpl initialized. [InstanceId=1164440413]
2026-10-03 11:30:33 [main] INFO  c.t.t.t.a.service.UserServiceImpl - Instance UserServiceImpl initialized. [InstanceId=1610525991]
2026-10-03 11:30:33 [main] INFO  c.t.t.t.a.service.RoomServiceImpl - Instance RoomServiceImpl initialized. [InstanceId=1666607455]
2026-10-03 11:30:33 [main] INFO  c.t.t.t.a.s.RoomPlayerServiceImpl - Instance RoomPlayerServiceImpl initialized. [InstanceId=1327006586]
2026-10-03 11:30:33 [main] INFO  c.t.t.t.p.h.m.AuthorizedHttpMiddleware - Instance AuthorizedHttpMiddleware initialized. [InstanceId=899644639]
2026-10-03 11:30:33 [main] INFO  c.t.t.t.p.h.c.AuthController - Instance AuthController initialized. [InstanceId=530737374]
2026-10-03 11:30:33 [main] INFO  c.t.t.t.p.s.m.AuthorizedSocketMiddleware - Instance AuthorizedSocketMiddleware initialized. [InstanceId=1332668132]
2026-10-03 11:30:33 [main] INFO  c.t.t.t.p.s.c.ConnectionManager - Instance ConnectionManager initialized. [InstanceId=1147580192]
2026-10-03 11:30:33 [main] INFO  c.t.t.t.p.socket.room.RoomManager - Instance RoomManager initialized. [InstanceId=173099767]
2026-10-03 11:30:34 [main] INFO  c.t.t.t.p.s.e.ExceptionSocketHandler - Instance ExceptionSocketHandler initialized. [InstanceId=1959910454]
2026-10-03 11:30:34 [main] INFO  c.t.t.t.p.s.e.h.GlobalMessageHandler - Instance GlobalMessageHandler initialized. [InstanceId=485937598]
2026-10-03 11:30:34 [main] INFO  c.t.t.t.p.s.e.h.RoomsByStatusHandler - Instance RoomsByStatusHandler initialized. [InstanceId=434398524]
2026-10-03 11:30:34 [main] INFO  c.t.t.t.p.s.e.h.CreateRoomHandler - Instance CreateRoomHandler initialized. [InstanceId=1392794732]
2026-10-03 11:30:34 [main] INFO  c.t.t.t.p.s.e.h.MessageRoomHandler - Instance MessageRoomHandler initialized. [InstanceId=1807648168]
2026-10-03 11:30:34 [main] INFO  c.t.t.t.p.s.e.h.JoinRoomHandler - Instance JoinRoomHandler initialized. [InstanceId=1273143001]
2026-10-03 11:30:34 [WebSocketSelector-29] INFO  c.t.t.t.p.socket.SocketServer - WebSocketServer started successfully. [port=8081] [url=ws://localhost:8081]
2026-10-03 11:30:34 [main] INFO  org.eclipse.jetty.util.log - Logging initialized @958ms to org.eclipse.jetty.util.log.Slf4jLog
2026-10-03 11:30:34 [main] INFO  io.javalin.Javalin - Starting Javalin ...
2026-10-03 11:30:34 [main] INFO  io.javalin.Javalin - You are running Javalin 4.6.8 (released May 4, 2023. Your Javalin version is 1247 days old. Consider checking for a newer version.).
2026-10-03 11:30:34 [main] INFO  io.javalin.Javalin - Listening on http://localhost:8080/
2026-10-03 11:30:34 [main] INFO  io.javalin.Javalin - Javalin started in 124ms \o/
2026-10-03 11:30:34 [main] INFO  c.t.t.t.presentation.http.HttpServer - Instance HttpServer initialized.
2026-10-03 11:30:34 [main] INFO  c.t.t.t.presentation.http.HttpServer - HttpServer started successfully. [port=8080] [url=http://localhost:8080]
2026-10-03 11:30:34 [main] INFO  com.tic.tac.toe.Application - Started Application
2026-10-03 11:30:39 [WebSocketWorker-17] INFO  c.t.t.t.p.s.c.ConnectionManager - A connection added on manager. [connectionId=1295c8ae-90fe-4ea6-a156-bdc16f71793a] [userId=a9876944-0518-4057-ba2b-5171c3a8bea7]
2026-10-03 11:30:40 [WebSocketWorker-18] INFO  c.t.t.t.p.s.c.ConnectionManager - A connection added on manager. [connectionId=5a3b91dd-4c1e-40ee-8319-2c208ecfa029] [userId=64f51ab2-6a09-44f6-8606-bf4a0718d920]
2026-10-03 11:30:43 [WebSocketWorker-17] INFO  c.t.t.t.p.s.c.ConnectionManager - Getting connection by websocket
2026-10-03 11:30:43 [WebSocketWorker-17] INFO  c.t.t.t.p.s.c.ConnectionManager - Got connection by websocket. [connectionId=1295c8ae-90fe-4ea6-a156-bdc16f71793a] [userId=a9876944-0518-4057-ba2b-5171c3a8bea7]
2026-10-03 11:30:43 [WebSocketWorker-17] INFO  c.t.t.t.p.s.c.ConnectionManager - Getting connection by userId. [userId=a9876944-0518-4057-ba2b-5171c3a8bea7]
2026-10-03 11:30:43 [WebSocketWorker-17] INFO  c.t.t.t.p.s.c.ConnectionManager - Got connection by userId. [connectionId=1295c8ae-90fe-4ea6-a156-bdc16f71793a] [userId=a9876944-0518-4057-ba2b-5171c3a8bea7]
2026-10-03 11:30:44 [WebSocketWorker-17] INFO  c.t.t.t.i.p.j.r.RoomJpaRepository - Room saved successfully. [RoomId=e644f925-caf6-4d55-b177-c0952000f109]
2026-10-03 11:30:44 [WebSocketWorker-17] INFO  c.t.t.t.a.service.RoomServiceImpl - Room created. [roomId=e644f925-caf6-4d55-b177-c0952000f109] [ownerId=a9876944-0518-4057-ba2b-5171c3a8bea7]
2026-10-03 11:30:44 [WebSocketWorker-17] INFO  c.t.t.t.p.socket.room.RoomManager - Room created. [RoomId=e644f925-caf6-4d55-b177-c0952000f109] [TotalRooms=1]
2026-10-03 11:30:44 [WebSocketWorker-17] INFO  c.t.t.t.p.socket.room.RoomManager - User joined room. [RoomId=e644f925-caf6-4d55-b177-c0952000f109] [UserId=a9876944-0518-4057-ba2b-5171c3a8bea7] [TotalUsers=1]
2026-10-03 11:30:44 [WebSocketWorker-17] INFO  c.t.t.t.p.socket.room.RoomManager - Broadcast sent. [RoomId=e644f925-caf6-4d55-b177-c0952000f109] [Recipients=1]
2026-10-03 11:30:44 [WebSocketWorker-17] INFO  c.t.t.t.p.s.c.ConnectionManager - Sending message on broadcast
2026-10-03 11:30:44 [WebSocketWorker-17] INFO  c.t.t.t.p.s.c.ConnectionManager - Send message to connection. [connectionId=5a3b91dd-4c1e-40ee-8319-2c208ecfa029] [userId=64f51ab2-6a09-44f6-8606-bf4a0718d920]
2026-10-03 11:30:44 [WebSocketWorker-17] INFO  c.t.t.t.p.s.c.ConnectionManager - Send message to connection. [connectionId=1295c8ae-90fe-4ea6-a156-bdc16f71793a] [userId=a9876944-0518-4057-ba2b-5171c3a8bea7]
2026-10-03 11:30:44 [WebSocketWorker-17] INFO  c.t.t.t.p.s.e.h.CreateRoomHandler - Room created and owner joined. [roomId=e644f925-caf6-4d55-b177-c0952000f109] [ownerId=a9876944-0518-4057-ba2b-5171c3a8bea7]
2026-10-03 11:30:49 [WebSocketWorker-19] INFO  c.t.t.t.p.s.c.ConnectionManager - A connection added on manager. [connectionId=8db38d0a-2cf7-4bee-bbe2-bc2bd415f533] [userId=5b2bd98b-40da-412d-83b8-14833b48f537]
2026-10-03 11:31:00 [WebSocketWorker-18] INFO  c.t.t.t.p.s.c.ConnectionManager - Getting connection by websocket
2026-10-03 11:31:00 [WebSocketWorker-18] INFO  c.t.t.t.p.s.c.ConnectionManager - Got connection by websocket. [connectionId=5a3b91dd-4c1e-40ee-8319-2c208ecfa029] [userId=64f51ab2-6a09-44f6-8606-bf4a0718d920]
2026-10-03 11:31:00 [WebSocketWorker-18] INFO  c.t.t.t.p.s.c.ConnectionManager - Getting connection by userId. [userId=64f51ab2-6a09-44f6-8606-bf4a0718d920]
2026-10-03 11:31:00 [WebSocketWorker-18] INFO  c.t.t.t.p.s.c.ConnectionManager - Got connection by userId. [connectionId=5a3b91dd-4c1e-40ee-8319-2c208ecfa029] [userId=64f51ab2-6a09-44f6-8606-bf4a0718d920]
2026-10-03 11:31:00 [WebSocketWorker-18] INFO  c.t.t.t.a.s.RoomPlayerServiceImpl - RoomPlayer created. [roomPlayerId=e769a49f-8cd3-435b-b9a9-a28a4b5fbb21]
2026-10-03 11:31:00 [WebSocketWorker-18] INFO  c.t.t.t.p.socket.room.RoomManager - User joined room. [RoomId=e644f925-caf6-4d55-b177-c0952000f109] [UserId=64f51ab2-6a09-44f6-8606-bf4a0718d920] [TotalUsers=2]
2026-10-03 11:31:00 [WebSocketWorker-18] INFO  c.t.t.t.p.s.c.ConnectionManager - Sending message on broadcast
2026-10-03 11:31:00 [WebSocketWorker-18] INFO  c.t.t.t.p.s.c.ConnectionManager - Send message to connection. [connectionId=5a3b91dd-4c1e-40ee-8319-2c208ecfa029] [userId=64f51ab2-6a09-44f6-8606-bf4a0718d920]
2026-10-03 11:31:00 [WebSocketWorker-18] INFO  c.t.t.t.p.s.c.ConnectionManager - Send message to connection. [connectionId=1295c8ae-90fe-4ea6-a156-bdc16f71793a] [userId=a9876944-0518-4057-ba2b-5171c3a8bea7]
2026-10-03 11:31:00 [WebSocketWorker-18] INFO  c.t.t.t.p.s.c.ConnectionManager - Send message to connection. [connectionId=8db38d0a-2cf7-4bee-bbe2-bc2bd415f533] [userId=5b2bd98b-40da-412d-83b8-14833b48f537]
2026-10-03 11:31:08 [WebSocketSelector-29] INFO  c.t.t.t.p.s.c.ConnectionManager - Getting connection by websocket
2026-10-03 11:31:08 [WebSocketSelector-29] INFO  c.t.t.t.p.s.c.ConnectionManager - Got connection by websocket. [connectionId=5a3b91dd-4c1e-40ee-8319-2c208ecfa029] [userId=64f51ab2-6a09-44f6-8606-bf4a0718d920]
2026-10-03 11:31:08 [WebSocketSelector-29] INFO  c.t.t.t.p.s.c.ConnectionManager - Connection removed successfully. [connectionId=5a3b91dd-4c1e-40ee-8319-2c208ecfa029] [userId=64f51ab2-6a09-44f6-8606-bf4a0718d920]
2026-10-03 11:31:08 [WebSocketSelector-29] INFO  c.t.t.t.p.socket.room.RoomManager - User left room. [RoomId=e644f925-caf6-4d55-b177-c0952000f109] [UserId=64f51ab2-6a09-44f6-8606-bf4a0718d920] [TotalUsers=1]
2026-10-03 11:31:08 [WebSocketSelector-29] WARN  c.t.t.t.p.socket.SocketServer - RoomPlayer already removed. [roomId=e644f925-caf6-4d55-b177-c0952000f109] [userId=64f51ab2-6a09-44f6-8606-bf4a0718d920]
2026-10-03 11:31:08 [WebSocketSelector-29] INFO  c.t.t.t.p.s.c.ConnectionManager - Sending message on broadcast
2026-10-03 11:31:08 [WebSocketSelector-29] INFO  c.t.t.t.p.s.c.ConnectionManager - Send message to connection. [connectionId=1295c8ae-90fe-4ea6-a156-bdc16f71793a] [userId=a9876944-0518-4057-ba2b-5171c3a8bea7]
2026-10-03 11:31:08 [WebSocketSelector-29] INFO  c.t.t.t.p.s.c.ConnectionManager - Send message to connection. [connectionId=8db38d0a-2cf7-4bee-bbe2-bc2bd415f533] [userId=5b2bd98b-40da-412d-83b8-14833b48f537]
2026-10-03 11:31:08 [WebSocketSelector-29] WARN  c.t.t.t.p.socket.SocketServer - Close connection. [connectionId=5a3b91dd-4c1e-40ee-8319-2c208ecfa029] [userId=64f51ab2-6a09-44f6-8606-bf4a0718d920] [code=1000] [reason=Client initiated close]
2026-10-03 11:34:55 [main] INFO  c.t.t.t.i.config.Environment - Instance Environment initialized. [InstanceId=922151033]
2026-10-03 11:34:55 [main] INFO  c.t.t.t.i.security.JwtService - Instance JwtService initialized. [InstanceId=1144648478]
2026-10-03 11:34:55 [main] INFO  c.t.t.t.i.persistence.jpa.JpaUtil - Instance JpaUtil initialized. [InstanceId=842741472]
2026-10-03 11:34:55 [main] INFO  c.t.t.t.i.p.j.r.UserJpaRepository - Instance UserJpaRepository initialized. [InstanceId=1156304131]
2026-10-03 11:34:55 [main] INFO  c.t.t.t.i.p.j.r.RoomJpaRepository - Instance RoomJpaRepository initialized. [InstanceId=1766505436]
2026-10-03 11:34:55 [main] INFO  c.t.t.t.i.p.j.r.RoomPlayerJpaRepository - Instance RoomPlayerJpaRepository initialized. [InstanceId=771775563]
2026-10-03 11:34:55 [main] INFO  c.t.t.t.a.service.AuthServiceImpl - Instance AuthServiceImpl initialized. [InstanceId=1164440413]
2026-10-03 11:34:55 [main] INFO  c.t.t.t.a.service.UserServiceImpl - Instance UserServiceImpl initialized. [InstanceId=1610525991]
2026-10-03 11:34:55 [main] INFO  c.t.t.t.a.service.RoomServiceImpl - Instance RoomServiceImpl initialized. [InstanceId=1666607455]
2026-10-03 11:34:55 [main] INFO  c.t.t.t.a.s.RoomPlayerServiceImpl - Instance RoomPlayerServiceImpl initialized. [InstanceId=1327006586]
2026-10-03 11:34:55 [main] INFO  c.t.t.t.p.h.m.AuthorizedHttpMiddleware - Instance AuthorizedHttpMiddleware initialized. [InstanceId=899644639]
2026-10-03 11:34:55 [main] INFO  c.t.t.t.p.h.c.AuthController - Instance AuthController initialized. [InstanceId=530737374]
2026-10-03 11:34:55 [main] INFO  c.t.t.t.p.s.m.AuthorizedSocketMiddleware - Instance AuthorizedSocketMiddleware initialized. [InstanceId=1332668132]
2026-10-03 11:34:55 [main] INFO  c.t.t.t.p.s.c.ConnectionManager - Instance ConnectionManager initialized. [InstanceId=1147580192]
2026-10-03 11:34:55 [main] INFO  c.t.t.t.p.socket.room.RoomManager - Instance RoomManager initialized. [InstanceId=173099767]
2026-10-03 11:34:55 [main] INFO  c.t.t.t.p.s.e.ExceptionSocketHandler - Instance ExceptionSocketHandler initialized. [InstanceId=1959910454]
2026-10-03 11:34:55 [main] INFO  c.t.t.t.p.s.e.h.GlobalMessageHandler - Instance GlobalMessageHandler initialized. [InstanceId=485937598]
2026-10-03 11:34:55 [main] INFO  c.t.t.t.p.s.e.h.RoomsByStatusHandler - Instance RoomsByStatusHandler initialized. [InstanceId=434398524]
2026-10-03 11:34:55 [main] INFO  c.t.t.t.p.s.e.h.CreateRoomHandler - Instance CreateRoomHandler initialized. [InstanceId=1392794732]
2026-10-03 11:34:55 [main] INFO  c.t.t.t.p.s.e.h.MessageRoomHandler - Instance MessageRoomHandler initialized. [InstanceId=1807648168]
2026-10-03 11:34:55 [main] INFO  c.t.t.t.p.s.e.h.JoinRoomHandler - Instance JoinRoomHandler initialized. [InstanceId=1273143001]
2026-10-03 11:34:55 [WebSocketSelector-29] INFO  c.t.t.t.p.socket.SocketServer - WebSocketServer started successfully. [port=8081] [url=ws://localhost:8081]
2026-10-03 11:34:56 [main] INFO  org.eclipse.jetty.util.log - Logging initialized @931ms to org.eclipse.jetty.util.log.Slf4jLog
2026-10-03 11:34:56 [main] INFO  io.javalin.Javalin - Starting Javalin ...
2026-10-03 11:34:56 [main] INFO  io.javalin.Javalin - You are running Javalin 4.6.8 (released May 4, 2023. Your Javalin version is 1248 days old. Consider checking for a newer version.).
2026-10-03 11:34:56 [main] INFO  io.javalin.Javalin - Listening on http://localhost:8080/
2026-10-03 11:34:56 [main] INFO  io.javalin.Javalin - Javalin started in 128ms \o/
2026-10-03 11:34:56 [main] INFO  c.t.t.t.presentation.http.HttpServer - Instance HttpServer initialized.
2026-10-03 11:34:56 [main] INFO  c.t.t.t.presentation.http.HttpServer - HttpServer started successfully. [port=8080] [url=http://localhost:8080]
2026-10-03 11:34:56 [main] INFO  com.tic.tac.toe.Application - Started Application
2026-10-03 11:34:58 [WebSocketWorker-17] INFO  c.t.t.t.p.s.c.ConnectionManager - A connection added on manager. [connectionId=8b24c717-582f-4873-8b89-a77f656dd374] [userId=a9876944-0518-4057-ba2b-5171c3a8bea7]
2026-10-03 11:35:00 [WebSocketWorker-18] INFO  c.t.t.t.p.s.c.ConnectionManager - A connection added on manager. [connectionId=85e975b5-b587-4ee0-a2ac-13024f08219a] [userId=64f51ab2-6a09-44f6-8606-bf4a0718d920]
2026-10-03 11:35:01 [WebSocketWorker-19] INFO  c.t.t.t.p.s.c.ConnectionManager - A connection added on manager. [connectionId=7c9f9b29-c9b9-45d6-a26f-1924cb2bb711] [userId=5b2bd98b-40da-412d-83b8-14833b48f537]
2026-10-03 11:35:04 [WebSocketWorker-17] INFO  c.t.t.t.p.s.c.ConnectionManager - Getting connection by websocket
2026-10-03 11:35:04 [WebSocketWorker-17] INFO  c.t.t.t.p.s.c.ConnectionManager - Got connection by websocket. [connectionId=8b24c717-582f-4873-8b89-a77f656dd374] [userId=a9876944-0518-4057-ba2b-5171c3a8bea7]
2026-10-03 11:35:04 [WebSocketWorker-17] INFO  c.t.t.t.p.s.c.ConnectionManager - Getting connection by userId. [userId=a9876944-0518-4057-ba2b-5171c3a8bea7]
2026-10-03 11:35:04 [WebSocketWorker-17] INFO  c.t.t.t.p.s.c.ConnectionManager - Got connection by userId. [connectionId=8b24c717-582f-4873-8b89-a77f656dd374] [userId=a9876944-0518-4057-ba2b-5171c3a8bea7]
2026-10-03 11:35:05 [WebSocketWorker-17] INFO  c.t.t.t.i.p.j.r.RoomJpaRepository - Room saved successfully. [RoomId=7e9314b3-11a7-4ae2-833b-5120ddf6acb5]
2026-10-03 11:35:05 [WebSocketWorker-17] INFO  c.t.t.t.a.service.RoomServiceImpl - Room created. [roomId=7e9314b3-11a7-4ae2-833b-5120ddf6acb5] [ownerId=a9876944-0518-4057-ba2b-5171c3a8bea7]
2026-10-03 11:35:05 [WebSocketWorker-17] INFO  c.t.t.t.p.socket.room.RoomManager - Room created. [RoomId=7e9314b3-11a7-4ae2-833b-5120ddf6acb5] [TotalRooms=1]
2026-10-03 11:35:05 [WebSocketWorker-17] INFO  c.t.t.t.p.socket.room.RoomManager - User joined room. [RoomId=7e9314b3-11a7-4ae2-833b-5120ddf6acb5] [UserId=a9876944-0518-4057-ba2b-5171c3a8bea7] [TotalUsers=1]
2026-10-03 11:35:05 [WebSocketWorker-17] INFO  c.t.t.t.p.socket.room.RoomManager - Broadcast sent. [RoomId=7e9314b3-11a7-4ae2-833b-5120ddf6acb5] [Recipients=1]
2026-10-03 11:35:05 [WebSocketWorker-17] INFO  c.t.t.t.p.s.c.ConnectionManager - Sending message on broadcast
2026-10-03 11:35:05 [WebSocketWorker-17] INFO  c.t.t.t.p.s.c.ConnectionManager - Send message to connection. [connectionId=8b24c717-582f-4873-8b89-a77f656dd374] [userId=a9876944-0518-4057-ba2b-5171c3a8bea7]
2026-10-03 11:35:05 [WebSocketWorker-17] INFO  c.t.t.t.p.s.c.ConnectionManager - Send message to connection. [connectionId=85e975b5-b587-4ee0-a2ac-13024f08219a] [userId=64f51ab2-6a09-44f6-8606-bf4a0718d920]
2026-10-03 11:35:05 [WebSocketWorker-17] INFO  c.t.t.t.p.s.c.ConnectionManager - Send message to connection. [connectionId=7c9f9b29-c9b9-45d6-a26f-1924cb2bb711] [userId=5b2bd98b-40da-412d-83b8-14833b48f537]
2026-10-03 11:35:05 [WebSocketWorker-17] INFO  c.t.t.t.p.s.e.h.CreateRoomHandler - Room created and owner joined. [roomId=7e9314b3-11a7-4ae2-833b-5120ddf6acb5] [ownerId=a9876944-0518-4057-ba2b-5171c3a8bea7]
2026-10-03 11:35:14 [WebSocketWorker-18] INFO  c.t.t.t.p.s.c.ConnectionManager - Getting connection by websocket
2026-10-03 11:35:14 [WebSocketWorker-18] INFO  c.t.t.t.p.s.c.ConnectionManager - Got connection by websocket. [connectionId=85e975b5-b587-4ee0-a2ac-13024f08219a] [userId=64f51ab2-6a09-44f6-8606-bf4a0718d920]
2026-10-03 11:35:14 [WebSocketWorker-18] INFO  c.t.t.t.p.s.c.ConnectionManager - Getting connection by userId. [userId=64f51ab2-6a09-44f6-8606-bf4a0718d920]
2026-10-03 11:35:14 [WebSocketWorker-18] INFO  c.t.t.t.p.s.c.ConnectionManager - Got connection by userId. [connectionId=85e975b5-b587-4ee0-a2ac-13024f08219a] [userId=64f51ab2-6a09-44f6-8606-bf4a0718d920]
2026-10-03 11:35:14 [WebSocketWorker-18] INFO  c.t.t.t.a.s.RoomPlayerServiceImpl - RoomPlayer created. [roomPlayerId=a8f44042-9c2e-4e1f-be1f-2d7ece51facf]
2026-10-03 11:35:14 [WebSocketWorker-18] INFO  c.t.t.t.p.socket.room.RoomManager - User joined room. [RoomId=7e9314b3-11a7-4ae2-833b-5120ddf6acb5] [UserId=64f51ab2-6a09-44f6-8606-bf4a0718d920] [TotalUsers=2]
2026-10-03 11:35:14 [WebSocketWorker-18] INFO  c.t.t.t.p.s.c.ConnectionManager - Sending message on broadcast
2026-10-03 11:35:14 [WebSocketWorker-18] INFO  c.t.t.t.p.s.c.ConnectionManager - Send message to connection. [connectionId=8b24c717-582f-4873-8b89-a77f656dd374] [userId=a9876944-0518-4057-ba2b-5171c3a8bea7]
2026-10-03 11:35:14 [WebSocketWorker-18] INFO  c.t.t.t.p.s.c.ConnectionManager - Send message to connection. [connectionId=85e975b5-b587-4ee0-a2ac-13024f08219a] [userId=64f51ab2-6a09-44f6-8606-bf4a0718d920]
2026-10-03 11:35:14 [WebSocketWorker-18] INFO  c.t.t.t.p.s.c.ConnectionManager - Send message to connection. [connectionId=7c9f9b29-c9b9-45d6-a26f-1924cb2bb711] [userId=5b2bd98b-40da-412d-83b8-14833b48f537]
2026-10-03 11:35:19 [WebSocketSelector-29] INFO  c.t.t.t.p.s.c.ConnectionManager - Getting connection by websocket
2026-10-03 11:35:19 [WebSocketSelector-29] INFO  c.t.t.t.p.s.c.ConnectionManager - Got connection by websocket. [connectionId=85e975b5-b587-4ee0-a2ac-13024f08219a] [userId=64f51ab2-6a09-44f6-8606-bf4a0718d920]
2026-10-03 11:35:19 [WebSocketSelector-29] INFO  c.t.t.t.p.s.c.ConnectionManager - Connection removed successfully. [connectionId=85e975b5-b587-4ee0-a2ac-13024f08219a] [userId=64f51ab2-6a09-44f6-8606-bf4a0718d920]
2026-10-03 11:35:19 [WebSocketSelector-29] INFO  c.t.t.t.p.socket.room.RoomManager - User left room. [RoomId=7e9314b3-11a7-4ae2-833b-5120ddf6acb5] [UserId=64f51ab2-6a09-44f6-8606-bf4a0718d920] [TotalUsers=1]
2026-10-03 11:35:19 [WebSocketSelector-29] INFO  c.t.t.t.i.p.j.r.RoomPlayerJpaRepository - RoomPlayer deleted successfully. [RoomPlayerId=a8f44042-9c2e-4e1f-be1f-2d7ece51facf]
2026-10-03 11:35:19 [WebSocketSelector-29] INFO  c.t.t.t.p.s.c.ConnectionManager - Sending message on broadcast
2026-10-03 11:35:19 [WebSocketSelector-29] INFO  c.t.t.t.p.s.c.ConnectionManager - Send message to connection. [connectionId=8b24c717-582f-4873-8b89-a77f656dd374] [userId=a9876944-0518-4057-ba2b-5171c3a8bea7]
2026-10-03 11:35:19 [WebSocketSelector-29] INFO  c.t.t.t.p.s.c.ConnectionManager - Send message to connection. [connectionId=7c9f9b29-c9b9-45d6-a26f-1924cb2bb711] [userId=5b2bd98b-40da-412d-83b8-14833b48f537]
2026-10-03 11:35:19 [WebSocketSelector-29] WARN  c.t.t.t.p.socket.SocketServer - Close connection. [connectionId=85e975b5-b587-4ee0-a2ac-13024f08219a] [userId=64f51ab2-6a09-44f6-8606-bf4a0718d920] [code=1000] [reason=Client initiated close]
2026-10-03 11:35:35 [WebSocketSelector-29] INFO  c.t.t.t.p.s.c.ConnectionManager - Getting connection by websocket
2026-10-03 11:35:35 [WebSocketSelector-29] INFO  c.t.t.t.p.s.c.ConnectionManager - Got connection by websocket. [connectionId=8b24c717-582f-4873-8b89-a77f656dd374] [userId=a9876944-0518-4057-ba2b-5171c3a8bea7]
2026-10-03 11:35:35 [WebSocketSelector-29] INFO  c.t.t.t.p.s.c.ConnectionManager - Connection removed successfully. [connectionId=8b24c717-582f-4873-8b89-a77f656dd374] [userId=a9876944-0518-4057-ba2b-5171c3a8bea7]
2026-10-03 11:35:35 [WebSocketSelector-29] INFO  c.t.t.t.p.socket.room.RoomManager - User left room. [RoomId=7e9314b3-11a7-4ae2-833b-5120ddf6acb5] [UserId=a9876944-0518-4057-ba2b-5171c3a8bea7] [TotalUsers=0]
2026-10-03 11:35:35 [WebSocketSelector-29] INFO  c.t.t.t.i.p.j.r.RoomPlayerJpaRepository - RoomPlayer deleted successfully. [RoomPlayerId=43558c9c-8dd6-46d6-b7b3-820f839f856c]
2026-10-03 11:35:35 [WebSocketSelector-29] INFO  c.t.t.t.p.socket.room.RoomManager - Room removed by id. [RoomId=7e9314b3-11a7-4ae2-833b-5120ddf6acb5] [TotalRooms=0]
2026-10-03 11:35:35 [WebSocketSelector-29] INFO  c.t.t.t.i.p.j.r.RoomJpaRepository - Room deleted successfully. [RoomId=7e9314b3-11a7-4ae2-833b-5120ddf6acb5]
2026-10-03 11:35:35 [WebSocketSelector-29] INFO  c.t.t.t.a.service.RoomServiceImpl - Room deleted. [roomId=7e9314b3-11a7-4ae2-833b-5120ddf6acb5]
2026-10-03 11:35:35 [WebSocketSelector-29] INFO  c.t.t.t.p.s.c.ConnectionManager - Sending message on broadcast
2026-10-03 11:35:35 [WebSocketSelector-29] INFO  c.t.t.t.p.s.c.ConnectionManager - Send message to connection. [connectionId=7c9f9b29-c9b9-45d6-a26f-1924cb2bb711] [userId=5b2bd98b-40da-412d-83b8-14833b48f537]
2026-10-03 11:35:35 [WebSocketSelector-29] WARN  c.t.t.t.p.socket.SocketServer - Close connection. [connectionId=8b24c717-582f-4873-8b89-a77f656dd374] [userId=a9876944-0518-4057-ba2b-5171c3a8bea7] [code=1000] [reason=Client initiated close]
2026-10-03 11:35:39 [WebSocketSelector-29] INFO  c.t.t.t.p.s.c.ConnectionManager - Getting connection by websocket
2026-10-03 11:35:39 [WebSocketSelector-29] INFO  c.t.t.t.p.s.c.ConnectionManager - Got connection by websocket. [connectionId=7c9f9b29-c9b9-45d6-a26f-1924cb2bb711] [userId=5b2bd98b-40da-412d-83b8-14833b48f537]
2026-10-03 11:35:39 [WebSocketSelector-29] INFO  c.t.t.t.p.s.c.ConnectionManager - Connection removed successfully. [connectionId=7c9f9b29-c9b9-45d6-a26f-1924cb2bb711] [userId=5b2bd98b-40da-412d-83b8-14833b48f537]
2026-10-03 11:35:39 [WebSocketSelector-29] WARN  c.t.t.t.p.socket.SocketServer - Close connection. [connectionId=7c9f9b29-c9b9-45d6-a26f-1924cb2bb711] [userId=5b2bd98b-40da-412d-83b8-14833b48f537] [code=1000] [reason=Client initiated close]
2026-10-03 12:03:19 [main] INFO  c.t.t.t.i.config.Environment - Instance Environment initialized. [InstanceId=1394336709]
2026-10-03 12:03:19 [main] INFO  c.t.t.t.i.security.JwtService - Instance JwtService initialized. [InstanceId=1566502717]
2026-10-03 12:03:20 [main] INFO  c.t.t.t.i.persistence.jpa.JpaUtil - Instance JpaUtil initialized. [InstanceId=1164440413]
2026-10-03 12:03:20 [main] INFO  c.t.t.t.i.p.j.r.UserJpaRepository - Instance UserJpaRepository initialized. [InstanceId=1610525991]
2026-10-03 12:03:20 [main] INFO  c.t.t.t.i.p.j.r.RoomJpaRepository - Instance RoomJpaRepository initialized. [InstanceId=1666607455]
2026-10-03 12:03:20 [main] INFO  c.t.t.t.i.p.j.r.RoomPlayerJpaRepository - Instance RoomPlayerJpaRepository initialized. [InstanceId=1327006586]
2026-10-03 12:03:20 [main] INFO  c.t.t.t.a.service.AuthServiceImpl - Instance AuthServiceImpl initialized. [InstanceId=899644639]
2026-10-03 12:03:20 [main] INFO  c.t.t.t.a.service.UserServiceImpl - Instance UserServiceImpl initialized. [InstanceId=530737374]
2026-10-03 12:03:20 [main] INFO  c.t.t.t.a.service.RoomServiceImpl - Instance RoomServiceImpl initialized. [InstanceId=1332668132]
2026-10-03 12:03:20 [main] INFO  c.t.t.t.a.s.RoomPlayerServiceImpl - Instance RoomPlayerServiceImpl initialized. [InstanceId=1147580192]
2026-10-03 12:03:20 [main] INFO  c.t.t.t.p.h.m.AuthorizedHttpMiddleware - Instance AuthorizedHttpMiddleware initialized. [InstanceId=173099767]
2026-10-03 12:03:20 [main] INFO  c.t.t.t.p.h.c.AuthController - Instance AuthController initialized. [InstanceId=112797691]
2026-10-03 12:03:20 [main] INFO  c.t.t.t.p.s.m.AuthorizedSocketMiddleware - Instance AuthorizedSocketMiddleware initialized. [InstanceId=1045997582]
2026-10-03 12:03:20 [main] INFO  c.t.t.t.p.s.c.ConnectionManager - Instance ConnectionManager initialized. [InstanceId=1337335626]
2026-10-03 12:03:20 [main] INFO  c.t.t.t.p.socket.room.RoomManager - Instance RoomManager initialized. [InstanceId=1336996537]
2026-10-03 12:03:20 [main] INFO  c.t.t.t.p.s.e.ExceptionSocketHandler - Instance ExceptionSocketHandler initialized. [InstanceId=1715248762]
2026-10-03 12:03:20 [main] INFO  c.t.t.t.p.s.e.h.GlobalMessageHandler - Instance GlobalMessageHandler initialized. [InstanceId=1392794732]
2026-10-03 12:03:20 [main] INFO  c.t.t.t.p.s.e.h.RoomsByStatusHandler - Instance RoomsByStatusHandler initialized. [InstanceId=1807648168]
2026-10-03 12:03:20 [main] INFO  c.t.t.t.p.s.e.h.CreateRoomHandler - Instance CreateRoomHandler initialized. [InstanceId=1273143001]
2026-10-03 12:03:20 [main] INFO  c.t.t.t.p.s.e.h.MessageRoomHandler - Instance MessageRoomHandler initialized. [InstanceId=1258372214]
2026-10-03 12:03:20 [main] INFO  c.t.t.t.p.s.e.h.JoinRoomHandler - Instance JoinRoomHandler initialized. [InstanceId=212890971]
2026-10-03 12:03:20 [main] INFO  c.t.t.t.p.s.e.h.InfoRoomHandler - Instance InfoRoomHandler initialized. [InstanceId=1898325501]
2026-10-03 12:03:20 [WebSocketSelector-29] INFO  c.t.t.t.p.socket.SocketServer - WebSocketServer started successfully. [port=8081] [url=ws://localhost:8081]
2026-10-03 12:03:20 [main] INFO  org.eclipse.jetty.util.log - Logging initialized @1037ms to org.eclipse.jetty.util.log.Slf4jLog
2026-10-03 12:03:20 [main] INFO  io.javalin.Javalin - Starting Javalin ...
2026-10-03 12:03:20 [main] INFO  io.javalin.Javalin - You are running Javalin 4.6.8 (released May 4, 2023. Your Javalin version is 1248 days old. Consider checking for a newer version.).
2026-10-03 12:03:20 [main] INFO  io.javalin.Javalin - Listening on http://localhost:8080/
2026-10-03 12:03:20 [main] INFO  io.javalin.Javalin - Javalin started in 128ms \o/
2026-10-03 12:03:20 [main] INFO  c.t.t.t.presentation.http.HttpServer - Instance HttpServer initialized.
2026-10-03 12:03:20 [main] INFO  c.t.t.t.presentation.http.HttpServer - HttpServer started successfully. [port=8080] [url=http://localhost:8080]
2026-10-03 12:03:20 [main] INFO  com.tic.tac.toe.Application - Started Application
2026-10-03 12:03:40 [WebSocketWorker-17] INFO  c.t.t.t.p.s.c.ConnectionManager - A connection added on manager. [connectionId=540a62a5-40d3-410d-a803-e194a61aff9e] [userId=a9876944-0518-4057-ba2b-5171c3a8bea7]
2026-10-03 12:03:41 [WebSocketWorker-18] INFO  c.t.t.t.p.s.c.ConnectionManager - A connection added on manager. [connectionId=7463cb46-c9e1-4ed0-9c93-0c8707ed8255] [userId=64f51ab2-6a09-44f6-8606-bf4a0718d920]
2026-10-03 12:03:43 [WebSocketWorker-19] INFO  c.t.t.t.p.s.c.ConnectionManager - A connection added on manager. [connectionId=7c2640bf-9884-4136-9b0d-694c370403e3] [userId=5b2bd98b-40da-412d-83b8-14833b48f537]
2026-10-03 12:03:45 [WebSocketWorker-17] INFO  c.t.t.t.p.s.c.ConnectionManager - Getting connection by websocket
2026-10-03 12:03:45 [WebSocketWorker-17] INFO  c.t.t.t.p.s.c.ConnectionManager - Got connection by websocket. [connectionId=540a62a5-40d3-410d-a803-e194a61aff9e] [userId=a9876944-0518-4057-ba2b-5171c3a8bea7]
2026-10-03 12:03:45 [WebSocketWorker-17] INFO  c.t.t.t.p.s.c.ConnectionManager - Getting connection by userId. [userId=a9876944-0518-4057-ba2b-5171c3a8bea7]
2026-10-03 12:03:45 [WebSocketWorker-17] INFO  c.t.t.t.p.s.c.ConnectionManager - Got connection by userId. [connectionId=540a62a5-40d3-410d-a803-e194a61aff9e] [userId=a9876944-0518-4057-ba2b-5171c3a8bea7]
2026-10-03 12:03:46 [WebSocketWorker-17] INFO  c.t.t.t.i.p.j.r.RoomJpaRepository - Room saved successfully. [RoomId=92295d20-8dd6-4f86-b082-c1366b6c437f]
2026-10-03 12:03:46 [WebSocketWorker-17] INFO  c.t.t.t.a.service.RoomServiceImpl - Room created. [roomId=92295d20-8dd6-4f86-b082-c1366b6c437f] [ownerId=a9876944-0518-4057-ba2b-5171c3a8bea7]
2026-10-03 12:03:46 [WebSocketWorker-17] INFO  c.t.t.t.p.socket.room.RoomManager - Room created. [RoomId=92295d20-8dd6-4f86-b082-c1366b6c437f] [TotalRooms=1]
2026-10-03 12:03:46 [WebSocketWorker-17] INFO  c.t.t.t.p.socket.room.RoomManager - User joined room. [RoomId=92295d20-8dd6-4f86-b082-c1366b6c437f] [UserId=a9876944-0518-4057-ba2b-5171c3a8bea7] [TotalUsers=1]
2026-10-03 12:03:46 [WebSocketWorker-17] INFO  c.t.t.t.p.socket.room.RoomManager - Broadcast sent. [RoomId=92295d20-8dd6-4f86-b082-c1366b6c437f] [Recipients=1]
2026-10-03 12:03:46 [WebSocketWorker-17] INFO  c.t.t.t.p.s.c.ConnectionManager - Sending message on broadcast
2026-10-03 12:03:46 [WebSocketWorker-17] INFO  c.t.t.t.p.s.c.ConnectionManager - Send message to connection. [connectionId=540a62a5-40d3-410d-a803-e194a61aff9e] [userId=a9876944-0518-4057-ba2b-5171c3a8bea7]
2026-10-03 12:03:46 [WebSocketWorker-17] INFO  c.t.t.t.p.s.c.ConnectionManager - Send message to connection. [connectionId=7463cb46-c9e1-4ed0-9c93-0c8707ed8255] [userId=64f51ab2-6a09-44f6-8606-bf4a0718d920]
2026-10-03 12:03:46 [WebSocketWorker-17] INFO  c.t.t.t.p.s.c.ConnectionManager - Send message to connection. [connectionId=7c2640bf-9884-4136-9b0d-694c370403e3] [userId=5b2bd98b-40da-412d-83b8-14833b48f537]
2026-10-03 12:03:46 [WebSocketWorker-17] INFO  c.t.t.t.p.s.c.ConnectionManager - Getting connection by userId. [userId=a9876944-0518-4057-ba2b-5171c3a8bea7]
2026-10-03 12:03:46 [WebSocketWorker-17] INFO  c.t.t.t.p.s.c.ConnectionManager - Got connection by userId. [connectionId=540a62a5-40d3-410d-a803-e194a61aff9e] [userId=a9876944-0518-4057-ba2b-5171c3a8bea7]
2026-10-03 12:03:46 [WebSocketWorker-17] INFO  c.t.t.t.p.socket.room.RoomManager - Broadcast sent. [RoomId=92295d20-8dd6-4f86-b082-c1366b6c437f] [Recipients=1]
2026-10-03 12:03:46 [WebSocketWorker-17] INFO  c.t.t.t.p.s.e.h.CreateRoomHandler - Room created and owner joined. [roomId=92295d20-8dd6-4f86-b082-c1366b6c437f] [ownerId=a9876944-0518-4057-ba2b-5171c3a8bea7]
2026-10-03 12:04:26 [WebSocketWorker-18] INFO  c.t.t.t.p.s.c.ConnectionManager - Getting connection by websocket
2026-10-03 12:04:26 [WebSocketWorker-18] INFO  c.t.t.t.p.s.c.ConnectionManager - Got connection by websocket. [connectionId=7463cb46-c9e1-4ed0-9c93-0c8707ed8255] [userId=64f51ab2-6a09-44f6-8606-bf4a0718d920]
2026-10-03 12:04:26 [WebSocketWorker-18] INFO  c.t.t.t.p.s.c.ConnectionManager - Getting connection by userId. [userId=64f51ab2-6a09-44f6-8606-bf4a0718d920]
2026-10-03 12:04:26 [WebSocketWorker-18] INFO  c.t.t.t.p.s.c.ConnectionManager - Got connection by userId. [connectionId=7463cb46-c9e1-4ed0-9c93-0c8707ed8255] [userId=64f51ab2-6a09-44f6-8606-bf4a0718d920]
2026-10-03 12:04:26 [WebSocketWorker-18] INFO  c.t.t.t.a.s.RoomPlayerServiceImpl - RoomPlayer created. [roomPlayerId=c89801da-bb73-4f0c-bc22-ab58b47dd265]
2026-10-03 12:04:26 [WebSocketWorker-18] INFO  c.t.t.t.p.socket.room.RoomManager - User joined room. [RoomId=92295d20-8dd6-4f86-b082-c1366b6c437f] [UserId=64f51ab2-6a09-44f6-8606-bf4a0718d920] [TotalUsers=2]
2026-10-03 12:04:26 [WebSocketWorker-18] INFO  c.t.t.t.p.s.c.ConnectionManager - Sending message on broadcast
2026-10-03 12:04:26 [WebSocketWorker-18] INFO  c.t.t.t.p.s.c.ConnectionManager - Send message to connection. [connectionId=540a62a5-40d3-410d-a803-e194a61aff9e] [userId=a9876944-0518-4057-ba2b-5171c3a8bea7]
2026-10-03 12:04:26 [WebSocketWorker-18] INFO  c.t.t.t.p.s.c.ConnectionManager - Send message to connection. [connectionId=7463cb46-c9e1-4ed0-9c93-0c8707ed8255] [userId=64f51ab2-6a09-44f6-8606-bf4a0718d920]
2026-10-03 12:04:26 [WebSocketWorker-18] INFO  c.t.t.t.p.s.c.ConnectionManager - Send message to connection. [connectionId=7c2640bf-9884-4136-9b0d-694c370403e3] [userId=5b2bd98b-40da-412d-83b8-14833b48f537]
2026-10-03 12:04:26 [WebSocketWorker-18] INFO  c.t.t.t.p.s.c.ConnectionManager - Getting connection by userId. [userId=64f51ab2-6a09-44f6-8606-bf4a0718d920]
2026-10-03 12:04:26 [WebSocketWorker-18] INFO  c.t.t.t.p.s.c.ConnectionManager - Got connection by userId. [connectionId=7463cb46-c9e1-4ed0-9c93-0c8707ed8255] [userId=64f51ab2-6a09-44f6-8606-bf4a0718d920]
2026-10-03 12:04:26 [WebSocketWorker-18] INFO  c.t.t.t.p.socket.room.RoomManager - Broadcast sent. [RoomId=92295d20-8dd6-4f86-b082-c1366b6c437f] [Recipients=2]
2026-10-03 12:04:55 [WebSocketWorker-19] INFO  c.t.t.t.p.s.c.ConnectionManager - Getting connection by websocket
2026-10-03 12:04:55 [WebSocketWorker-19] INFO  c.t.t.t.p.s.c.ConnectionManager - Got connection by websocket. [connectionId=7c2640bf-9884-4136-9b0d-694c370403e3] [userId=5b2bd98b-40da-412d-83b8-14833b48f537]
2026-10-03 12:04:55 [WebSocketWorker-19] INFO  c.t.t.t.p.s.c.ConnectionManager - Getting connection by userId. [userId=5b2bd98b-40da-412d-83b8-14833b48f537]
2026-10-03 12:04:55 [WebSocketWorker-19] INFO  c.t.t.t.p.s.c.ConnectionManager - Got connection by userId. [connectionId=7c2640bf-9884-4136-9b0d-694c370403e3] [userId=5b2bd98b-40da-412d-83b8-14833b48f537]
2026-10-03 12:04:55 [WebSocketWorker-19] WARN  c.t.t.t.p.s.e.h.JoinRoomHandler - Room is full. [roomId=92295d20-8dd6-4f86-b082-c1366b6c437f]
2026-10-03 12:05:07 [WebSocketSelector-29] INFO  c.t.t.t.p.s.c.ConnectionManager - Getting connection by websocket
2026-10-03 12:05:07 [WebSocketSelector-29] INFO  c.t.t.t.p.s.c.ConnectionManager - Got connection by websocket. [connectionId=7463cb46-c9e1-4ed0-9c93-0c8707ed8255] [userId=64f51ab2-6a09-44f6-8606-bf4a0718d920]
2026-10-03 12:05:07 [WebSocketSelector-29] INFO  c.t.t.t.p.s.c.ConnectionManager - Connection removed successfully. [connectionId=7463cb46-c9e1-4ed0-9c93-0c8707ed8255] [userId=64f51ab2-6a09-44f6-8606-bf4a0718d920]
2026-10-03 12:05:07 [WebSocketSelector-29] INFO  c.t.t.t.p.socket.room.RoomManager - User left room. [RoomId=92295d20-8dd6-4f86-b082-c1366b6c437f] [UserId=64f51ab2-6a09-44f6-8606-bf4a0718d920] [TotalUsers=1]
2026-10-03 12:05:07 [WebSocketSelector-29] INFO  c.t.t.t.i.p.j.r.RoomPlayerJpaRepository - RoomPlayer deleted successfully. [RoomPlayerId=c89801da-bb73-4f0c-bc22-ab58b47dd265]
2026-10-03 12:05:07 [WebSocketSelector-29] INFO  c.t.t.t.p.s.c.ConnectionManager - Sending message on broadcast
2026-10-03 12:05:07 [WebSocketSelector-29] INFO  c.t.t.t.p.s.c.ConnectionManager - Send message to connection. [connectionId=540a62a5-40d3-410d-a803-e194a61aff9e] [userId=a9876944-0518-4057-ba2b-5171c3a8bea7]
2026-10-03 12:05:07 [WebSocketSelector-29] INFO  c.t.t.t.p.s.c.ConnectionManager - Send message to connection. [connectionId=7c2640bf-9884-4136-9b0d-694c370403e3] [userId=5b2bd98b-40da-412d-83b8-14833b48f537]
2026-10-03 12:05:07 [WebSocketSelector-29] WARN  c.t.t.t.p.socket.SocketServer - Close connection. [connectionId=7463cb46-c9e1-4ed0-9c93-0c8707ed8255] [userId=64f51ab2-6a09-44f6-8606-bf4a0718d920] [code=1000] [reason=Client initiated close]
2026-10-03 12:05:43 [WebSocketWorker-17] INFO  c.t.t.t.p.s.c.ConnectionManager - Getting connection by websocket
2026-10-03 12:05:43 [WebSocketWorker-17] INFO  c.t.t.t.p.s.c.ConnectionManager - Got connection by websocket. [connectionId=540a62a5-40d3-410d-a803-e194a61aff9e] [userId=a9876944-0518-4057-ba2b-5171c3a8bea7]
2026-10-03 12:05:53 [WebSocketWorker-17] INFO  c.t.t.t.p.s.c.ConnectionManager - Getting connection by websocket
2026-10-03 12:05:53 [WebSocketWorker-17] INFO  c.t.t.t.p.s.c.ConnectionManager - Got connection by websocket. [connectionId=540a62a5-40d3-410d-a803-e194a61aff9e] [userId=a9876944-0518-4057-ba2b-5171c3a8bea7]
2026-10-03 12:06:15 [WebSocketWorker-17] INFO  c.t.t.t.p.s.c.ConnectionManager - Getting connection by websocket
2026-10-03 12:06:15 [WebSocketWorker-17] INFO  c.t.t.t.p.s.c.ConnectionManager - Got connection by websocket. [connectionId=540a62a5-40d3-410d-a803-e194a61aff9e] [userId=a9876944-0518-4057-ba2b-5171c3a8bea7]
2026-10-03 12:06:49 [WebSocketSelector-29] INFO  c.t.t.t.p.s.c.ConnectionManager - Getting connection by websocket
2026-10-03 12:06:49 [WebSocketSelector-29] INFO  c.t.t.t.p.s.c.ConnectionManager - Got connection by websocket. [connectionId=540a62a5-40d3-410d-a803-e194a61aff9e] [userId=a9876944-0518-4057-ba2b-5171c3a8bea7]
2026-10-03 12:06:49 [WebSocketSelector-29] INFO  c.t.t.t.p.s.c.ConnectionManager - Connection removed successfully. [connectionId=540a62a5-40d3-410d-a803-e194a61aff9e] [userId=a9876944-0518-4057-ba2b-5171c3a8bea7]
2026-10-03 12:06:49 [WebSocketSelector-29] INFO  c.t.t.t.p.socket.room.RoomManager - User left room. [RoomId=92295d20-8dd6-4f86-b082-c1366b6c437f] [UserId=a9876944-0518-4057-ba2b-5171c3a8bea7] [TotalUsers=0]
2026-10-03 12:06:49 [WebSocketSelector-29] INFO  c.t.t.t.i.p.j.r.RoomPlayerJpaRepository - RoomPlayer deleted successfully. [RoomPlayerId=94ade299-a305-4089-a034-27a9b0b5a6a8]
2026-10-03 12:06:49 [WebSocketSelector-29] INFO  c.t.t.t.p.socket.room.RoomManager - Room removed by id. [RoomId=92295d20-8dd6-4f86-b082-c1366b6c437f] [TotalRooms=0]
2026-10-03 12:06:49 [WebSocketSelector-29] INFO  c.t.t.t.i.p.j.r.RoomJpaRepository - Room deleted successfully. [RoomId=92295d20-8dd6-4f86-b082-c1366b6c437f]
2026-10-03 12:06:49 [WebSocketSelector-29] INFO  c.t.t.t.a.service.RoomServiceImpl - Room deleted. [roomId=92295d20-8dd6-4f86-b082-c1366b6c437f]
2026-10-03 12:06:49 [WebSocketSelector-29] INFO  c.t.t.t.p.s.c.ConnectionManager - Sending message on broadcast
2026-10-03 12:06:49 [WebSocketSelector-29] INFO  c.t.t.t.p.s.c.ConnectionManager - Send message to connection. [connectionId=7c2640bf-9884-4136-9b0d-694c370403e3] [userId=5b2bd98b-40da-412d-83b8-14833b48f537]
2026-10-03 12:06:49 [WebSocketSelector-29] WARN  c.t.t.t.p.socket.SocketServer - Close connection. [connectionId=540a62a5-40d3-410d-a803-e194a61aff9e] [userId=a9876944-0518-4057-ba2b-5171c3a8bea7] [code=1000] [reason=Client initiated close]
2026-10-03 12:06:54 [WebSocketSelector-29] INFO  c.t.t.t.p.s.c.ConnectionManager - Getting connection by websocket
2026-10-03 12:06:54 [WebSocketSelector-29] INFO  c.t.t.t.p.s.c.ConnectionManager - Got connection by websocket. [connectionId=7c2640bf-9884-4136-9b0d-694c370403e3] [userId=5b2bd98b-40da-412d-83b8-14833b48f537]
2026-10-03 12:06:54 [WebSocketSelector-29] INFO  c.t.t.t.p.s.c.ConnectionManager - Connection removed successfully. [connectionId=7c2640bf-9884-4136-9b0d-694c370403e3] [userId=5b2bd98b-40da-412d-83b8-14833b48f537]
2026-10-03 12:06:54 [WebSocketSelector-29] WARN  c.t.t.t.p.socket.SocketServer - Close connection. [connectionId=7c2640bf-9884-4136-9b0d-694c370403e3] [userId=5b2bd98b-40da-412d-83b8-14833b48f537] [code=1000] [reason=Client initiated close]
2026-10-03 12:08:23 [main] INFO  c.t.t.t.i.config.Environment - Instance Environment initialized. [InstanceId=1516369375]
2026-10-03 12:08:23 [main] INFO  c.t.t.t.i.security.JwtService - Instance JwtService initialized. [InstanceId=1576861390]
2026-10-03 12:08:23 [main] INFO  c.t.t.t.i.persistence.jpa.JpaUtil - Instance JpaUtil initialized. [InstanceId=1156304131]
2026-10-03 12:08:23 [main] INFO  c.t.t.t.i.p.j.r.UserJpaRepository - Instance UserJpaRepository initialized. [InstanceId=1766505436]
2026-10-03 12:08:23 [main] INFO  c.t.t.t.i.p.j.r.RoomJpaRepository - Instance RoomJpaRepository initialized. [InstanceId=771775563]
2026-10-03 12:08:23 [main] INFO  c.t.t.t.i.p.j.r.RoomPlayerJpaRepository - Instance RoomPlayerJpaRepository initialized. [InstanceId=1164440413]
2026-10-03 12:08:23 [main] INFO  c.t.t.t.a.service.AuthServiceImpl - Instance AuthServiceImpl initialized. [InstanceId=1610525991]
2026-10-03 12:08:23 [main] INFO  c.t.t.t.a.service.UserServiceImpl - Instance UserServiceImpl initialized. [InstanceId=1666607455]
2026-10-03 12:08:23 [main] INFO  c.t.t.t.a.service.RoomServiceImpl - Instance RoomServiceImpl initialized. [InstanceId=1327006586]
2026-10-03 12:08:23 [main] INFO  c.t.t.t.a.s.RoomPlayerServiceImpl - Instance RoomPlayerServiceImpl initialized. [InstanceId=899644639]
2026-10-03 12:08:23 [main] INFO  c.t.t.t.p.h.m.AuthorizedHttpMiddleware - Instance AuthorizedHttpMiddleware initialized. [InstanceId=530737374]
2026-10-03 12:08:23 [main] INFO  c.t.t.t.p.h.c.AuthController - Instance AuthController initialized. [InstanceId=1332668132]
2026-10-03 12:08:23 [main] INFO  c.t.t.t.p.s.m.AuthorizedSocketMiddleware - Instance AuthorizedSocketMiddleware initialized. [InstanceId=1147580192]
2026-10-03 12:08:23 [main] INFO  c.t.t.t.p.s.c.ConnectionManager - Instance ConnectionManager initialized. [InstanceId=173099767]
2026-10-03 12:08:23 [main] INFO  c.t.t.t.p.socket.room.RoomManager - Instance RoomManager initialized. [InstanceId=112797691]
2026-10-03 12:08:24 [main] INFO  c.t.t.t.p.s.e.ExceptionSocketHandler - Instance ExceptionSocketHandler initialized. [InstanceId=1902237905]
2026-10-03 12:08:24 [main] INFO  c.t.t.t.p.s.e.h.GlobalMessageHandler - Instance GlobalMessageHandler initialized. [InstanceId=1715248762]
2026-10-03 12:08:24 [main] INFO  c.t.t.t.p.s.e.h.RoomsByStatusHandler - Instance RoomsByStatusHandler initialized. [InstanceId=2035616217]
2026-10-03 12:08:24 [main] INFO  c.t.t.t.p.s.e.h.CreateRoomHandler - Instance CreateRoomHandler initialized. [InstanceId=1363793720]
2026-10-03 12:08:24 [main] INFO  c.t.t.t.p.s.e.h.MessageRoomHandler - Instance MessageRoomHandler initialized. [InstanceId=980697799]
2026-10-03 12:08:24 [main] INFO  c.t.t.t.p.s.e.h.JoinRoomHandler - Instance JoinRoomHandler initialized. [InstanceId=1418555530]
2026-10-03 12:08:24 [main] INFO  c.t.t.t.p.s.e.h.InfoRoomHandler - Instance InfoRoomHandler initialized. [InstanceId=1408974251]
2026-10-03 12:08:24 [WebSocketSelector-29] INFO  c.t.t.t.p.socket.SocketServer - WebSocketServer started successfully. [port=8081] [url=ws://localhost:8081]
2026-10-03 12:08:24 [main] INFO  org.eclipse.jetty.util.log - Logging initialized @1006ms to org.eclipse.jetty.util.log.Slf4jLog
2026-10-03 12:08:24 [main] INFO  io.javalin.Javalin - Starting Javalin ...
2026-10-03 12:08:24 [main] INFO  io.javalin.Javalin - You are running Javalin 4.6.8 (released May 4, 2023. Your Javalin version is 1248 days old. Consider checking for a newer version.).
2026-10-03 12:08:24 [main] INFO  io.javalin.Javalin - Listening on http://localhost:8080/
2026-10-03 12:08:24 [main] INFO  io.javalin.Javalin - Javalin started in 134ms \o/
2026-10-03 12:08:24 [main] INFO  c.t.t.t.presentation.http.HttpServer - Instance HttpServer initialized.
2026-10-03 12:08:24 [main] INFO  c.t.t.t.presentation.http.HttpServer - HttpServer started successfully. [port=8080] [url=http://localhost:8080]
2026-10-03 12:08:24 [main] INFO  com.tic.tac.toe.Application - Started Application
2026-10-03 12:08:26 [WebSocketWorker-17] INFO  c.t.t.t.p.s.c.ConnectionManager - A connection added on manager. [connectionId=8a8b8e02-a80e-4aa1-b0df-2e3bdd7a97b4] [userId=a9876944-0518-4057-ba2b-5171c3a8bea7]
2026-10-03 12:10:56 [main] INFO  c.t.t.t.i.config.Environment - Instance Environment initialized. [InstanceId=922151033]
2026-10-03 12:10:56 [main] INFO  c.t.t.t.i.security.JwtService - Instance JwtService initialized. [InstanceId=1144648478]
2026-10-03 12:10:56 [main] INFO  c.t.t.t.i.persistence.jpa.JpaUtil - Instance JpaUtil initialized. [InstanceId=842741472]
2026-10-03 12:10:56 [main] INFO  c.t.t.t.i.p.j.r.UserJpaRepository - Instance UserJpaRepository initialized. [InstanceId=1156304131]
2026-10-03 12:10:56 [main] INFO  c.t.t.t.i.p.j.r.RoomJpaRepository - Instance RoomJpaRepository initialized. [InstanceId=1766505436]
2026-10-03 12:10:56 [main] INFO  c.t.t.t.i.p.j.r.RoomPlayerJpaRepository - Instance RoomPlayerJpaRepository initialized. [InstanceId=771775563]
2026-10-03 12:10:56 [main] INFO  c.t.t.t.a.service.AuthServiceImpl - Instance AuthServiceImpl initialized. [InstanceId=1164440413]
2026-10-03 12:10:56 [main] INFO  c.t.t.t.a.service.UserServiceImpl - Instance UserServiceImpl initialized. [InstanceId=1610525991]
2026-10-03 12:10:56 [main] INFO  c.t.t.t.a.service.RoomServiceImpl - Instance RoomServiceImpl initialized. [InstanceId=1666607455]
2026-10-03 12:10:56 [main] INFO  c.t.t.t.a.s.RoomPlayerServiceImpl - Instance RoomPlayerServiceImpl initialized. [InstanceId=1327006586]
2026-10-03 12:10:56 [main] INFO  c.t.t.t.p.h.m.AuthorizedHttpMiddleware - Instance AuthorizedHttpMiddleware initialized. [InstanceId=899644639]
2026-10-03 12:10:56 [main] INFO  c.t.t.t.p.h.c.AuthController - Instance AuthController initialized. [InstanceId=530737374]
2026-10-03 12:10:56 [main] INFO  c.t.t.t.p.s.m.AuthorizedSocketMiddleware - Instance AuthorizedSocketMiddleware initialized. [InstanceId=1332668132]
2026-10-03 12:10:56 [main] INFO  c.t.t.t.p.s.c.ConnectionManager - Instance ConnectionManager initialized. [InstanceId=1147580192]
2026-10-03 12:10:56 [main] INFO  c.t.t.t.p.socket.room.RoomManager - Instance RoomManager initialized. [InstanceId=173099767]
2026-10-03 12:10:56 [main] INFO  c.t.t.t.p.s.e.ExceptionSocketHandler - Instance ExceptionSocketHandler initialized. [InstanceId=1959910454]
2026-10-03 12:10:56 [main] INFO  c.t.t.t.p.s.e.h.GlobalMessageHandler - Instance GlobalMessageHandler initialized. [InstanceId=485937598]
2026-10-03 12:10:56 [main] INFO  c.t.t.t.p.s.e.h.RoomsByStatusHandler - Instance RoomsByStatusHandler initialized. [InstanceId=434398524]
2026-10-03 12:10:56 [main] INFO  c.t.t.t.p.s.e.h.CreateRoomHandler - Instance CreateRoomHandler initialized. [InstanceId=1392794732]
2026-10-03 12:10:56 [main] INFO  c.t.t.t.p.s.e.h.MessageRoomHandler - Instance MessageRoomHandler initialized. [InstanceId=1807648168]
2026-10-03 12:10:56 [main] INFO  c.t.t.t.p.s.e.h.JoinRoomHandler - Instance JoinRoomHandler initialized. [InstanceId=1273143001]
2026-10-03 12:10:56 [main] INFO  c.t.t.t.p.s.e.h.InfoRoomHandler - Instance InfoRoomHandler initialized. [InstanceId=1258372214]
2026-10-03 12:10:56 [WebSocketSelector-29] INFO  c.t.t.t.p.socket.SocketServer - WebSocketServer started successfully. [port=8081] [url=ws://localhost:8081]
2026-10-03 12:10:56 [main] INFO  org.eclipse.jetty.util.log - Logging initialized @951ms to org.eclipse.jetty.util.log.Slf4jLog
2026-10-03 12:10:56 [main] INFO  io.javalin.Javalin - Starting Javalin ...
2026-10-03 12:10:56 [main] INFO  io.javalin.Javalin - You are running Javalin 4.6.8 (released May 4, 2023. Your Javalin version is 1248 days old. Consider checking for a newer version.).
2026-10-03 12:10:56 [main] INFO  io.javalin.Javalin - Listening on http://localhost:8080/
2026-10-03 12:10:56 [main] INFO  io.javalin.Javalin - Javalin started in 149ms \o/
2026-10-03 12:10:56 [main] INFO  c.t.t.t.presentation.http.HttpServer - Instance HttpServer initialized.
2026-10-03 12:10:56 [main] INFO  c.t.t.t.presentation.http.HttpServer - HttpServer started successfully. [port=8080] [url=http://localhost:8080]
2026-10-03 12:10:56 [main] INFO  com.tic.tac.toe.Application - Started Application
2026-10-03 12:10:59 [WebSocketWorker-17] INFO  c.t.t.t.p.s.c.ConnectionManager - A connection added on manager. [connectionId=1de9ec88-e5fd-43db-9bf0-e3aac6e8ee00] [userId=a9876944-0518-4057-ba2b-5171c3a8bea7]
2026-10-03 12:11:00 [WebSocketWorker-18] INFO  c.t.t.t.p.s.c.ConnectionManager - A connection added on manager. [connectionId=8452dba9-29da-4cca-9bd2-9904307e97fa] [userId=64f51ab2-6a09-44f6-8606-bf4a0718d920]
2026-10-03 12:11:02 [WebSocketWorker-19] INFO  c.t.t.t.p.s.c.ConnectionManager - A connection added on manager. [connectionId=c51ff841-d16d-493b-89a5-a67f0aa1794d] [userId=5b2bd98b-40da-412d-83b8-14833b48f537]
2026-10-03 12:11:11 [WebSocketWorker-17] INFO  c.t.t.t.p.s.c.ConnectionManager - Getting connection by websocket
2026-10-03 12:11:11 [WebSocketWorker-17] INFO  c.t.t.t.p.s.c.ConnectionManager - Got connection by websocket. [connectionId=1de9ec88-e5fd-43db-9bf0-e3aac6e8ee00] [userId=a9876944-0518-4057-ba2b-5171c3a8bea7]
2026-10-03 12:11:11 [WebSocketWorker-17] INFO  c.t.t.t.p.s.c.ConnectionManager - Getting connection by userId. [userId=a9876944-0518-4057-ba2b-5171c3a8bea7]
2026-10-03 12:11:11 [WebSocketWorker-17] INFO  c.t.t.t.p.s.c.ConnectionManager - Got connection by userId. [connectionId=1de9ec88-e5fd-43db-9bf0-e3aac6e8ee00] [userId=a9876944-0518-4057-ba2b-5171c3a8bea7]
2026-10-03 12:11:11 [WebSocketWorker-17] INFO  c.t.t.t.i.p.j.r.RoomJpaRepository - Room saved successfully. [RoomId=5082a22a-531e-4285-9a3c-5130f4a3a23a]
2026-10-03 12:11:11 [WebSocketWorker-17] INFO  c.t.t.t.a.service.RoomServiceImpl - Room created. [roomId=5082a22a-531e-4285-9a3c-5130f4a3a23a] [ownerId=a9876944-0518-4057-ba2b-5171c3a8bea7]
2026-10-03 12:11:11 [WebSocketWorker-17] INFO  c.t.t.t.p.socket.room.RoomManager - Room created. [RoomId=5082a22a-531e-4285-9a3c-5130f4a3a23a] [TotalRooms=1]
2026-10-03 12:11:11 [WebSocketWorker-17] INFO  c.t.t.t.p.socket.room.RoomManager - User joined room. [RoomId=5082a22a-531e-4285-9a3c-5130f4a3a23a] [UserId=a9876944-0518-4057-ba2b-5171c3a8bea7] [TotalUsers=1]
2026-10-03 12:11:11 [WebSocketWorker-17] INFO  c.t.t.t.p.socket.room.RoomManager - Broadcast sent. [RoomId=5082a22a-531e-4285-9a3c-5130f4a3a23a] [Recipients=1]
2026-10-03 12:11:12 [WebSocketWorker-17] INFO  c.t.t.t.p.s.c.ConnectionManager - Sending message on broadcast
2026-10-03 12:11:12 [WebSocketWorker-17] INFO  c.t.t.t.p.s.c.ConnectionManager - Send message to connection. [connectionId=1de9ec88-e5fd-43db-9bf0-e3aac6e8ee00] [userId=a9876944-0518-4057-ba2b-5171c3a8bea7]
2026-10-03 12:11:12 [WebSocketWorker-17] INFO  c.t.t.t.p.s.c.ConnectionManager - Send message to connection. [connectionId=8452dba9-29da-4cca-9bd2-9904307e97fa] [userId=64f51ab2-6a09-44f6-8606-bf4a0718d920]
2026-10-03 12:11:12 [WebSocketWorker-17] INFO  c.t.t.t.p.s.c.ConnectionManager - Send message to connection. [connectionId=c51ff841-d16d-493b-89a5-a67f0aa1794d] [userId=5b2bd98b-40da-412d-83b8-14833b48f537]
2026-10-03 12:11:12 [WebSocketWorker-17] INFO  c.t.t.t.p.s.c.ConnectionManager - Getting connection by userId. [userId=a9876944-0518-4057-ba2b-5171c3a8bea7]
2026-10-03 12:11:12 [WebSocketWorker-17] INFO  c.t.t.t.p.s.c.ConnectionManager - Got connection by userId. [connectionId=1de9ec88-e5fd-43db-9bf0-e3aac6e8ee00] [userId=a9876944-0518-4057-ba2b-5171c3a8bea7]
2026-10-03 12:11:12 [WebSocketWorker-17] INFO  c.t.t.t.p.socket.room.RoomManager - Broadcast sent. [RoomId=5082a22a-531e-4285-9a3c-5130f4a3a23a] [Recipients=1]
2026-10-03 12:11:12 [WebSocketWorker-17] INFO  c.t.t.t.p.s.e.h.CreateRoomHandler - Room created and owner joined. [roomId=5082a22a-531e-4285-9a3c-5130f4a3a23a] [ownerId=a9876944-0518-4057-ba2b-5171c3a8bea7]
2026-10-03 12:11:20 [WebSocketSelector-29] INFO  c.t.t.t.p.s.c.ConnectionManager - Getting connection by websocket
2026-10-03 12:11:20 [WebSocketSelector-29] INFO  c.t.t.t.p.s.c.ConnectionManager - Got connection by websocket. [connectionId=1de9ec88-e5fd-43db-9bf0-e3aac6e8ee00] [userId=a9876944-0518-4057-ba2b-5171c3a8bea7]
2026-10-03 12:11:20 [WebSocketSelector-29] INFO  c.t.t.t.p.s.c.ConnectionManager - Connection removed successfully. [connectionId=1de9ec88-e5fd-43db-9bf0-e3aac6e8ee00] [userId=a9876944-0518-4057-ba2b-5171c3a8bea7]
2026-10-03 12:11:20 [WebSocketSelector-29] INFO  c.t.t.t.p.socket.room.RoomManager - User left room. [RoomId=5082a22a-531e-4285-9a3c-5130f4a3a23a] [UserId=a9876944-0518-4057-ba2b-5171c3a8bea7] [TotalUsers=0]
2026-10-03 12:11:20 [WebSocketSelector-29] INFO  c.t.t.t.i.p.j.r.RoomPlayerJpaRepository - RoomPlayer deleted successfully. [RoomPlayerId=d17b0db6-cbeb-4ae7-b5ee-0a08ae316f8e]
2026-10-03 12:11:20 [WebSocketSelector-29] INFO  c.t.t.t.p.socket.room.RoomManager - Room removed by id. [RoomId=5082a22a-531e-4285-9a3c-5130f4a3a23a] [TotalRooms=0]
2026-10-03 12:11:20 [WebSocketSelector-29] INFO  c.t.t.t.i.p.j.r.RoomJpaRepository - Room deleted successfully. [RoomId=5082a22a-531e-4285-9a3c-5130f4a3a23a]
2026-10-03 12:11:20 [WebSocketSelector-29] INFO  c.t.t.t.a.service.RoomServiceImpl - Room deleted. [roomId=5082a22a-531e-4285-9a3c-5130f4a3a23a]
2026-10-03 12:11:20 [WebSocketSelector-29] INFO  c.t.t.t.p.s.c.ConnectionManager - Sending message on broadcast
2026-10-03 12:11:20 [WebSocketSelector-29] INFO  c.t.t.t.p.s.c.ConnectionManager - Send message to connection. [connectionId=8452dba9-29da-4cca-9bd2-9904307e97fa] [userId=64f51ab2-6a09-44f6-8606-bf4a0718d920]
2026-10-03 12:11:20 [WebSocketSelector-29] INFO  c.t.t.t.p.s.c.ConnectionManager - Send message to connection. [connectionId=c51ff841-d16d-493b-89a5-a67f0aa1794d] [userId=5b2bd98b-40da-412d-83b8-14833b48f537]
2026-10-03 12:11:20 [WebSocketSelector-29] WARN  c.t.t.t.p.socket.SocketServer - Close connection. [connectionId=1de9ec88-e5fd-43db-9bf0-e3aac6e8ee00] [userId=a9876944-0518-4057-ba2b-5171c3a8bea7] [code=1000] [reason=Client initiated close]
2026-10-03 12:11:27 [WebSocketSelector-29] INFO  c.t.t.t.p.s.c.ConnectionManager - Getting connection by websocket
2026-10-03 12:11:27 [WebSocketSelector-29] INFO  c.t.t.t.p.s.c.ConnectionManager - Got connection by websocket. [connectionId=8452dba9-29da-4cca-9bd2-9904307e97fa] [userId=64f51ab2-6a09-44f6-8606-bf4a0718d920]
2026-10-03 12:11:27 [WebSocketSelector-29] INFO  c.t.t.t.p.s.c.ConnectionManager - Connection removed successfully. [connectionId=8452dba9-29da-4cca-9bd2-9904307e97fa] [userId=64f51ab2-6a09-44f6-8606-bf4a0718d920]
2026-10-03 12:11:27 [WebSocketSelector-29] WARN  c.t.t.t.p.socket.SocketServer - Close connection. [connectionId=8452dba9-29da-4cca-9bd2-9904307e97fa] [userId=64f51ab2-6a09-44f6-8606-bf4a0718d920] [code=1000] [reason=Client initiated close]
2026-10-03 12:11:32 [WebSocketSelector-29] INFO  c.t.t.t.p.s.c.ConnectionManager - Getting connection by websocket
2026-10-03 12:11:32 [WebSocketSelector-29] INFO  c.t.t.t.p.s.c.ConnectionManager - Got connection by websocket. [connectionId=c51ff841-d16d-493b-89a5-a67f0aa1794d] [userId=5b2bd98b-40da-412d-83b8-14833b48f537]
2026-10-03 12:11:32 [WebSocketSelector-29] INFO  c.t.t.t.p.s.c.ConnectionManager - Connection removed successfully. [connectionId=c51ff841-d16d-493b-89a5-a67f0aa1794d] [userId=5b2bd98b-40da-412d-83b8-14833b48f537]
2026-10-03 12:11:32 [WebSocketSelector-29] WARN  c.t.t.t.p.socket.SocketServer - Close connection. [connectionId=c51ff841-d16d-493b-89a5-a67f0aa1794d] [userId=5b2bd98b-40da-412d-83b8-14833b48f537] [code=1000] [reason=Client initiated close]
2026-10-03 12:12:24 [main] INFO  c.t.t.t.i.config.Environment - Instance Environment initialized. [InstanceId=1516369375]
2026-10-03 12:12:24 [main] INFO  c.t.t.t.i.security.JwtService - Instance JwtService initialized. [InstanceId=1576861390]
2026-10-03 12:12:25 [main] INFO  c.t.t.t.i.persistence.jpa.JpaUtil - Instance JpaUtil initialized. [InstanceId=1156304131]
2026-10-03 12:12:25 [main] INFO  c.t.t.t.i.p.j.r.UserJpaRepository - Instance UserJpaRepository initialized. [InstanceId=1766505436]
2026-10-03 12:12:25 [main] INFO  c.t.t.t.i.p.j.r.RoomJpaRepository - Instance RoomJpaRepository initialized. [InstanceId=771775563]
2026-10-03 12:12:25 [main] INFO  c.t.t.t.i.p.j.r.RoomPlayerJpaRepository - Instance RoomPlayerJpaRepository initialized. [InstanceId=1164440413]
2026-10-03 12:12:25 [main] INFO  c.t.t.t.a.service.AuthServiceImpl - Instance AuthServiceImpl initialized. [InstanceId=1610525991]
2026-10-03 12:12:25 [main] INFO  c.t.t.t.a.service.UserServiceImpl - Instance UserServiceImpl initialized. [InstanceId=1666607455]
2026-10-03 12:12:25 [main] INFO  c.t.t.t.a.service.RoomServiceImpl - Instance RoomServiceImpl initialized. [InstanceId=1327006586]
2026-10-03 12:12:25 [main] INFO  c.t.t.t.a.s.RoomPlayerServiceImpl - Instance RoomPlayerServiceImpl initialized. [InstanceId=899644639]
2026-10-03 12:12:25 [main] INFO  c.t.t.t.p.h.m.AuthorizedHttpMiddleware - Instance AuthorizedHttpMiddleware initialized. [InstanceId=530737374]
2026-10-03 12:12:25 [main] INFO  c.t.t.t.p.h.c.AuthController - Instance AuthController initialized. [InstanceId=1332668132]
2026-10-03 12:12:25 [main] INFO  c.t.t.t.p.s.m.AuthorizedSocketMiddleware - Instance AuthorizedSocketMiddleware initialized. [InstanceId=1147580192]
2026-10-03 12:12:25 [main] INFO  c.t.t.t.p.s.c.ConnectionManager - Instance ConnectionManager initialized. [InstanceId=173099767]
2026-10-03 12:12:25 [main] INFO  c.t.t.t.p.socket.room.RoomManager - Instance RoomManager initialized. [InstanceId=112797691]
2026-10-03 12:12:25 [main] INFO  c.t.t.t.p.s.e.ExceptionSocketHandler - Instance ExceptionSocketHandler initialized. [InstanceId=1902237905]
2026-10-03 12:12:25 [main] INFO  c.t.t.t.p.s.e.h.GlobalMessageHandler - Instance GlobalMessageHandler initialized. [InstanceId=1715248762]
2026-10-03 12:12:25 [main] INFO  c.t.t.t.p.s.e.h.RoomsByStatusHandler - Instance RoomsByStatusHandler initialized. [InstanceId=2035616217]
2026-10-03 12:12:25 [main] INFO  c.t.t.t.p.s.e.h.CreateRoomHandler - Instance CreateRoomHandler initialized. [InstanceId=1363793720]
2026-10-03 12:12:25 [main] INFO  c.t.t.t.p.s.e.h.MessageRoomHandler - Instance MessageRoomHandler initialized. [InstanceId=980697799]
2026-10-03 12:12:25 [main] INFO  c.t.t.t.p.s.e.h.JoinRoomHandler - Instance JoinRoomHandler initialized. [InstanceId=1418555530]
2026-10-03 12:12:25 [main] INFO  c.t.t.t.p.s.e.h.InfoRoomHandler - Instance InfoRoomHandler initialized. [InstanceId=1408974251]
2026-10-03 12:12:25 [WebSocketSelector-29] INFO  c.t.t.t.p.socket.SocketServer - WebSocketServer started successfully. [port=8081] [url=ws://localhost:8081]
2026-10-03 12:12:25 [main] INFO  org.eclipse.jetty.util.log - Logging initialized @1011ms to org.eclipse.jetty.util.log.Slf4jLog
2026-10-03 12:12:25 [main] INFO  io.javalin.Javalin - Starting Javalin ...
2026-10-03 12:12:25 [main] INFO  io.javalin.Javalin - You are running Javalin 4.6.8 (released May 4, 2023. Your Javalin version is 1248 days old. Consider checking for a newer version.).
2026-10-03 12:12:25 [main] INFO  io.javalin.Javalin - Listening on http://localhost:8080/
2026-10-03 12:12:25 [main] INFO  io.javalin.Javalin - Javalin started in 132ms \o/
2026-10-03 12:12:25 [main] INFO  c.t.t.t.presentation.http.HttpServer - Instance HttpServer initialized.
2026-10-03 12:12:25 [main] INFO  c.t.t.t.presentation.http.HttpServer - HttpServer started successfully. [port=8080] [url=http://localhost:8080]
2026-10-03 12:12:25 [main] INFO  com.tic.tac.toe.Application - Started Application
2026-10-03 12:12:30 [WebSocketWorker-17] INFO  c.t.t.t.p.s.c.ConnectionManager - A connection added on manager. [connectionId=43817e58-82fe-40e1-b85b-eeecff00e45e] [userId=a9876944-0518-4057-ba2b-5171c3a8bea7]
2026-10-03 12:12:32 [WebSocketWorker-18] INFO  c.t.t.t.p.s.c.ConnectionManager - A connection added on manager. [connectionId=2f1059f3-caec-47d7-ae1d-2d12e9a3763b] [userId=64f51ab2-6a09-44f6-8606-bf4a0718d920]
2026-10-03 12:12:33 [WebSocketWorker-19] INFO  c.t.t.t.p.s.c.ConnectionManager - A connection added on manager. [connectionId=5e859082-42b5-488a-8773-fb1d3bced8a2] [userId=5b2bd98b-40da-412d-83b8-14833b48f537]
2026-10-03 12:12:37 [WebSocketWorker-17] INFO  c.t.t.t.p.s.c.ConnectionManager - Getting connection by websocket
2026-10-03 12:12:37 [WebSocketWorker-17] INFO  c.t.t.t.p.s.c.ConnectionManager - Got connection by websocket. [connectionId=43817e58-82fe-40e1-b85b-eeecff00e45e] [userId=a9876944-0518-4057-ba2b-5171c3a8bea7]
2026-10-03 12:12:37 [WebSocketWorker-17] INFO  c.t.t.t.p.s.c.ConnectionManager - Getting connection by userId. [userId=a9876944-0518-4057-ba2b-5171c3a8bea7]
2026-10-03 12:12:37 [WebSocketWorker-17] INFO  c.t.t.t.p.s.c.ConnectionManager - Got connection by userId. [connectionId=43817e58-82fe-40e1-b85b-eeecff00e45e] [userId=a9876944-0518-4057-ba2b-5171c3a8bea7]
2026-10-03 12:12:37 [WebSocketWorker-17] WARN  c.t.t.t.p.s.e.h.InfoRoomHandler - User don't have a room. [userId=a9876944-0518-4057-ba2b-5171c3a8bea7]
2026-10-03 12:12:41 [WebSocketWorker-17] INFO  c.t.t.t.p.s.c.ConnectionManager - Getting connection by websocket
2026-10-03 12:12:41 [WebSocketWorker-17] INFO  c.t.t.t.p.s.c.ConnectionManager - Got connection by websocket. [connectionId=43817e58-82fe-40e1-b85b-eeecff00e45e] [userId=a9876944-0518-4057-ba2b-5171c3a8bea7]
2026-10-03 12:12:41 [WebSocketWorker-17] INFO  c.t.t.t.p.s.c.ConnectionManager - Getting connection by userId. [userId=a9876944-0518-4057-ba2b-5171c3a8bea7]
2026-10-03 12:12:41 [WebSocketWorker-17] INFO  c.t.t.t.p.s.c.ConnectionManager - Got connection by userId. [connectionId=43817e58-82fe-40e1-b85b-eeecff00e45e] [userId=a9876944-0518-4057-ba2b-5171c3a8bea7]
2026-10-03 12:12:41 [WebSocketWorker-17] INFO  c.t.t.t.i.p.j.r.RoomJpaRepository - Room saved successfully. [RoomId=efb45369-7338-4dfd-9a36-a5ddf1ec682e]
2026-10-03 12:12:41 [WebSocketWorker-17] INFO  c.t.t.t.a.service.RoomServiceImpl - Room created. [roomId=efb45369-7338-4dfd-9a36-a5ddf1ec682e] [ownerId=a9876944-0518-4057-ba2b-5171c3a8bea7]
2026-10-03 12:12:41 [WebSocketWorker-17] INFO  c.t.t.t.p.socket.room.RoomManager - Room created. [RoomId=efb45369-7338-4dfd-9a36-a5ddf1ec682e] [TotalRooms=1]
2026-10-03 12:12:41 [WebSocketWorker-17] INFO  c.t.t.t.p.socket.room.RoomManager - User joined room. [RoomId=efb45369-7338-4dfd-9a36-a5ddf1ec682e] [UserId=a9876944-0518-4057-ba2b-5171c3a8bea7] [TotalUsers=1]
2026-10-03 12:12:41 [WebSocketWorker-17] INFO  c.t.t.t.p.socket.room.RoomManager - Broadcast sent. [RoomId=efb45369-7338-4dfd-9a36-a5ddf1ec682e] [Recipients=1]
2026-10-03 12:12:41 [WebSocketWorker-17] INFO  c.t.t.t.p.s.c.ConnectionManager - Sending message on broadcast
2026-10-03 12:12:41 [WebSocketWorker-17] INFO  c.t.t.t.p.s.c.ConnectionManager - Send message to connection. [connectionId=5e859082-42b5-488a-8773-fb1d3bced8a2] [userId=5b2bd98b-40da-412d-83b8-14833b48f537]
2026-10-03 12:12:41 [WebSocketWorker-17] INFO  c.t.t.t.p.s.c.ConnectionManager - Send message to connection. [connectionId=43817e58-82fe-40e1-b85b-eeecff00e45e] [userId=a9876944-0518-4057-ba2b-5171c3a8bea7]
2026-10-03 12:12:41 [WebSocketWorker-17] INFO  c.t.t.t.p.s.c.ConnectionManager - Send message to connection. [connectionId=2f1059f3-caec-47d7-ae1d-2d12e9a3763b] [userId=64f51ab2-6a09-44f6-8606-bf4a0718d920]
2026-10-03 12:12:41 [WebSocketWorker-17] INFO  c.t.t.t.p.s.c.ConnectionManager - Getting connection by userId. [userId=a9876944-0518-4057-ba2b-5171c3a8bea7]
2026-10-03 12:12:41 [WebSocketWorker-17] INFO  c.t.t.t.p.s.c.ConnectionManager - Got connection by userId. [connectionId=43817e58-82fe-40e1-b85b-eeecff00e45e] [userId=a9876944-0518-4057-ba2b-5171c3a8bea7]
2026-10-03 12:12:41 [WebSocketWorker-17] INFO  c.t.t.t.p.socket.room.RoomManager - Broadcast sent. [RoomId=efb45369-7338-4dfd-9a36-a5ddf1ec682e] [Recipients=1]
2026-10-03 12:12:41 [WebSocketWorker-17] INFO  c.t.t.t.p.s.e.h.CreateRoomHandler - Room created and owner joined. [roomId=efb45369-7338-4dfd-9a36-a5ddf1ec682e] [ownerId=a9876944-0518-4057-ba2b-5171c3a8bea7]
2026-10-03 12:13:00 [WebSocketWorker-18] INFO  c.t.t.t.p.s.c.ConnectionManager - Getting connection by websocket
2026-10-03 12:13:00 [WebSocketWorker-18] INFO  c.t.t.t.p.s.c.ConnectionManager - Got connection by websocket. [connectionId=2f1059f3-caec-47d7-ae1d-2d12e9a3763b] [userId=64f51ab2-6a09-44f6-8606-bf4a0718d920]
2026-10-03 12:13:00 [WebSocketWorker-18] INFO  c.t.t.t.p.s.c.ConnectionManager - Getting connection by userId. [userId=64f51ab2-6a09-44f6-8606-bf4a0718d920]
2026-10-03 12:13:00 [WebSocketWorker-18] INFO  c.t.t.t.p.s.c.ConnectionManager - Got connection by userId. [connectionId=2f1059f3-caec-47d7-ae1d-2d12e9a3763b] [userId=64f51ab2-6a09-44f6-8606-bf4a0718d920]
2026-10-03 12:13:00 [WebSocketWorker-18] INFO  c.t.t.t.a.s.RoomPlayerServiceImpl - RoomPlayer created. [roomPlayerId=160832ca-42f3-4594-88c2-9d1ce1b4e324]
2026-10-03 12:13:00 [WebSocketWorker-18] INFO  c.t.t.t.p.socket.room.RoomManager - User joined room. [RoomId=efb45369-7338-4dfd-9a36-a5ddf1ec682e] [UserId=64f51ab2-6a09-44f6-8606-bf4a0718d920] [TotalUsers=2]
2026-10-03 12:13:00 [WebSocketWorker-18] INFO  c.t.t.t.p.s.c.ConnectionManager - Sending message on broadcast
2026-10-03 12:13:00 [WebSocketWorker-18] INFO  c.t.t.t.p.s.c.ConnectionManager - Send message to connection. [connectionId=5e859082-42b5-488a-8773-fb1d3bced8a2] [userId=5b2bd98b-40da-412d-83b8-14833b48f537]
2026-10-03 12:13:00 [WebSocketWorker-18] INFO  c.t.t.t.p.s.c.ConnectionManager - Send message to connection. [connectionId=43817e58-82fe-40e1-b85b-eeecff00e45e] [userId=a9876944-0518-4057-ba2b-5171c3a8bea7]
2026-10-03 12:13:00 [WebSocketWorker-18] INFO  c.t.t.t.p.s.c.ConnectionManager - Send message to connection. [connectionId=2f1059f3-caec-47d7-ae1d-2d12e9a3763b] [userId=64f51ab2-6a09-44f6-8606-bf4a0718d920]
2026-10-03 12:13:00 [WebSocketWorker-18] INFO  c.t.t.t.p.s.c.ConnectionManager - Getting connection by userId. [userId=64f51ab2-6a09-44f6-8606-bf4a0718d920]
2026-10-03 12:13:00 [WebSocketWorker-18] INFO  c.t.t.t.p.s.c.ConnectionManager - Got connection by userId. [connectionId=2f1059f3-caec-47d7-ae1d-2d12e9a3763b] [userId=64f51ab2-6a09-44f6-8606-bf4a0718d920]
2026-10-03 12:13:00 [WebSocketWorker-18] INFO  c.t.t.t.p.socket.room.RoomManager - Broadcast sent. [RoomId=efb45369-7338-4dfd-9a36-a5ddf1ec682e] [Recipients=2]
2026-10-03 12:14:00 [WebSocketWorker-17] INFO  c.t.t.t.p.s.c.ConnectionManager - Getting connection by websocket
2026-10-03 12:14:00 [WebSocketWorker-17] INFO  c.t.t.t.p.s.c.ConnectionManager - Got connection by websocket. [connectionId=43817e58-82fe-40e1-b85b-eeecff00e45e] [userId=a9876944-0518-4057-ba2b-5171c3a8bea7]
2026-10-03 12:14:00 [WebSocketWorker-17] INFO  c.t.t.t.p.s.c.ConnectionManager - Getting connection by userId. [userId=a9876944-0518-4057-ba2b-5171c3a8bea7]
2026-10-03 12:14:00 [WebSocketWorker-17] INFO  c.t.t.t.p.s.c.ConnectionManager - Got connection by userId. [connectionId=43817e58-82fe-40e1-b85b-eeecff00e45e] [userId=a9876944-0518-4057-ba2b-5171c3a8bea7]
2026-10-03 12:14:00 [WebSocketWorker-17] INFO  c.t.t.t.p.socket.room.RoomManager - Broadcast sent. [RoomId=efb45369-7338-4dfd-9a36-a5ddf1ec682e] [Recipients=2]
2026-10-03 12:14:11 [WebSocketSelector-29] INFO  c.t.t.t.p.s.c.ConnectionManager - Getting connection by websocket
2026-10-03 12:14:11 [WebSocketSelector-29] INFO  c.t.t.t.p.s.c.ConnectionManager - Got connection by websocket. [connectionId=2f1059f3-caec-47d7-ae1d-2d12e9a3763b] [userId=64f51ab2-6a09-44f6-8606-bf4a0718d920]
2026-10-03 12:14:11 [WebSocketSelector-29] INFO  c.t.t.t.p.s.c.ConnectionManager - Connection removed successfully. [connectionId=2f1059f3-caec-47d7-ae1d-2d12e9a3763b] [userId=64f51ab2-6a09-44f6-8606-bf4a0718d920]
2026-10-03 12:14:11 [WebSocketSelector-29] INFO  c.t.t.t.p.socket.room.RoomManager - User left room. [RoomId=efb45369-7338-4dfd-9a36-a5ddf1ec682e] [UserId=64f51ab2-6a09-44f6-8606-bf4a0718d920] [TotalUsers=1]
2026-10-03 12:14:11 [WebSocketSelector-29] INFO  c.t.t.t.i.p.j.r.RoomPlayerJpaRepository - RoomPlayer deleted successfully. [RoomPlayerId=160832ca-42f3-4594-88c2-9d1ce1b4e324]
2026-10-03 12:14:11 [WebSocketSelector-29] INFO  c.t.t.t.p.s.c.ConnectionManager - Sending message on broadcast
2026-10-03 12:14:11 [WebSocketSelector-29] INFO  c.t.t.t.p.s.c.ConnectionManager - Send message to connection. [connectionId=5e859082-42b5-488a-8773-fb1d3bced8a2] [userId=5b2bd98b-40da-412d-83b8-14833b48f537]
2026-10-03 12:14:11 [WebSocketSelector-29] INFO  c.t.t.t.p.s.c.ConnectionManager - Send message to connection. [connectionId=43817e58-82fe-40e1-b85b-eeecff00e45e] [userId=a9876944-0518-4057-ba2b-5171c3a8bea7]
2026-10-03 12:14:11 [WebSocketSelector-29] INFO  c.t.t.t.p.s.c.ConnectionManager - Getting connection by userId. [userId=64f51ab2-6a09-44f6-8606-bf4a0718d920]
2026-10-03 12:14:11 [WebSocketSelector-29] WARN  c.t.t.t.p.s.c.ConnectionManager - Not found connection by userId
2026-10-03 12:14:11 [WebSocketSelector-29] WARN  c.t.t.t.p.s.e.h.InfoRoomHandler - User has no active connection. [userId=64f51ab2-6a09-44f6-8606-bf4a0718d920]
2026-10-03 12:14:11 [WebSocketSelector-29] ERROR c.t.t.t.p.socket.SocketServer - WebSocket error.
java.lang.RuntimeException: Connection not found for user
	at com.tic.tac.toe.presentation.socket.event.handlers.InfoRoomHandler.handle(InfoRoomHandler.java:45)
	at com.tic.tac.toe.presentation.socket.event.handlers.InfoRoomHandler.handle(InfoRoomHandler.java:19)
	at com.tic.tac.toe.application.event.EventDispatcher.dispatch(EventDispatcher.java:28)
	at com.tic.tac.toe.application.event.EventDispatcher.publish(EventDispatcher.java:15)
	at com.tic.tac.toe.presentation.socket.SocketServer.onClose(SocketServer.java:112)
	at org.java_websocket.server.WebSocketServer.onWebsocketClose(WebSocketServer.java:784)
	at org.java_websocket.WebSocketImpl.closeConnection(WebSocketImpl.java:557)
	at org.java_websocket.WebSocketImpl.closeConnection(WebSocketImpl.java:577)
	at org.java_websocket.SocketChannelIOHelper.batch(SocketChannelIOHelper.java:112)
	at org.java_websocket.server.WebSocketServer.doWrite(WebSocketServer.java:586)
	at org.java_websocket.server.WebSocketServer.run(WebSocketServer.java:443)
	at java.lang.Thread.run(Thread.java:750)
2026-10-03 12:16:09 [WebSocketWorker-17] INFO  c.t.t.t.p.s.c.ConnectionManager - Getting connection by websocket
2026-10-03 12:16:09 [WebSocketWorker-17] INFO  c.t.t.t.p.s.c.ConnectionManager - Got connection by websocket. [connectionId=43817e58-82fe-40e1-b85b-eeecff00e45e] [userId=a9876944-0518-4057-ba2b-5171c3a8bea7]
2026-10-03 12:16:09 [WebSocketWorker-17] INFO  c.t.t.t.p.s.c.ConnectionManager - Getting connection by userId. [userId=a9876944-0518-4057-ba2b-5171c3a8bea7]
2026-10-03 12:16:09 [WebSocketWorker-17] INFO  c.t.t.t.p.s.c.ConnectionManager - Got connection by userId. [connectionId=43817e58-82fe-40e1-b85b-eeecff00e45e] [userId=a9876944-0518-4057-ba2b-5171c3a8bea7]
2026-10-03 12:16:09 [WebSocketWorker-17] INFO  c.t.t.t.p.socket.room.RoomManager - Broadcast sent. [RoomId=efb45369-7338-4dfd-9a36-a5ddf1ec682e] [Recipients=1]
2026-10-03 12:16:13 [WebSocketSelector-29] INFO  c.t.t.t.p.s.c.ConnectionManager - Getting connection by websocket
2026-10-03 12:16:14 [WebSocketSelector-29] INFO  c.t.t.t.p.s.c.ConnectionManager - Got connection by websocket. [connectionId=43817e58-82fe-40e1-b85b-eeecff00e45e] [userId=a9876944-0518-4057-ba2b-5171c3a8bea7]
2026-10-03 12:16:14 [WebSocketSelector-29] INFO  c.t.t.t.p.s.c.ConnectionManager - Connection removed successfully. [connectionId=43817e58-82fe-40e1-b85b-eeecff00e45e] [userId=a9876944-0518-4057-ba2b-5171c3a8bea7]
2026-10-03 12:16:14 [WebSocketSelector-29] INFO  c.t.t.t.p.socket.room.RoomManager - User left room. [RoomId=efb45369-7338-4dfd-9a36-a5ddf1ec682e] [UserId=a9876944-0518-4057-ba2b-5171c3a8bea7] [TotalUsers=0]
2026-10-03 12:16:14 [WebSocketSelector-29] INFO  c.t.t.t.i.p.j.r.RoomPlayerJpaRepository - RoomPlayer deleted successfully. [RoomPlayerId=adbb15d1-bf10-4e4a-8c55-acd0134d4098]
2026-10-03 12:16:14 [WebSocketSelector-29] INFO  c.t.t.t.p.socket.room.RoomManager - Room removed by id. [RoomId=efb45369-7338-4dfd-9a36-a5ddf1ec682e] [TotalRooms=0]
2026-10-03 12:16:14 [WebSocketSelector-29] INFO  c.t.t.t.i.p.j.r.RoomJpaRepository - Room deleted successfully. [RoomId=efb45369-7338-4dfd-9a36-a5ddf1ec682e]
2026-10-03 12:16:14 [WebSocketSelector-29] INFO  c.t.t.t.a.service.RoomServiceImpl - Room deleted. [roomId=efb45369-7338-4dfd-9a36-a5ddf1ec682e]
2026-10-03 12:16:14 [WebSocketSelector-29] INFO  c.t.t.t.p.s.c.ConnectionManager - Sending message on broadcast
2026-10-03 12:16:14 [WebSocketSelector-29] INFO  c.t.t.t.p.s.c.ConnectionManager - Send message to connection. [connectionId=5e859082-42b5-488a-8773-fb1d3bced8a2] [userId=5b2bd98b-40da-412d-83b8-14833b48f537]
2026-10-03 12:16:14 [WebSocketSelector-29] WARN  c.t.t.t.p.socket.SocketServer - Close connection. [connectionId=43817e58-82fe-40e1-b85b-eeecff00e45e] [userId=a9876944-0518-4057-ba2b-5171c3a8bea7] [code=1000] [reason=Client initiated close]
2026-10-03 12:17:21 [main] INFO  c.t.t.t.i.config.Environment - Instance Environment initialized. [InstanceId=1516369375]
2026-10-03 12:17:21 [main] INFO  c.t.t.t.i.security.JwtService - Instance JwtService initialized. [InstanceId=1576861390]
2026-10-03 12:17:22 [main] INFO  c.t.t.t.i.persistence.jpa.JpaUtil - Instance JpaUtil initialized. [InstanceId=1156304131]
2026-10-03 12:17:22 [main] INFO  c.t.t.t.i.p.j.r.UserJpaRepository - Instance UserJpaRepository initialized. [InstanceId=1766505436]
2026-10-03 12:17:22 [main] INFO  c.t.t.t.i.p.j.r.RoomJpaRepository - Instance RoomJpaRepository initialized. [InstanceId=771775563]
2026-10-03 12:17:22 [main] INFO  c.t.t.t.i.p.j.r.RoomPlayerJpaRepository - Instance RoomPlayerJpaRepository initialized. [InstanceId=1164440413]
2026-10-03 12:17:22 [main] INFO  c.t.t.t.a.service.AuthServiceImpl - Instance AuthServiceImpl initialized. [InstanceId=1610525991]
2026-10-03 12:17:22 [main] INFO  c.t.t.t.a.service.UserServiceImpl - Instance UserServiceImpl initialized. [InstanceId=1666607455]
2026-10-03 12:17:22 [main] INFO  c.t.t.t.a.service.RoomServiceImpl - Instance RoomServiceImpl initialized. [InstanceId=1327006586]
2026-10-03 12:17:22 [main] INFO  c.t.t.t.a.s.RoomPlayerServiceImpl - Instance RoomPlayerServiceImpl initialized. [InstanceId=899644639]
2026-10-03 12:17:22 [main] INFO  c.t.t.t.p.h.m.AuthorizedHttpMiddleware - Instance AuthorizedHttpMiddleware initialized. [InstanceId=530737374]
2026-10-03 12:17:22 [main] INFO  c.t.t.t.p.h.c.AuthController - Instance AuthController initialized. [InstanceId=1332668132]
2026-10-03 12:17:22 [main] INFO  c.t.t.t.p.s.m.AuthorizedSocketMiddleware - Instance AuthorizedSocketMiddleware initialized. [InstanceId=1147580192]
2026-10-03 12:17:22 [main] INFO  c.t.t.t.p.s.c.ConnectionManager - Instance ConnectionManager initialized. [InstanceId=173099767]
2026-10-03 12:17:22 [main] INFO  c.t.t.t.p.socket.room.RoomManager - Instance RoomManager initialized. [InstanceId=112797691]
2026-10-03 12:17:22 [main] INFO  c.t.t.t.p.s.e.ExceptionSocketHandler - Instance ExceptionSocketHandler initialized. [InstanceId=1902237905]
2026-10-03 12:17:22 [main] INFO  c.t.t.t.p.s.e.h.GlobalMessageHandler - Instance GlobalMessageHandler initialized. [InstanceId=1715248762]
2026-10-03 12:17:22 [main] INFO  c.t.t.t.p.s.e.h.RoomsByStatusHandler - Instance RoomsByStatusHandler initialized. [InstanceId=2035616217]
2026-10-03 12:17:22 [main] INFO  c.t.t.t.p.s.e.h.CreateRoomHandler - Instance CreateRoomHandler initialized. [InstanceId=1363793720]
2026-10-03 12:17:22 [main] INFO  c.t.t.t.p.s.e.h.MessageRoomHandler - Instance MessageRoomHandler initialized. [InstanceId=980697799]
2026-10-03 12:17:22 [main] INFO  c.t.t.t.p.s.e.h.JoinRoomHandler - Instance JoinRoomHandler initialized. [InstanceId=1418555530]
2026-10-03 12:17:22 [main] INFO  c.t.t.t.p.s.e.h.InfoRoomHandler - Instance InfoRoomHandler initialized. [InstanceId=1408974251]
2026-10-03 12:17:22 [WebSocketSelector-29] INFO  c.t.t.t.p.socket.SocketServer - WebSocketServer started successfully. [port=8081] [url=ws://localhost:8081]
2026-10-03 12:17:22 [main] INFO  org.eclipse.jetty.util.log - Logging initialized @1072ms to org.eclipse.jetty.util.log.Slf4jLog
2026-10-03 12:17:22 [main] INFO  io.javalin.Javalin - Starting Javalin ...
2026-10-03 12:17:22 [main] INFO  io.javalin.Javalin - You are running Javalin 4.6.8 (released May 4, 2023. Your Javalin version is 1248 days old. Consider checking for a newer version.).
2026-10-03 12:17:22 [main] INFO  io.javalin.Javalin - Listening on http://localhost:8080/
2026-10-03 12:17:22 [main] INFO  io.javalin.Javalin - Javalin started in 138ms \o/
2026-10-03 12:17:22 [main] INFO  c.t.t.t.presentation.http.HttpServer - Instance HttpServer initialized.
2026-10-03 12:17:22 [main] INFO  c.t.t.t.presentation.http.HttpServer - HttpServer started successfully. [port=8080] [url=http://localhost:8080]
2026-10-03 12:17:22 [main] INFO  com.tic.tac.toe.Application - Started Application
2026-10-03 12:17:25 [WebSocketWorker-17] INFO  c.t.t.t.p.s.c.ConnectionManager - A connection added on manager. [connectionId=caa67826-b1a2-4f54-9728-de29fed034f0] [userId=a9876944-0518-4057-ba2b-5171c3a8bea7]
2026-10-03 12:17:27 [WebSocketWorker-18] INFO  c.t.t.t.p.s.c.ConnectionManager - A connection added on manager. [connectionId=5db326dd-2242-4bc4-a76c-703a659dafda] [userId=64f51ab2-6a09-44f6-8606-bf4a0718d920]
2026-10-03 12:17:30 [WebSocketWorker-17] INFO  c.t.t.t.p.s.c.ConnectionManager - Getting connection by websocket
2026-10-03 12:17:30 [WebSocketWorker-17] INFO  c.t.t.t.p.s.c.ConnectionManager - Got connection by websocket. [connectionId=caa67826-b1a2-4f54-9728-de29fed034f0] [userId=a9876944-0518-4057-ba2b-5171c3a8bea7]
2026-10-03 12:17:30 [WebSocketWorker-17] INFO  c.t.t.t.p.s.c.ConnectionManager - Getting connection by userId. [userId=a9876944-0518-4057-ba2b-5171c3a8bea7]
2026-10-03 12:17:30 [WebSocketWorker-17] INFO  c.t.t.t.p.s.c.ConnectionManager - Got connection by userId. [connectionId=caa67826-b1a2-4f54-9728-de29fed034f0] [userId=a9876944-0518-4057-ba2b-5171c3a8bea7]
2026-10-03 12:17:30 [WebSocketWorker-17] INFO  c.t.t.t.i.p.j.r.RoomJpaRepository - Room saved successfully. [RoomId=20eb1004-1dcb-482f-bdfd-cf876a7325ef]
2026-10-03 12:17:30 [WebSocketWorker-17] INFO  c.t.t.t.a.service.RoomServiceImpl - Room created. [roomId=20eb1004-1dcb-482f-bdfd-cf876a7325ef] [ownerId=a9876944-0518-4057-ba2b-5171c3a8bea7]
2026-10-03 12:17:30 [WebSocketWorker-17] INFO  c.t.t.t.p.socket.room.RoomManager - Room created. [RoomId=20eb1004-1dcb-482f-bdfd-cf876a7325ef] [TotalRooms=1]
2026-10-03 12:17:30 [WebSocketWorker-17] INFO  c.t.t.t.p.socket.room.RoomManager - User joined room. [RoomId=20eb1004-1dcb-482f-bdfd-cf876a7325ef] [UserId=a9876944-0518-4057-ba2b-5171c3a8bea7] [TotalUsers=1]
2026-10-03 12:17:30 [WebSocketWorker-17] INFO  c.t.t.t.p.socket.room.RoomManager - Broadcast sent. [RoomId=20eb1004-1dcb-482f-bdfd-cf876a7325ef] [Recipients=1]
2026-10-03 12:17:30 [WebSocketWorker-17] INFO  c.t.t.t.p.s.c.ConnectionManager - Sending message on broadcast
2026-10-03 12:17:30 [WebSocketWorker-17] INFO  c.t.t.t.p.s.c.ConnectionManager - Send message to connection. [connectionId=caa67826-b1a2-4f54-9728-de29fed034f0] [userId=a9876944-0518-4057-ba2b-5171c3a8bea7]
2026-10-03 12:17:30 [WebSocketWorker-17] INFO  c.t.t.t.p.s.c.ConnectionManager - Send message to connection. [connectionId=5db326dd-2242-4bc4-a76c-703a659dafda] [userId=64f51ab2-6a09-44f6-8606-bf4a0718d920]
2026-10-03 12:17:30 [WebSocketWorker-17] INFO  c.t.t.t.p.s.c.ConnectionManager - Getting connection by userId. [userId=a9876944-0518-4057-ba2b-5171c3a8bea7]
2026-10-03 12:17:30 [WebSocketWorker-17] INFO  c.t.t.t.p.s.c.ConnectionManager - Got connection by userId. [connectionId=caa67826-b1a2-4f54-9728-de29fed034f0] [userId=a9876944-0518-4057-ba2b-5171c3a8bea7]
2026-10-03 12:17:30 [WebSocketWorker-17] INFO  c.t.t.t.p.socket.room.RoomManager - Broadcast sent. [RoomId=20eb1004-1dcb-482f-bdfd-cf876a7325ef] [Recipients=1]
2026-10-03 12:17:30 [WebSocketWorker-17] INFO  c.t.t.t.p.s.e.h.CreateRoomHandler - Room created and owner joined. [roomId=20eb1004-1dcb-482f-bdfd-cf876a7325ef] [ownerId=a9876944-0518-4057-ba2b-5171c3a8bea7]
2026-10-03 12:17:44 [WebSocketWorker-18] INFO  c.t.t.t.p.s.c.ConnectionManager - Getting connection by websocket
2026-10-03 12:17:44 [WebSocketWorker-18] INFO  c.t.t.t.p.s.c.ConnectionManager - Got connection by websocket. [connectionId=5db326dd-2242-4bc4-a76c-703a659dafda] [userId=64f51ab2-6a09-44f6-8606-bf4a0718d920]
2026-10-03 12:17:44 [WebSocketWorker-18] INFO  c.t.t.t.p.s.c.ConnectionManager - Getting connection by userId. [userId=64f51ab2-6a09-44f6-8606-bf4a0718d920]
2026-10-03 12:17:44 [WebSocketWorker-18] INFO  c.t.t.t.p.s.c.ConnectionManager - Got connection by userId. [connectionId=5db326dd-2242-4bc4-a76c-703a659dafda] [userId=64f51ab2-6a09-44f6-8606-bf4a0718d920]
2026-10-03 12:17:44 [WebSocketWorker-18] INFO  c.t.t.t.a.s.RoomPlayerServiceImpl - RoomPlayer created. [roomPlayerId=00676650-07d3-4a4f-b48f-b3fdfee81b3e]
2026-10-03 12:17:44 [WebSocketWorker-18] INFO  c.t.t.t.p.socket.room.RoomManager - User joined room. [RoomId=20eb1004-1dcb-482f-bdfd-cf876a7325ef] [UserId=64f51ab2-6a09-44f6-8606-bf4a0718d920] [TotalUsers=2]
2026-10-03 12:17:44 [WebSocketWorker-18] INFO  c.t.t.t.p.s.c.ConnectionManager - Sending message on broadcast
2026-10-03 12:17:44 [WebSocketWorker-18] INFO  c.t.t.t.p.s.c.ConnectionManager - Send message to connection. [connectionId=caa67826-b1a2-4f54-9728-de29fed034f0] [userId=a9876944-0518-4057-ba2b-5171c3a8bea7]
2026-10-03 12:17:44 [WebSocketWorker-18] INFO  c.t.t.t.p.s.c.ConnectionManager - Send message to connection. [connectionId=5db326dd-2242-4bc4-a76c-703a659dafda] [userId=64f51ab2-6a09-44f6-8606-bf4a0718d920]
2026-10-03 12:17:44 [WebSocketWorker-18] INFO  c.t.t.t.p.s.c.ConnectionManager - Getting connection by userId. [userId=64f51ab2-6a09-44f6-8606-bf4a0718d920]
2026-10-03 12:17:44 [WebSocketWorker-18] INFO  c.t.t.t.p.s.c.ConnectionManager - Got connection by userId. [connectionId=5db326dd-2242-4bc4-a76c-703a659dafda] [userId=64f51ab2-6a09-44f6-8606-bf4a0718d920]
2026-10-03 12:17:44 [WebSocketWorker-18] INFO  c.t.t.t.p.socket.room.RoomManager - Broadcast sent. [RoomId=20eb1004-1dcb-482f-bdfd-cf876a7325ef] [Recipients=2]
2026-10-03 12:17:53 [WebSocketSelector-29] INFO  c.t.t.t.p.s.c.ConnectionManager - Getting connection by websocket
2026-10-03 12:17:53 [WebSocketSelector-29] INFO  c.t.t.t.p.s.c.ConnectionManager - Got connection by websocket. [connectionId=5db326dd-2242-4bc4-a76c-703a659dafda] [userId=64f51ab2-6a09-44f6-8606-bf4a0718d920]
2026-10-03 12:17:53 [WebSocketSelector-29] INFO  c.t.t.t.p.s.c.ConnectionManager - Connection removed successfully. [connectionId=5db326dd-2242-4bc4-a76c-703a659dafda] [userId=64f51ab2-6a09-44f6-8606-bf4a0718d920]
2026-10-03 12:17:53 [WebSocketSelector-29] INFO  c.t.t.t.p.socket.room.RoomManager - User left room. [RoomId=20eb1004-1dcb-482f-bdfd-cf876a7325ef] [UserId=64f51ab2-6a09-44f6-8606-bf4a0718d920] [TotalUsers=1]
2026-10-03 12:17:53 [WebSocketSelector-29] INFO  c.t.t.t.i.p.j.r.RoomPlayerJpaRepository - RoomPlayer deleted successfully. [RoomPlayerId=00676650-07d3-4a4f-b48f-b3fdfee81b3e]
2026-10-03 12:17:53 [WebSocketSelector-29] INFO  c.t.t.t.p.s.c.ConnectionManager - Sending message on broadcast
2026-10-03 12:17:53 [WebSocketSelector-29] INFO  c.t.t.t.p.s.c.ConnectionManager - Send message to connection. [connectionId=caa67826-b1a2-4f54-9728-de29fed034f0] [userId=a9876944-0518-4057-ba2b-5171c3a8bea7]
2026-10-03 12:17:53 [WebSocketSelector-29] INFO  c.t.t.t.p.s.c.ConnectionManager - Getting connection by userId. [userId=64f51ab2-6a09-44f6-8606-bf4a0718d920]
2026-10-03 12:17:53 [WebSocketSelector-29] WARN  c.t.t.t.p.s.c.ConnectionManager - Not found connection by userId
2026-10-03 12:17:53 [WebSocketSelector-29] WARN  c.t.t.t.p.s.e.h.InfoRoomHandler - User has no active connection. [userId=64f51ab2-6a09-44f6-8606-bf4a0718d920]
2026-10-03 12:17:53 [WebSocketSelector-29] ERROR c.t.t.t.p.socket.SocketServer - WebSocket error.
java.lang.RuntimeException: Connection not found for user
	at com.tic.tac.toe.presentation.socket.event.handlers.InfoRoomHandler.handle(InfoRoomHandler.java:45)
	at com.tic.tac.toe.presentation.socket.event.handlers.InfoRoomHandler.handle(InfoRoomHandler.java:19)
	at com.tic.tac.toe.application.event.EventDispatcher.dispatch(EventDispatcher.java:28)
	at com.tic.tac.toe.application.event.EventDispatcher.publish(EventDispatcher.java:15)
	at com.tic.tac.toe.presentation.socket.SocketServer.onClose(SocketServer.java:112)
	at org.java_websocket.server.WebSocketServer.onWebsocketClose(WebSocketServer.java:784)
	at org.java_websocket.WebSocketImpl.closeConnection(WebSocketImpl.java:557)
	at org.java_websocket.WebSocketImpl.closeConnection(WebSocketImpl.java:577)
	at org.java_websocket.SocketChannelIOHelper.batch(SocketChannelIOHelper.java:112)
	at org.java_websocket.server.WebSocketServer.doWrite(WebSocketServer.java:586)
	at org.java_websocket.server.WebSocketServer.run(WebSocketServer.java:443)
	at java.lang.Thread.run(Thread.java:750)
2026-10-03 12:18:04 [WebSocketSelector-29] INFO  c.t.t.t.p.s.c.ConnectionManager - Getting connection by websocket
2026-10-03 12:18:04 [WebSocketSelector-29] INFO  c.t.t.t.p.s.c.ConnectionManager - Got connection by websocket. [connectionId=caa67826-b1a2-4f54-9728-de29fed034f0] [userId=a9876944-0518-4057-ba2b-5171c3a8bea7]
2026-10-03 12:18:04 [WebSocketSelector-29] INFO  c.t.t.t.p.s.c.ConnectionManager - Connection removed successfully. [connectionId=caa67826-b1a2-4f54-9728-de29fed034f0] [userId=a9876944-0518-4057-ba2b-5171c3a8bea7]
2026-10-03 12:18:04 [WebSocketSelector-29] INFO  c.t.t.t.p.socket.room.RoomManager - User left room. [RoomId=20eb1004-1dcb-482f-bdfd-cf876a7325ef] [UserId=a9876944-0518-4057-ba2b-5171c3a8bea7] [TotalUsers=0]
2026-10-03 12:18:04 [WebSocketSelector-29] INFO  c.t.t.t.i.p.j.r.RoomPlayerJpaRepository - RoomPlayer deleted successfully. [RoomPlayerId=24fd7e76-c97e-4229-bb5c-cc4838e1d81a]
2026-10-03 12:18:04 [WebSocketSelector-29] INFO  c.t.t.t.p.socket.room.RoomManager - Room removed by id. [RoomId=20eb1004-1dcb-482f-bdfd-cf876a7325ef] [TotalRooms=0]
2026-10-03 12:18:04 [WebSocketSelector-29] INFO  c.t.t.t.i.p.j.r.RoomJpaRepository - Room deleted successfully. [RoomId=20eb1004-1dcb-482f-bdfd-cf876a7325ef]
2026-10-03 12:18:04 [WebSocketSelector-29] INFO  c.t.t.t.a.service.RoomServiceImpl - Room deleted. [roomId=20eb1004-1dcb-482f-bdfd-cf876a7325ef]
2026-10-03 12:18:04 [WebSocketSelector-29] INFO  c.t.t.t.p.s.c.ConnectionManager - Sending message on broadcast
2026-10-03 12:18:04 [WebSocketSelector-29] WARN  c.t.t.t.p.socket.SocketServer - Close connection. [connectionId=caa67826-b1a2-4f54-9728-de29fed034f0] [userId=a9876944-0518-4057-ba2b-5171c3a8bea7] [code=1000] [reason=Client initiated close]
2026-10-03 12:18:14 [main] INFO  c.t.t.t.i.config.Environment - Instance Environment initialized. [InstanceId=922151033]
2026-10-03 12:18:14 [main] INFO  c.t.t.t.i.security.JwtService - Instance JwtService initialized. [InstanceId=1144648478]
2026-10-03 12:18:15 [main] INFO  c.t.t.t.i.persistence.jpa.JpaUtil - Instance JpaUtil initialized. [InstanceId=842741472]
2026-10-03 12:18:15 [main] INFO  c.t.t.t.i.p.j.r.UserJpaRepository - Instance UserJpaRepository initialized. [InstanceId=1156304131]
2026-10-03 12:18:15 [main] INFO  c.t.t.t.i.p.j.r.RoomJpaRepository - Instance RoomJpaRepository initialized. [InstanceId=1766505436]
2026-10-03 12:18:15 [main] INFO  c.t.t.t.i.p.j.r.RoomPlayerJpaRepository - Instance RoomPlayerJpaRepository initialized. [InstanceId=771775563]
2026-10-03 12:18:15 [main] INFO  c.t.t.t.a.service.AuthServiceImpl - Instance AuthServiceImpl initialized. [InstanceId=1164440413]
2026-10-03 12:18:15 [main] INFO  c.t.t.t.a.service.UserServiceImpl - Instance UserServiceImpl initialized. [InstanceId=1610525991]
2026-10-03 12:18:15 [main] INFO  c.t.t.t.a.service.RoomServiceImpl - Instance RoomServiceImpl initialized. [InstanceId=1666607455]
2026-10-03 12:18:15 [main] INFO  c.t.t.t.a.s.RoomPlayerServiceImpl - Instance RoomPlayerServiceImpl initialized. [InstanceId=1327006586]
2026-10-03 12:18:15 [main] INFO  c.t.t.t.p.h.m.AuthorizedHttpMiddleware - Instance AuthorizedHttpMiddleware initialized. [InstanceId=899644639]
2026-10-03 12:18:15 [main] INFO  c.t.t.t.p.h.c.AuthController - Instance AuthController initialized. [InstanceId=530737374]
2026-10-03 12:18:15 [main] INFO  c.t.t.t.p.s.m.AuthorizedSocketMiddleware - Instance AuthorizedSocketMiddleware initialized. [InstanceId=1332668132]
2026-10-03 12:18:15 [main] INFO  c.t.t.t.p.s.c.ConnectionManager - Instance ConnectionManager initialized. [InstanceId=1147580192]
2026-10-03 12:18:15 [main] INFO  c.t.t.t.p.socket.room.RoomManager - Instance RoomManager initialized. [InstanceId=173099767]
2026-10-03 12:18:15 [main] INFO  c.t.t.t.p.s.e.ExceptionSocketHandler - Instance ExceptionSocketHandler initialized. [InstanceId=1959910454]
2026-10-03 12:18:15 [main] INFO  c.t.t.t.p.s.e.h.GlobalMessageHandler - Instance GlobalMessageHandler initialized. [InstanceId=485937598]
2026-10-03 12:18:15 [main] INFO  c.t.t.t.p.s.e.h.RoomsByStatusHandler - Instance RoomsByStatusHandler initialized. [InstanceId=434398524]
2026-10-03 12:18:15 [main] INFO  c.t.t.t.p.s.e.h.CreateRoomHandler - Instance CreateRoomHandler initialized. [InstanceId=1392794732]
2026-10-03 12:18:15 [main] INFO  c.t.t.t.p.s.e.h.MessageRoomHandler - Instance MessageRoomHandler initialized. [InstanceId=1807648168]
2026-10-03 12:18:15 [main] INFO  c.t.t.t.p.s.e.h.JoinRoomHandler - Instance JoinRoomHandler initialized. [InstanceId=1273143001]
2026-10-03 12:18:15 [main] INFO  c.t.t.t.p.s.e.h.InfoRoomHandler - Instance InfoRoomHandler initialized. [InstanceId=1258372214]
2026-10-03 12:18:15 [WebSocketSelector-29] INFO  c.t.t.t.p.socket.SocketServer - WebSocketServer started successfully. [port=8081] [url=ws://localhost:8081]
2026-10-03 12:18:15 [main] INFO  org.eclipse.jetty.util.log - Logging initialized @943ms to org.eclipse.jetty.util.log.Slf4jLog
2026-10-03 12:18:15 [main] INFO  io.javalin.Javalin - Starting Javalin ...
2026-10-03 12:18:15 [main] INFO  io.javalin.Javalin - You are running Javalin 4.6.8 (released May 4, 2023. Your Javalin version is 1248 days old. Consider checking for a newer version.).
2026-10-03 12:18:15 [main] INFO  io.javalin.Javalin - Listening on http://localhost:8080/
2026-10-03 12:18:15 [main] INFO  io.javalin.Javalin - Javalin started in 131ms \o/
2026-10-03 12:18:15 [main] INFO  c.t.t.t.presentation.http.HttpServer - Instance HttpServer initialized.
2026-10-03 12:18:15 [main] INFO  c.t.t.t.presentation.http.HttpServer - HttpServer started successfully. [port=8080] [url=http://localhost:8080]
2026-10-03 12:18:15 [main] INFO  com.tic.tac.toe.Application - Started Application
2026-10-03 12:18:19 [WebSocketWorker-17] INFO  c.t.t.t.p.s.c.ConnectionManager - A connection added on manager. [connectionId=bed89f00-6fc7-45a3-9f48-7d17d3817bc1] [userId=a9876944-0518-4057-ba2b-5171c3a8bea7]
2026-10-03 12:18:22 [WebSocketWorker-18] INFO  c.t.t.t.p.s.c.ConnectionManager - A connection added on manager. [connectionId=23877854-9691-4900-8991-fe39f31ba874] [userId=64f51ab2-6a09-44f6-8606-bf4a0718d920]
2026-10-03 12:18:25 [WebSocketWorker-17] INFO  c.t.t.t.p.s.c.ConnectionManager - Getting connection by websocket
2026-10-03 12:18:25 [WebSocketWorker-17] INFO  c.t.t.t.p.s.c.ConnectionManager - Got connection by websocket. [connectionId=bed89f00-6fc7-45a3-9f48-7d17d3817bc1] [userId=a9876944-0518-4057-ba2b-5171c3a8bea7]
2026-10-03 12:18:25 [WebSocketWorker-17] INFO  c.t.t.t.p.s.c.ConnectionManager - Getting connection by userId. [userId=a9876944-0518-4057-ba2b-5171c3a8bea7]
2026-10-03 12:18:25 [WebSocketWorker-17] INFO  c.t.t.t.p.s.c.ConnectionManager - Got connection by userId. [connectionId=bed89f00-6fc7-45a3-9f48-7d17d3817bc1] [userId=a9876944-0518-4057-ba2b-5171c3a8bea7]
2026-10-03 12:18:25 [WebSocketWorker-17] INFO  c.t.t.t.i.p.j.r.RoomJpaRepository - Room saved successfully. [RoomId=e9902f9d-cc48-4b73-8ae2-8dfafdfb1d09]
2026-10-03 12:18:25 [WebSocketWorker-17] INFO  c.t.t.t.a.service.RoomServiceImpl - Room created. [roomId=e9902f9d-cc48-4b73-8ae2-8dfafdfb1d09] [ownerId=a9876944-0518-4057-ba2b-5171c3a8bea7]
2026-10-03 12:18:25 [WebSocketWorker-17] INFO  c.t.t.t.p.socket.room.RoomManager - Room created. [RoomId=e9902f9d-cc48-4b73-8ae2-8dfafdfb1d09] [TotalRooms=1]
2026-10-03 12:18:25 [WebSocketWorker-17] INFO  c.t.t.t.p.socket.room.RoomManager - User joined room. [RoomId=e9902f9d-cc48-4b73-8ae2-8dfafdfb1d09] [UserId=a9876944-0518-4057-ba2b-5171c3a8bea7] [TotalUsers=1]
2026-10-03 12:18:25 [WebSocketWorker-17] INFO  c.t.t.t.p.socket.room.RoomManager - Broadcast sent. [RoomId=e9902f9d-cc48-4b73-8ae2-8dfafdfb1d09] [Recipients=1]
2026-10-03 12:18:26 [WebSocketWorker-17] INFO  c.t.t.t.p.s.c.ConnectionManager - Sending message on broadcast
2026-10-03 12:18:26 [WebSocketWorker-17] INFO  c.t.t.t.p.s.c.ConnectionManager - Send message to connection. [connectionId=bed89f00-6fc7-45a3-9f48-7d17d3817bc1] [userId=a9876944-0518-4057-ba2b-5171c3a8bea7]
2026-10-03 12:18:26 [WebSocketWorker-17] INFO  c.t.t.t.p.s.c.ConnectionManager - Send message to connection. [connectionId=23877854-9691-4900-8991-fe39f31ba874] [userId=64f51ab2-6a09-44f6-8606-bf4a0718d920]
2026-10-03 12:18:26 [WebSocketWorker-17] INFO  c.t.t.t.p.s.c.ConnectionManager - Getting connection by userId. [userId=a9876944-0518-4057-ba2b-5171c3a8bea7]
2026-10-03 12:18:26 [WebSocketWorker-17] INFO  c.t.t.t.p.s.c.ConnectionManager - Got connection by userId. [connectionId=bed89f00-6fc7-45a3-9f48-7d17d3817bc1] [userId=a9876944-0518-4057-ba2b-5171c3a8bea7]
2026-10-03 12:18:26 [WebSocketWorker-17] INFO  c.t.t.t.p.socket.room.RoomManager - Broadcast sent. [RoomId=e9902f9d-cc48-4b73-8ae2-8dfafdfb1d09] [Recipients=1]
2026-10-03 12:18:26 [WebSocketWorker-17] INFO  c.t.t.t.p.s.e.h.CreateRoomHandler - Room created and owner joined. [roomId=e9902f9d-cc48-4b73-8ae2-8dfafdfb1d09] [ownerId=a9876944-0518-4057-ba2b-5171c3a8bea7]
2026-10-03 12:18:35 [WebSocketWorker-18] INFO  c.t.t.t.p.s.c.ConnectionManager - Getting connection by websocket
2026-10-03 12:18:35 [WebSocketWorker-18] INFO  c.t.t.t.p.s.c.ConnectionManager - Got connection by websocket. [connectionId=23877854-9691-4900-8991-fe39f31ba874] [userId=64f51ab2-6a09-44f6-8606-bf4a0718d920]
2026-10-03 12:18:35 [WebSocketWorker-18] INFO  c.t.t.t.p.s.c.ConnectionManager - Getting connection by userId. [userId=64f51ab2-6a09-44f6-8606-bf4a0718d920]
2026-10-03 12:18:35 [WebSocketWorker-18] INFO  c.t.t.t.p.s.c.ConnectionManager - Got connection by userId. [connectionId=23877854-9691-4900-8991-fe39f31ba874] [userId=64f51ab2-6a09-44f6-8606-bf4a0718d920]
2026-10-03 12:18:35 [WebSocketWorker-18] INFO  c.t.t.t.a.s.RoomPlayerServiceImpl - RoomPlayer created. [roomPlayerId=26d966e6-1b95-464e-a458-56c311c06425]
2026-10-03 12:18:35 [WebSocketWorker-18] INFO  c.t.t.t.p.socket.room.RoomManager - User joined room. [RoomId=e9902f9d-cc48-4b73-8ae2-8dfafdfb1d09] [UserId=64f51ab2-6a09-44f6-8606-bf4a0718d920] [TotalUsers=2]
2026-10-03 12:18:35 [WebSocketWorker-18] INFO  c.t.t.t.p.s.c.ConnectionManager - Sending message on broadcast
2026-10-03 12:18:35 [WebSocketWorker-18] INFO  c.t.t.t.p.s.c.ConnectionManager - Send message to connection. [connectionId=bed89f00-6fc7-45a3-9f48-7d17d3817bc1] [userId=a9876944-0518-4057-ba2b-5171c3a8bea7]
2026-10-03 12:18:35 [WebSocketWorker-18] INFO  c.t.t.t.p.s.c.ConnectionManager - Send message to connection. [connectionId=23877854-9691-4900-8991-fe39f31ba874] [userId=64f51ab2-6a09-44f6-8606-bf4a0718d920]
2026-10-03 12:18:35 [WebSocketWorker-18] INFO  c.t.t.t.p.s.c.ConnectionManager - Getting connection by userId. [userId=64f51ab2-6a09-44f6-8606-bf4a0718d920]
2026-10-03 12:18:35 [WebSocketWorker-18] INFO  c.t.t.t.p.s.c.ConnectionManager - Got connection by userId. [connectionId=23877854-9691-4900-8991-fe39f31ba874] [userId=64f51ab2-6a09-44f6-8606-bf4a0718d920]
2026-10-03 12:18:35 [WebSocketWorker-18] INFO  c.t.t.t.p.socket.room.RoomManager - Broadcast sent. [RoomId=e9902f9d-cc48-4b73-8ae2-8dfafdfb1d09] [Recipients=2]
2026-10-03 12:18:39 [WebSocketSelector-29] INFO  c.t.t.t.p.s.c.ConnectionManager - Getting connection by websocket
2026-10-03 12:18:39 [WebSocketSelector-29] INFO  c.t.t.t.p.s.c.ConnectionManager - Got connection by websocket. [connectionId=23877854-9691-4900-8991-fe39f31ba874] [userId=64f51ab2-6a09-44f6-8606-bf4a0718d920]
2026-10-03 12:18:39 [WebSocketSelector-29] INFO  c.t.t.t.p.s.c.ConnectionManager - Connection removed successfully. [connectionId=23877854-9691-4900-8991-fe39f31ba874] [userId=64f51ab2-6a09-44f6-8606-bf4a0718d920]
2026-10-03 12:18:39 [WebSocketSelector-29] INFO  c.t.t.t.p.socket.room.RoomManager - User left room. [RoomId=e9902f9d-cc48-4b73-8ae2-8dfafdfb1d09] [UserId=64f51ab2-6a09-44f6-8606-bf4a0718d920] [TotalUsers=1]
2026-10-03 12:18:39 [WebSocketSelector-29] INFO  c.t.t.t.i.p.j.r.RoomPlayerJpaRepository - RoomPlayer deleted successfully. [RoomPlayerId=26d966e6-1b95-464e-a458-56c311c06425]
2026-10-03 12:18:39 [WebSocketSelector-29] INFO  c.t.t.t.p.s.c.ConnectionManager - Sending message on broadcast
2026-10-03 12:18:39 [WebSocketSelector-29] INFO  c.t.t.t.p.s.c.ConnectionManager - Send message to connection. [connectionId=bed89f00-6fc7-45a3-9f48-7d17d3817bc1] [userId=a9876944-0518-4057-ba2b-5171c3a8bea7]
2026-10-03 12:18:39 [WebSocketSelector-29] WARN  c.t.t.t.p.socket.SocketServer - Close connection. [connectionId=23877854-9691-4900-8991-fe39f31ba874] [userId=64f51ab2-6a09-44f6-8606-bf4a0718d920] [code=1000] [reason=Client initiated close]
2026-10-03 12:18:46 [WebSocketSelector-29] INFO  c.t.t.t.p.s.c.ConnectionManager - Getting connection by websocket
2026-10-03 12:18:46 [WebSocketSelector-29] INFO  c.t.t.t.p.s.c.ConnectionManager - Got connection by websocket. [connectionId=bed89f00-6fc7-45a3-9f48-7d17d3817bc1] [userId=a9876944-0518-4057-ba2b-5171c3a8bea7]
2026-10-03 12:18:46 [WebSocketSelector-29] INFO  c.t.t.t.p.s.c.ConnectionManager - Connection removed successfully. [connectionId=bed89f00-6fc7-45a3-9f48-7d17d3817bc1] [userId=a9876944-0518-4057-ba2b-5171c3a8bea7]
2026-10-03 12:18:46 [WebSocketSelector-29] INFO  c.t.t.t.p.socket.room.RoomManager - User left room. [RoomId=e9902f9d-cc48-4b73-8ae2-8dfafdfb1d09] [UserId=a9876944-0518-4057-ba2b-5171c3a8bea7] [TotalUsers=0]
2026-10-03 12:18:46 [WebSocketSelector-29] INFO  c.t.t.t.i.p.j.r.RoomPlayerJpaRepository - RoomPlayer deleted successfully. [RoomPlayerId=908d00ad-6dcf-488d-ae93-3f375951f6be]
2026-10-03 12:18:46 [WebSocketSelector-29] INFO  c.t.t.t.p.socket.room.RoomManager - Room removed by id. [RoomId=e9902f9d-cc48-4b73-8ae2-8dfafdfb1d09] [TotalRooms=0]
2026-10-03 12:18:46 [WebSocketSelector-29] INFO  c.t.t.t.i.p.j.r.RoomJpaRepository - Room deleted successfully. [RoomId=e9902f9d-cc48-4b73-8ae2-8dfafdfb1d09]
2026-10-03 12:18:46 [WebSocketSelector-29] INFO  c.t.t.t.a.service.RoomServiceImpl - Room deleted. [roomId=e9902f9d-cc48-4b73-8ae2-8dfafdfb1d09]
2026-10-03 12:18:46 [WebSocketSelector-29] INFO  c.t.t.t.p.s.c.ConnectionManager - Sending message on broadcast
2026-10-03 12:18:46 [WebSocketSelector-29] INFO  c.t.t.t.p.s.c.ConnectionManager - Getting connection by userId. [userId=a9876944-0518-4057-ba2b-5171c3a8bea7]
2026-10-03 12:18:46 [WebSocketSelector-29] WARN  c.t.t.t.p.s.c.ConnectionManager - Not found connection by userId
2026-10-03 12:18:46 [WebSocketSelector-29] WARN  c.t.t.t.p.s.e.h.InfoRoomHandler - User has no active connection. [userId=a9876944-0518-4057-ba2b-5171c3a8bea7]
2026-10-03 12:18:46 [WebSocketSelector-29] ERROR c.t.t.t.p.socket.SocketServer - WebSocket error.
java.lang.RuntimeException: Connection not found for user
	at com.tic.tac.toe.presentation.socket.event.handlers.InfoRoomHandler.handle(InfoRoomHandler.java:45)
	at com.tic.tac.toe.presentation.socket.event.handlers.InfoRoomHandler.handle(InfoRoomHandler.java:19)
	at com.tic.tac.toe.application.event.EventDispatcher.dispatch(EventDispatcher.java:28)
	at com.tic.tac.toe.application.event.EventDispatcher.publish(EventDispatcher.java:15)
	at com.tic.tac.toe.presentation.socket.SocketServer.onClose(SocketServer.java:112)
	at org.java_websocket.server.WebSocketServer.onWebsocketClose(WebSocketServer.java:784)
	at org.java_websocket.WebSocketImpl.closeConnection(WebSocketImpl.java:557)
	at org.java_websocket.WebSocketImpl.closeConnection(WebSocketImpl.java:577)
	at org.java_websocket.SocketChannelIOHelper.batch(SocketChannelIOHelper.java:112)
	at org.java_websocket.server.WebSocketServer.doWrite(WebSocketServer.java:586)
	at org.java_websocket.server.WebSocketServer.run(WebSocketServer.java:443)
	at java.lang.Thread.run(Thread.java:750)
2026-10-03 12:21:49 [main] INFO  c.t.t.t.i.config.Environment - Instance Environment initialized. [InstanceId=922151033]
2026-10-03 12:21:49 [main] INFO  c.t.t.t.i.security.JwtService - Instance JwtService initialized. [InstanceId=1144648478]
2026-10-03 12:21:49 [main] INFO  c.t.t.t.i.persistence.jpa.JpaUtil - Instance JpaUtil initialized. [InstanceId=842741472]
2026-10-03 12:21:49 [main] INFO  c.t.t.t.i.p.j.r.UserJpaRepository - Instance UserJpaRepository initialized. [InstanceId=1156304131]
2026-10-03 12:21:49 [main] INFO  c.t.t.t.i.p.j.r.RoomJpaRepository - Instance RoomJpaRepository initialized. [InstanceId=1766505436]
2026-10-03 12:21:49 [main] INFO  c.t.t.t.i.p.j.r.RoomPlayerJpaRepository - Instance RoomPlayerJpaRepository initialized. [InstanceId=771775563]
2026-10-03 12:21:49 [main] INFO  c.t.t.t.a.service.AuthServiceImpl - Instance AuthServiceImpl initialized. [InstanceId=1164440413]
2026-10-03 12:21:49 [main] INFO  c.t.t.t.a.service.UserServiceImpl - Instance UserServiceImpl initialized. [InstanceId=1610525991]
2026-10-03 12:21:49 [main] INFO  c.t.t.t.a.service.RoomServiceImpl - Instance RoomServiceImpl initialized. [InstanceId=1666607455]
2026-10-03 12:21:49 [main] INFO  c.t.t.t.a.s.RoomPlayerServiceImpl - Instance RoomPlayerServiceImpl initialized. [InstanceId=1327006586]
2026-10-03 12:21:49 [main] INFO  c.t.t.t.p.h.m.AuthorizedHttpMiddleware - Instance AuthorizedHttpMiddleware initialized. [InstanceId=899644639]
2026-10-03 12:21:49 [main] INFO  c.t.t.t.p.h.c.AuthController - Instance AuthController initialized. [InstanceId=530737374]
2026-10-03 12:21:49 [main] INFO  c.t.t.t.p.s.m.AuthorizedSocketMiddleware - Instance AuthorizedSocketMiddleware initialized. [InstanceId=1332668132]
2026-10-03 12:21:49 [main] INFO  c.t.t.t.p.s.c.ConnectionManager - Instance ConnectionManager initialized. [InstanceId=1147580192]
2026-10-03 12:21:49 [main] INFO  c.t.t.t.p.socket.room.RoomManager - Instance RoomManager initialized. [InstanceId=173099767]
2026-10-03 12:21:50 [main] INFO  c.t.t.t.p.s.e.ExceptionSocketHandler - Instance ExceptionSocketHandler initialized. [InstanceId=1959910454]
2026-10-03 12:21:50 [main] INFO  c.t.t.t.p.s.e.h.GlobalMessageHandler - Instance GlobalMessageHandler initialized. [InstanceId=485937598]
2026-10-03 12:21:50 [main] INFO  c.t.t.t.p.s.e.h.RoomsByStatusHandler - Instance RoomsByStatusHandler initialized. [InstanceId=434398524]
2026-10-03 12:21:50 [main] INFO  c.t.t.t.p.s.e.h.CreateRoomHandler - Instance CreateRoomHandler initialized. [InstanceId=1392794732]
2026-10-03 12:21:50 [main] INFO  c.t.t.t.p.s.e.h.MessageRoomHandler - Instance MessageRoomHandler initialized. [InstanceId=1807648168]
2026-10-03 12:21:50 [main] INFO  c.t.t.t.p.s.e.h.JoinRoomHandler - Instance JoinRoomHandler initialized. [InstanceId=1273143001]
2026-10-03 12:21:50 [main] INFO  c.t.t.t.p.s.e.h.InfoRoomHandler - Instance InfoRoomHandler initialized. [InstanceId=1258372214]
2026-10-03 12:21:50 [WebSocketSelector-29] INFO  c.t.t.t.p.socket.SocketServer - WebSocketServer started successfully. [port=8081] [url=ws://localhost:8081]
2026-10-03 12:21:50 [main] INFO  org.eclipse.jetty.util.log - Logging initialized @932ms to org.eclipse.jetty.util.log.Slf4jLog
2026-10-03 12:21:50 [main] INFO  io.javalin.Javalin - Starting Javalin ...
2026-10-03 12:21:50 [main] INFO  io.javalin.Javalin - You are running Javalin 4.6.8 (released May 4, 2023. Your Javalin version is 1248 days old. Consider checking for a newer version.).
2026-10-03 12:21:50 [main] INFO  io.javalin.Javalin - Listening on http://localhost:8080/
2026-10-03 12:21:50 [main] INFO  io.javalin.Javalin - Javalin started in 137ms \o/
2026-10-03 12:21:50 [main] INFO  c.t.t.t.presentation.http.HttpServer - Instance HttpServer initialized.
2026-10-03 12:21:50 [main] INFO  c.t.t.t.presentation.http.HttpServer - HttpServer started successfully. [port=8080] [url=http://localhost:8080]
2026-10-03 12:21:50 [main] INFO  com.tic.tac.toe.Application - Started Application
2026-10-03 12:21:53 [WebSocketWorker-17] INFO  c.t.t.t.p.s.c.ConnectionManager - A connection added on manager. [connectionId=d09241f4-209d-467f-9686-4c6c16ddb77c] [userId=a9876944-0518-4057-ba2b-5171c3a8bea7]
2026-10-03 12:21:56 [WebSocketWorker-17] INFO  c.t.t.t.p.s.c.ConnectionManager - Getting connection by websocket
2026-10-03 12:21:56 [WebSocketWorker-17] INFO  c.t.t.t.p.s.c.ConnectionManager - Got connection by websocket. [connectionId=d09241f4-209d-467f-9686-4c6c16ddb77c] [userId=a9876944-0518-4057-ba2b-5171c3a8bea7]
2026-10-03 12:21:56 [WebSocketWorker-17] INFO  c.t.t.t.p.s.c.ConnectionManager - Getting connection by userId. [userId=a9876944-0518-4057-ba2b-5171c3a8bea7]
2026-10-03 12:21:56 [WebSocketWorker-17] INFO  c.t.t.t.p.s.c.ConnectionManager - Got connection by userId. [connectionId=d09241f4-209d-467f-9686-4c6c16ddb77c] [userId=a9876944-0518-4057-ba2b-5171c3a8bea7]
2026-10-03 12:21:57 [WebSocketWorker-17] INFO  c.t.t.t.i.p.j.r.RoomJpaRepository - Room saved successfully. [RoomId=37611ca4-d74a-45a7-a06e-cc2b60c21b1c]
2026-10-03 12:21:57 [WebSocketWorker-17] INFO  c.t.t.t.a.service.RoomServiceImpl - Room created. [roomId=37611ca4-d74a-45a7-a06e-cc2b60c21b1c] [ownerId=a9876944-0518-4057-ba2b-5171c3a8bea7]
2026-10-03 12:21:57 [WebSocketWorker-17] INFO  c.t.t.t.p.socket.room.RoomManager - Room created. [RoomId=37611ca4-d74a-45a7-a06e-cc2b60c21b1c] [TotalRooms=1]
2026-10-03 12:21:57 [WebSocketWorker-17] INFO  c.t.t.t.p.socket.room.RoomManager - User joined room. [RoomId=37611ca4-d74a-45a7-a06e-cc2b60c21b1c] [UserId=a9876944-0518-4057-ba2b-5171c3a8bea7] [TotalUsers=1]
2026-10-03 12:21:57 [WebSocketWorker-17] INFO  c.t.t.t.p.socket.room.RoomManager - Broadcast sent. [RoomId=37611ca4-d74a-45a7-a06e-cc2b60c21b1c] [Recipients=1]
2026-10-03 12:21:57 [WebSocketWorker-17] INFO  c.t.t.t.p.s.c.ConnectionManager - Sending message on broadcast
2026-10-03 12:21:57 [WebSocketWorker-17] INFO  c.t.t.t.p.s.c.ConnectionManager - Send message to connection. [connectionId=d09241f4-209d-467f-9686-4c6c16ddb77c] [userId=a9876944-0518-4057-ba2b-5171c3a8bea7]
2026-10-03 12:21:57 [WebSocketWorker-17] INFO  c.t.t.t.p.s.c.ConnectionManager - Getting connection by userId. [userId=a9876944-0518-4057-ba2b-5171c3a8bea7]
2026-10-03 12:21:57 [WebSocketWorker-17] INFO  c.t.t.t.p.s.c.ConnectionManager - Got connection by userId. [connectionId=d09241f4-209d-467f-9686-4c6c16ddb77c] [userId=a9876944-0518-4057-ba2b-5171c3a8bea7]
2026-10-03 12:21:57 [WebSocketWorker-17] INFO  c.t.t.t.p.socket.room.RoomManager - Broadcast sent. [RoomId=37611ca4-d74a-45a7-a06e-cc2b60c21b1c] [Recipients=1]
2026-10-03 12:21:57 [WebSocketWorker-17] INFO  c.t.t.t.p.s.e.h.CreateRoomHandler - Room created and owner joined. [roomId=37611ca4-d74a-45a7-a06e-cc2b60c21b1c] [ownerId=a9876944-0518-4057-ba2b-5171c3a8bea7]
2026-10-03 12:22:05 [WebSocketWorker-18] INFO  c.t.t.t.p.s.c.ConnectionManager - A connection added on manager. [connectionId=da8086da-d8f8-4e11-8641-829dc62b2d9d] [userId=64f51ab2-6a09-44f6-8606-bf4a0718d920]
2026-10-03 12:22:05 [WebSocketWorker-18] INFO  c.t.t.t.p.s.c.ConnectionManager - Getting connection by websocket
2026-10-03 12:22:05 [WebSocketWorker-18] INFO  c.t.t.t.p.s.c.ConnectionManager - Got connection by websocket. [connectionId=da8086da-d8f8-4e11-8641-829dc62b2d9d] [userId=64f51ab2-6a09-44f6-8606-bf4a0718d920]
2026-10-03 12:22:05 [WebSocketWorker-18] INFO  c.t.t.t.p.s.c.ConnectionManager - Getting connection by userId. [userId=64f51ab2-6a09-44f6-8606-bf4a0718d920]
2026-10-03 12:22:05 [WebSocketWorker-18] INFO  c.t.t.t.p.s.c.ConnectionManager - Got connection by userId. [connectionId=da8086da-d8f8-4e11-8641-829dc62b2d9d] [userId=64f51ab2-6a09-44f6-8606-bf4a0718d920]
2026-10-03 12:22:05 [WebSocketWorker-18] INFO  c.t.t.t.a.s.RoomPlayerServiceImpl - RoomPlayer created. [roomPlayerId=dd14bb31-e0c5-4533-abab-480367382dab]
2026-10-03 12:22:05 [WebSocketWorker-18] INFO  c.t.t.t.p.socket.room.RoomManager - User joined room. [RoomId=37611ca4-d74a-45a7-a06e-cc2b60c21b1c] [UserId=64f51ab2-6a09-44f6-8606-bf4a0718d920] [TotalUsers=2]
2026-10-03 12:22:05 [WebSocketWorker-18] INFO  c.t.t.t.p.s.c.ConnectionManager - Sending message on broadcast
2026-10-03 12:22:05 [WebSocketWorker-18] INFO  c.t.t.t.p.s.c.ConnectionManager - Send message to connection. [connectionId=da8086da-d8f8-4e11-8641-829dc62b2d9d] [userId=64f51ab2-6a09-44f6-8606-bf4a0718d920]
2026-10-03 12:22:05 [WebSocketWorker-18] INFO  c.t.t.t.p.s.c.ConnectionManager - Send message to connection. [connectionId=d09241f4-209d-467f-9686-4c6c16ddb77c] [userId=a9876944-0518-4057-ba2b-5171c3a8bea7]
2026-10-03 12:22:05 [WebSocketWorker-18] INFO  c.t.t.t.p.s.c.ConnectionManager - Getting connection by userId. [userId=64f51ab2-6a09-44f6-8606-bf4a0718d920]
2026-10-03 12:22:05 [WebSocketWorker-18] INFO  c.t.t.t.p.s.c.ConnectionManager - Got connection by userId. [connectionId=da8086da-d8f8-4e11-8641-829dc62b2d9d] [userId=64f51ab2-6a09-44f6-8606-bf4a0718d920]
2026-10-03 12:22:05 [WebSocketWorker-18] INFO  c.t.t.t.p.socket.room.RoomManager - Broadcast sent. [RoomId=37611ca4-d74a-45a7-a06e-cc2b60c21b1c] [Recipients=2]
2026-10-03 12:22:07 [WebSocketSelector-29] INFO  c.t.t.t.p.s.c.ConnectionManager - Getting connection by websocket
2026-10-03 12:22:07 [WebSocketSelector-29] INFO  c.t.t.t.p.s.c.ConnectionManager - Got connection by websocket. [connectionId=da8086da-d8f8-4e11-8641-829dc62b2d9d] [userId=64f51ab2-6a09-44f6-8606-bf4a0718d920]
2026-10-03 12:22:07 [WebSocketSelector-29] INFO  c.t.t.t.p.s.c.ConnectionManager - Connection removed successfully. [connectionId=da8086da-d8f8-4e11-8641-829dc62b2d9d] [userId=64f51ab2-6a09-44f6-8606-bf4a0718d920]
2026-10-03 12:22:07 [WebSocketSelector-29] INFO  c.t.t.t.p.socket.room.RoomManager - User left room. [RoomId=37611ca4-d74a-45a7-a06e-cc2b60c21b1c] [UserId=64f51ab2-6a09-44f6-8606-bf4a0718d920] [TotalUsers=1]
2026-10-03 12:22:07 [WebSocketSelector-29] INFO  c.t.t.t.i.p.j.r.RoomPlayerJpaRepository - RoomPlayer deleted successfully. [RoomPlayerId=dd14bb31-e0c5-4533-abab-480367382dab]
2026-10-03 12:22:07 [WebSocketSelector-29] INFO  c.t.t.t.p.s.c.ConnectionManager - Sending message on broadcast
2026-10-03 12:22:07 [WebSocketSelector-29] INFO  c.t.t.t.p.s.c.ConnectionManager - Send message to connection. [connectionId=d09241f4-209d-467f-9686-4c6c16ddb77c] [userId=a9876944-0518-4057-ba2b-5171c3a8bea7]
2026-10-03 12:22:07 [WebSocketSelector-29] INFO  c.t.t.t.p.s.c.ConnectionManager - Getting connection by userId. [userId=64f51ab2-6a09-44f6-8606-bf4a0718d920]
2026-10-03 12:22:07 [WebSocketSelector-29] WARN  c.t.t.t.p.s.c.ConnectionManager - Not found connection by userId
2026-10-03 12:22:07 [WebSocketSelector-29] WARN  c.t.t.t.p.s.e.h.InfoRoomHandler - User has no active connection. [userId=64f51ab2-6a09-44f6-8606-bf4a0718d920]
2026-10-03 12:22:07 [WebSocketSelector-29] ERROR c.t.t.t.p.socket.SocketServer - Error publishing event. [event=room.info] [error=Connection not found for user]
2026-10-03 12:22:07 [WebSocketSelector-29] WARN  c.t.t.t.p.socket.SocketServer - Close connection. [connectionId=da8086da-d8f8-4e11-8641-829dc62b2d9d] [userId=64f51ab2-6a09-44f6-8606-bf4a0718d920] [code=1000] [reason=Client initiated close]
2026-10-03 12:24:06 [main] INFO  c.t.t.t.i.config.Environment - Instance Environment initialized. [InstanceId=922151033]
2026-10-03 12:24:06 [main] INFO  c.t.t.t.i.security.JwtService - Instance JwtService initialized. [InstanceId=1144648478]
2026-10-03 12:24:06 [main] INFO  c.t.t.t.i.persistence.jpa.JpaUtil - Instance JpaUtil initialized. [InstanceId=842741472]
2026-10-03 12:24:06 [main] INFO  c.t.t.t.i.p.j.r.UserJpaRepository - Instance UserJpaRepository initialized. [InstanceId=1156304131]
2026-10-03 12:24:06 [main] INFO  c.t.t.t.i.p.j.r.RoomJpaRepository - Instance RoomJpaRepository initialized. [InstanceId=1766505436]
2026-10-03 12:24:06 [main] INFO  c.t.t.t.i.p.j.r.RoomPlayerJpaRepository - Instance RoomPlayerJpaRepository initialized. [InstanceId=771775563]
2026-10-03 12:24:06 [main] INFO  c.t.t.t.a.service.AuthServiceImpl - Instance AuthServiceImpl initialized. [InstanceId=1164440413]
2026-10-03 12:24:06 [main] INFO  c.t.t.t.a.service.UserServiceImpl - Instance UserServiceImpl initialized. [InstanceId=1610525991]
2026-10-03 12:24:06 [main] INFO  c.t.t.t.a.service.RoomServiceImpl - Instance RoomServiceImpl initialized. [InstanceId=1666607455]
2026-10-03 12:24:06 [main] INFO  c.t.t.t.a.s.RoomPlayerServiceImpl - Instance RoomPlayerServiceImpl initialized. [InstanceId=1327006586]
2026-10-03 12:24:06 [main] INFO  c.t.t.t.p.h.m.AuthorizedHttpMiddleware - Instance AuthorizedHttpMiddleware initialized. [InstanceId=899644639]
2026-10-03 12:24:06 [main] INFO  c.t.t.t.p.h.c.AuthController - Instance AuthController initialized. [InstanceId=530737374]
2026-10-03 12:24:06 [main] INFO  c.t.t.t.p.s.m.AuthorizedSocketMiddleware - Instance AuthorizedSocketMiddleware initialized. [InstanceId=1332668132]
2026-10-03 12:24:06 [main] INFO  c.t.t.t.p.s.c.ConnectionManager - Instance ConnectionManager initialized. [InstanceId=1147580192]
2026-10-03 12:24:06 [main] INFO  c.t.t.t.p.socket.room.RoomManager - Instance RoomManager initialized. [InstanceId=173099767]
2026-10-03 12:24:07 [main] INFO  c.t.t.t.p.s.e.ExceptionSocketHandler - Instance ExceptionSocketHandler initialized. [InstanceId=1959910454]
2026-10-03 12:24:07 [main] INFO  c.t.t.t.p.s.e.h.GlobalMessageHandler - Instance GlobalMessageHandler initialized. [InstanceId=485937598]
2026-10-03 12:24:07 [main] INFO  c.t.t.t.p.s.e.h.RoomsByStatusHandler - Instance RoomsByStatusHandler initialized. [InstanceId=434398524]
2026-10-03 12:24:07 [main] INFO  c.t.t.t.p.s.e.h.CreateRoomHandler - Instance CreateRoomHandler initialized. [InstanceId=1392794732]
2026-10-03 12:24:07 [main] INFO  c.t.t.t.p.s.e.h.MessageRoomHandler - Instance MessageRoomHandler initialized. [InstanceId=1807648168]
2026-10-03 12:24:07 [main] INFO  c.t.t.t.p.s.e.h.JoinRoomHandler - Instance JoinRoomHandler initialized. [InstanceId=1273143001]
2026-10-03 12:24:07 [main] INFO  c.t.t.t.p.s.e.h.InfoRoomHandler - Instance InfoRoomHandler initialized. [InstanceId=1258372214]
2026-10-03 12:24:07 [WebSocketSelector-29] INFO  c.t.t.t.p.socket.SocketServer - WebSocketServer started successfully. [port=8081] [url=ws://localhost:8081]
2026-10-03 12:24:07 [main] INFO  org.eclipse.jetty.util.log - Logging initialized @1005ms to org.eclipse.jetty.util.log.Slf4jLog
2026-10-03 12:24:07 [main] INFO  io.javalin.Javalin - Starting Javalin ...
2026-10-03 12:24:07 [main] INFO  io.javalin.Javalin - You are running Javalin 4.6.8 (released May 4, 2023. Your Javalin version is 1248 days old. Consider checking for a newer version.).
2026-10-03 12:24:07 [main] INFO  io.javalin.Javalin - Listening on http://localhost:8080/
2026-10-03 12:24:07 [main] INFO  io.javalin.Javalin - Javalin started in 141ms \o/
2026-10-03 12:24:07 [main] INFO  c.t.t.t.presentation.http.HttpServer - Instance HttpServer initialized.
2026-10-03 12:24:07 [main] INFO  c.t.t.t.presentation.http.HttpServer - HttpServer started successfully. [port=8080] [url=http://localhost:8080]
2026-10-03 12:24:07 [main] INFO  com.tic.tac.toe.Application - Started Application
2026-10-03 12:24:10 [WebSocketWorker-17] INFO  c.t.t.t.p.s.c.ConnectionManager - A connection added on manager. [connectionId=deb3bb4c-4fed-4f91-a7ac-896cb42bd686] [userId=a9876944-0518-4057-ba2b-5171c3a8bea7]
2026-10-03 12:24:12 [WebSocketWorker-18] INFO  c.t.t.t.p.s.c.ConnectionManager - A connection added on manager. [connectionId=4012efb8-686f-4116-ac64-de100ad92409] [userId=64f51ab2-6a09-44f6-8606-bf4a0718d920]
2026-10-03 12:24:17 [WebSocketWorker-17] INFO  c.t.t.t.p.s.c.ConnectionManager - Getting connection by websocket
2026-10-03 12:24:17 [WebSocketWorker-17] INFO  c.t.t.t.p.s.c.ConnectionManager - Got connection by websocket. [connectionId=deb3bb4c-4fed-4f91-a7ac-896cb42bd686] [userId=a9876944-0518-4057-ba2b-5171c3a8bea7]
2026-10-03 12:24:17 [WebSocketWorker-17] INFO  c.t.t.t.p.s.c.ConnectionManager - Getting connection by userId. [userId=a9876944-0518-4057-ba2b-5171c3a8bea7]
2026-10-03 12:24:17 [WebSocketWorker-17] INFO  c.t.t.t.p.s.c.ConnectionManager - Got connection by userId. [connectionId=deb3bb4c-4fed-4f91-a7ac-896cb42bd686] [userId=a9876944-0518-4057-ba2b-5171c3a8bea7]
2026-10-03 12:24:18 [WebSocketWorker-17] INFO  c.t.t.t.i.p.j.r.RoomJpaRepository - Room saved successfully. [RoomId=b995ab94-295a-45a8-bae7-3f44da3f52dd]
2026-10-03 12:24:18 [WebSocketWorker-17] INFO  c.t.t.t.a.service.RoomServiceImpl - Room created. [roomId=b995ab94-295a-45a8-bae7-3f44da3f52dd] [ownerId=a9876944-0518-4057-ba2b-5171c3a8bea7]
2026-10-03 12:24:18 [WebSocketWorker-17] INFO  c.t.t.t.p.socket.room.RoomManager - Room created. [RoomId=b995ab94-295a-45a8-bae7-3f44da3f52dd] [TotalRooms=1]
2026-10-03 12:24:18 [WebSocketWorker-17] INFO  c.t.t.t.p.socket.room.RoomManager - User joined room. [RoomId=b995ab94-295a-45a8-bae7-3f44da3f52dd] [UserId=a9876944-0518-4057-ba2b-5171c3a8bea7] [TotalUsers=1]
2026-10-03 12:24:18 [WebSocketWorker-17] INFO  c.t.t.t.p.socket.room.RoomManager - Broadcast sent. [RoomId=b995ab94-295a-45a8-bae7-3f44da3f52dd] [Recipients=1]
2026-10-03 12:24:18 [WebSocketWorker-17] INFO  c.t.t.t.p.s.c.ConnectionManager - Sending message on broadcast
2026-10-03 12:24:18 [WebSocketWorker-17] INFO  c.t.t.t.p.s.c.ConnectionManager - Send message to connection. [connectionId=4012efb8-686f-4116-ac64-de100ad92409] [userId=64f51ab2-6a09-44f6-8606-bf4a0718d920]
2026-10-03 12:24:18 [WebSocketWorker-17] INFO  c.t.t.t.p.s.c.ConnectionManager - Send message to connection. [connectionId=deb3bb4c-4fed-4f91-a7ac-896cb42bd686] [userId=a9876944-0518-4057-ba2b-5171c3a8bea7]
2026-10-03 12:24:18 [WebSocketWorker-17] INFO  c.t.t.t.p.socket.room.RoomManager - Broadcast sent. [RoomId=b995ab94-295a-45a8-bae7-3f44da3f52dd] [Recipients=1]
2026-10-03 12:24:18 [WebSocketWorker-17] INFO  c.t.t.t.p.s.e.h.CreateRoomHandler - Room created and owner joined. [roomId=b995ab94-295a-45a8-bae7-3f44da3f52dd] [ownerId=a9876944-0518-4057-ba2b-5171c3a8bea7]
2026-10-03 12:24:38 [WebSocketWorker-18] INFO  c.t.t.t.p.s.c.ConnectionManager - Getting connection by websocket
2026-10-03 12:24:38 [WebSocketWorker-18] INFO  c.t.t.t.p.s.c.ConnectionManager - Got connection by websocket. [connectionId=4012efb8-686f-4116-ac64-de100ad92409] [userId=64f51ab2-6a09-44f6-8606-bf4a0718d920]
2026-10-03 12:24:38 [WebSocketWorker-18] INFO  c.t.t.t.p.s.c.ConnectionManager - Getting connection by userId. [userId=64f51ab2-6a09-44f6-8606-bf4a0718d920]
2026-10-03 12:24:38 [WebSocketWorker-18] INFO  c.t.t.t.p.s.c.ConnectionManager - Got connection by userId. [connectionId=4012efb8-686f-4116-ac64-de100ad92409] [userId=64f51ab2-6a09-44f6-8606-bf4a0718d920]
2026-10-03 12:24:38 [WebSocketWorker-18] INFO  c.t.t.t.a.s.RoomPlayerServiceImpl - RoomPlayer created. [roomPlayerId=e5c33ab2-3104-4a30-bfcb-4ad9ba9c586f]
2026-10-03 12:24:38 [WebSocketWorker-18] INFO  c.t.t.t.p.socket.room.RoomManager - User joined room. [RoomId=b995ab94-295a-45a8-bae7-3f44da3f52dd] [UserId=64f51ab2-6a09-44f6-8606-bf4a0718d920] [TotalUsers=2]
2026-10-03 12:24:38 [WebSocketWorker-18] INFO  c.t.t.t.p.s.c.ConnectionManager - Sending message on broadcast
2026-10-03 12:24:38 [WebSocketWorker-18] INFO  c.t.t.t.p.s.c.ConnectionManager - Send message to connection. [connectionId=4012efb8-686f-4116-ac64-de100ad92409] [userId=64f51ab2-6a09-44f6-8606-bf4a0718d920]
2026-10-03 12:24:38 [WebSocketWorker-18] INFO  c.t.t.t.p.s.c.ConnectionManager - Send message to connection. [connectionId=deb3bb4c-4fed-4f91-a7ac-896cb42bd686] [userId=a9876944-0518-4057-ba2b-5171c3a8bea7]
2026-10-03 12:24:38 [WebSocketWorker-18] INFO  c.t.t.t.p.socket.room.RoomManager - Broadcast sent. [RoomId=b995ab94-295a-45a8-bae7-3f44da3f52dd] [Recipients=2]
2026-10-03 12:24:41 [WebSocketSelector-29] INFO  c.t.t.t.p.s.c.ConnectionManager - Getting connection by websocket
2026-10-03 12:24:41 [WebSocketSelector-29] INFO  c.t.t.t.p.s.c.ConnectionManager - Got connection by websocket. [connectionId=4012efb8-686f-4116-ac64-de100ad92409] [userId=64f51ab2-6a09-44f6-8606-bf4a0718d920]
2026-10-03 12:24:41 [WebSocketSelector-29] INFO  c.t.t.t.p.s.c.ConnectionManager - Connection removed successfully. [connectionId=4012efb8-686f-4116-ac64-de100ad92409] [userId=64f51ab2-6a09-44f6-8606-bf4a0718d920]
2026-10-03 12:24:41 [WebSocketSelector-29] INFO  c.t.t.t.p.socket.room.RoomManager - User left room. [RoomId=b995ab94-295a-45a8-bae7-3f44da3f52dd] [UserId=64f51ab2-6a09-44f6-8606-bf4a0718d920] [TotalUsers=1]
2026-10-03 12:24:41 [WebSocketSelector-29] INFO  c.t.t.t.i.p.j.r.RoomPlayerJpaRepository - RoomPlayer deleted successfully. [RoomPlayerId=e5c33ab2-3104-4a30-bfcb-4ad9ba9c586f]
2026-10-03 12:24:41 [WebSocketSelector-29] INFO  c.t.t.t.p.s.c.ConnectionManager - Sending message on broadcast
2026-10-03 12:24:41 [WebSocketSelector-29] INFO  c.t.t.t.p.s.c.ConnectionManager - Send message to connection. [connectionId=deb3bb4c-4fed-4f91-a7ac-896cb42bd686] [userId=a9876944-0518-4057-ba2b-5171c3a8bea7]
2026-10-03 12:24:41 [WebSocketSelector-29] INFO  c.t.t.t.p.socket.room.RoomManager - Broadcast sent. [RoomId=b995ab94-295a-45a8-bae7-3f44da3f52dd] [Recipients=1]
2026-10-03 12:24:41 [WebSocketSelector-29] WARN  c.t.t.t.p.socket.SocketServer - Close connection. [connectionId=4012efb8-686f-4116-ac64-de100ad92409] [userId=64f51ab2-6a09-44f6-8606-bf4a0718d920] [code=1000] [reason=Client initiated close]
2026-10-03 12:25:03 [WebSocketSelector-29] INFO  c.t.t.t.p.s.c.ConnectionManager - Getting connection by websocket
2026-10-03 12:25:03 [WebSocketSelector-29] INFO  c.t.t.t.p.s.c.ConnectionManager - Got connection by websocket. [connectionId=deb3bb4c-4fed-4f91-a7ac-896cb42bd686] [userId=a9876944-0518-4057-ba2b-5171c3a8bea7]
2026-10-03 12:25:03 [WebSocketSelector-29] INFO  c.t.t.t.p.s.c.ConnectionManager - Connection removed successfully. [connectionId=deb3bb4c-4fed-4f91-a7ac-896cb42bd686] [userId=a9876944-0518-4057-ba2b-5171c3a8bea7]
2026-10-03 12:25:03 [WebSocketSelector-29] INFO  c.t.t.t.p.socket.room.RoomManager - User left room. [RoomId=b995ab94-295a-45a8-bae7-3f44da3f52dd] [UserId=a9876944-0518-4057-ba2b-5171c3a8bea7] [TotalUsers=0]
2026-10-03 12:25:03 [WebSocketSelector-29] INFO  c.t.t.t.i.p.j.r.RoomPlayerJpaRepository - RoomPlayer deleted successfully. [RoomPlayerId=fd584b06-02cb-4eb4-87ec-fadd5f6f5f9e]
2026-10-03 12:25:03 [WebSocketSelector-29] INFO  c.t.t.t.p.socket.room.RoomManager - Room removed by id. [RoomId=b995ab94-295a-45a8-bae7-3f44da3f52dd] [TotalRooms=0]
2026-10-03 12:25:03 [WebSocketSelector-29] INFO  c.t.t.t.i.p.j.r.RoomJpaRepository - Room deleted successfully. [RoomId=b995ab94-295a-45a8-bae7-3f44da3f52dd]
2026-10-03 12:25:03 [WebSocketSelector-29] INFO  c.t.t.t.a.service.RoomServiceImpl - Room deleted. [roomId=b995ab94-295a-45a8-bae7-3f44da3f52dd]
2026-10-03 12:25:03 [WebSocketSelector-29] INFO  c.t.t.t.p.s.c.ConnectionManager - Sending message on broadcast
2026-10-03 12:25:03 [WebSocketSelector-29] WARN  c.t.t.t.p.socket.SocketServer - Close connection. [connectionId=deb3bb4c-4fed-4f91-a7ac-896cb42bd686] [userId=a9876944-0518-4057-ba2b-5171c3a8bea7] [code=1000] [reason=Client initiated close]
2026-10-03 12:33:09 [main] INFO  c.t.t.t.i.config.Environment - Instance Environment initialized. [InstanceId=1516369375]
2026-10-03 12:33:09 [main] INFO  c.t.t.t.i.security.JwtService - Instance JwtService initialized. [InstanceId=1576861390]
2026-10-03 12:33:10 [main] INFO  c.t.t.t.i.persistence.jpa.JpaUtil - Instance JpaUtil initialized. [InstanceId=1156304131]
2026-10-03 12:33:10 [main] INFO  c.t.t.t.i.p.j.r.UserJpaRepository - Instance UserJpaRepository initialized. [InstanceId=1766505436]
2026-10-03 12:33:10 [main] INFO  c.t.t.t.i.p.j.r.RoomJpaRepository - Instance RoomJpaRepository initialized. [InstanceId=771775563]
2026-10-03 12:33:10 [main] INFO  c.t.t.t.i.p.j.r.RoomPlayerJpaRepository - Instance RoomPlayerJpaRepository initialized. [InstanceId=1164440413]
2026-10-03 12:33:10 [main] INFO  c.t.t.t.a.service.AuthServiceImpl - Instance AuthServiceImpl initialized. [InstanceId=1610525991]
2026-10-03 12:33:10 [main] INFO  c.t.t.t.a.service.UserServiceImpl - Instance UserServiceImpl initialized. [InstanceId=1666607455]
2026-10-03 12:33:10 [main] INFO  c.t.t.t.a.service.RoomServiceImpl - Instance RoomServiceImpl initialized. [InstanceId=1327006586]
2026-10-03 12:33:10 [main] INFO  c.t.t.t.a.s.RoomPlayerServiceImpl - Instance RoomPlayerServiceImpl initialized. [InstanceId=899644639]
2026-10-03 12:33:10 [main] INFO  c.t.t.t.p.h.m.AuthorizedHttpMiddleware - Instance AuthorizedHttpMiddleware initialized. [InstanceId=530737374]
2026-10-03 12:33:10 [main] INFO  c.t.t.t.p.h.c.AuthController - Instance AuthController initialized. [InstanceId=1332668132]
2026-10-03 12:33:10 [main] INFO  c.t.t.t.p.s.m.AuthorizedSocketMiddleware - Instance AuthorizedSocketMiddleware initialized. [InstanceId=1147580192]
2026-10-03 12:33:10 [main] INFO  c.t.t.t.p.s.c.ConnectionManager - Instance ConnectionManager initialized. [InstanceId=173099767]
2026-10-03 12:33:10 [main] INFO  c.t.t.t.p.socket.room.RoomManager - Instance RoomManager initialized. [InstanceId=112797691]
2026-10-03 12:33:10 [main] INFO  c.t.t.t.p.s.e.ExceptionSocketHandler - Instance ExceptionSocketHandler initialized. [InstanceId=1902237905]
2026-10-03 12:33:10 [main] INFO  c.t.t.t.p.s.e.h.GlobalMessageHandler - Instance GlobalMessageHandler initialized. [InstanceId=1715248762]
2026-10-03 12:33:10 [main] INFO  c.t.t.t.p.s.e.h.RoomsByStatusHandler - Instance RoomsByStatusHandler initialized. [InstanceId=2035616217]
2026-10-03 12:33:10 [main] INFO  c.t.t.t.p.s.e.h.CreateRoomHandler - Instance CreateRoomHandler initialized. [InstanceId=1363793720]
2026-10-03 12:33:10 [main] INFO  c.t.t.t.p.s.e.h.MessageRoomHandler - Instance MessageRoomHandler initialized. [InstanceId=980697799]
2026-10-03 12:33:10 [main] INFO  c.t.t.t.p.s.e.h.JoinRoomHandler - Instance JoinRoomHandler initialized. [InstanceId=1418555530]
2026-10-03 12:33:10 [main] INFO  c.t.t.t.p.s.e.h.InfoRoomHandler - Instance InfoRoomHandler initialized. [InstanceId=1408974251]
2026-10-03 12:33:10 [WebSocketSelector-29] INFO  c.t.t.t.p.socket.SocketServer - WebSocketServer started successfully. [port=8081] [url=ws://localhost:8081]
2026-10-03 12:33:10 [main] INFO  org.eclipse.jetty.util.log - Logging initialized @1087ms to org.eclipse.jetty.util.log.Slf4jLog
2026-10-03 12:33:10 [main] INFO  io.javalin.Javalin - Starting Javalin ...
2026-10-03 12:33:10 [main] INFO  io.javalin.Javalin - You are running Javalin 4.6.8 (released May 4, 2023. Your Javalin version is 1248 days old. Consider checking for a newer version.).
2026-10-03 12:33:10 [main] INFO  io.javalin.Javalin - Listening on http://localhost:8080/
2026-10-03 12:33:10 [main] INFO  io.javalin.Javalin - Javalin started in 172ms \o/
2026-10-03 12:33:10 [main] INFO  c.t.t.t.presentation.http.HttpServer - Instance HttpServer initialized.
2026-10-03 12:33:10 [main] INFO  c.t.t.t.presentation.http.HttpServer - HttpServer started successfully. [port=8080] [url=http://localhost:8080]
2026-10-03 12:33:10 [main] INFO  com.tic.tac.toe.Application - Started Application
2026-10-03 12:33:33 [main] INFO  c.t.t.t.i.config.Environment - Instance Environment initialized. [InstanceId=922151033]
2026-10-03 12:33:33 [main] INFO  c.t.t.t.i.security.JwtService - Instance JwtService initialized. [InstanceId=1144648478]
2026-10-03 12:33:33 [main] INFO  c.t.t.t.i.persistence.jpa.JpaUtil - Instance JpaUtil initialized. [InstanceId=842741472]
2026-10-03 12:33:33 [main] INFO  c.t.t.t.i.p.j.r.UserJpaRepository - Instance UserJpaRepository initialized. [InstanceId=1156304131]
2026-10-03 12:33:33 [main] INFO  c.t.t.t.i.p.j.r.RoomJpaRepository - Instance RoomJpaRepository initialized. [InstanceId=1766505436]
2026-10-03 12:33:33 [main] INFO  c.t.t.t.i.p.j.r.RoomPlayerJpaRepository - Instance RoomPlayerJpaRepository initialized. [InstanceId=771775563]
2026-10-03 12:33:33 [main] INFO  c.t.t.t.a.service.AuthServiceImpl - Instance AuthServiceImpl initialized. [InstanceId=1164440413]
2026-10-03 12:33:33 [main] INFO  c.t.t.t.a.service.UserServiceImpl - Instance UserServiceImpl initialized. [InstanceId=1610525991]
2026-10-03 12:33:33 [main] INFO  c.t.t.t.a.service.RoomServiceImpl - Instance RoomServiceImpl initialized. [InstanceId=1666607455]
2026-10-03 12:33:33 [main] INFO  c.t.t.t.a.s.RoomPlayerServiceImpl - Instance RoomPlayerServiceImpl initialized. [InstanceId=1327006586]
2026-10-03 12:33:33 [main] INFO  c.t.t.t.p.h.m.AuthorizedHttpMiddleware - Instance AuthorizedHttpMiddleware initialized. [InstanceId=899644639]
2026-10-03 12:33:33 [main] INFO  c.t.t.t.p.h.c.AuthController - Instance AuthController initialized. [InstanceId=530737374]
2026-10-03 12:33:33 [main] INFO  c.t.t.t.p.s.m.AuthorizedSocketMiddleware - Instance AuthorizedSocketMiddleware initialized. [InstanceId=1332668132]
2026-10-03 12:33:33 [main] INFO  c.t.t.t.p.s.c.ConnectionManager - Instance ConnectionManager initialized. [InstanceId=1147580192]
2026-10-03 12:33:33 [main] INFO  c.t.t.t.p.socket.room.RoomManager - Instance RoomManager initialized. [InstanceId=173099767]
2026-10-03 12:33:33 [main] INFO  c.t.t.t.p.s.e.ExceptionSocketHandler - Instance ExceptionSocketHandler initialized. [InstanceId=1959910454]
2026-10-03 12:33:33 [main] INFO  c.t.t.t.p.s.e.h.GlobalMessageHandler - Instance GlobalMessageHandler initialized. [InstanceId=485937598]
2026-10-03 12:33:33 [main] INFO  c.t.t.t.p.s.e.h.RoomsByStatusHandler - Instance RoomsByStatusHandler initialized. [InstanceId=434398524]
2026-10-03 12:33:33 [main] INFO  c.t.t.t.p.s.e.h.CreateRoomHandler - Instance CreateRoomHandler initialized. [InstanceId=1392794732]
2026-10-03 12:33:33 [main] INFO  c.t.t.t.p.s.e.h.MessageRoomHandler - Instance MessageRoomHandler initialized. [InstanceId=1807648168]
2026-10-03 12:33:33 [main] INFO  c.t.t.t.p.s.e.h.JoinRoomHandler - Instance JoinRoomHandler initialized. [InstanceId=1273143001]
2026-10-03 12:33:33 [main] INFO  c.t.t.t.p.s.e.h.InfoRoomHandler - Instance InfoRoomHandler initialized. [InstanceId=1258372214]
2026-10-03 12:33:33 [main] INFO  c.t.t.t.p.s.e.h.LeaveRoomHandler - Instance LeaveRoomHandler initialized. [InstanceId=212890971]
2026-10-03 12:33:33 [WebSocketSelector-29] INFO  c.t.t.t.p.socket.SocketServer - WebSocketServer started successfully. [port=8081] [url=ws://localhost:8081]
2026-10-03 12:33:33 [main] INFO  org.eclipse.jetty.util.log - Logging initialized @969ms to org.eclipse.jetty.util.log.Slf4jLog
2026-10-03 12:33:33 [main] INFO  io.javalin.Javalin - Starting Javalin ...
2026-10-03 12:33:33 [main] INFO  io.javalin.Javalin - You are running Javalin 4.6.8 (released May 4, 2023. Your Javalin version is 1248 days old. Consider checking for a newer version.).
2026-10-03 12:33:33 [main] INFO  io.javalin.Javalin - Listening on http://localhost:8080/
2026-10-03 12:33:33 [main] INFO  io.javalin.Javalin - Javalin started in 133ms \o/
2026-10-03 12:33:33 [main] INFO  c.t.t.t.presentation.http.HttpServer - Instance HttpServer initialized.
2026-10-03 12:33:33 [main] INFO  c.t.t.t.presentation.http.HttpServer - HttpServer started successfully. [port=8080] [url=http://localhost:8080]
2026-10-03 12:33:33 [main] INFO  com.tic.tac.toe.Application - Started Application
2026-10-03 12:33:37 [WebSocketWorker-17] INFO  c.t.t.t.p.s.c.ConnectionManager - A connection added on manager. [connectionId=096fcbe5-4714-4a55-91d3-ba3890075a9e] [userId=a9876944-0518-4057-ba2b-5171c3a8bea7]
2026-10-03 12:33:38 [WebSocketWorker-18] INFO  c.t.t.t.p.s.c.ConnectionManager - A connection added on manager. [connectionId=8abe5586-2dd5-4067-afa2-a11af92ede73] [userId=64f51ab2-6a09-44f6-8606-bf4a0718d920]
2026-10-03 12:33:40 [WebSocketWorker-17] INFO  c.t.t.t.p.s.c.ConnectionManager - Getting connection by websocket
2026-10-03 12:33:40 [WebSocketWorker-17] INFO  c.t.t.t.p.s.c.ConnectionManager - Got connection by websocket. [connectionId=096fcbe5-4714-4a55-91d3-ba3890075a9e] [userId=a9876944-0518-4057-ba2b-5171c3a8bea7]
2026-10-03 12:33:40 [WebSocketWorker-17] INFO  c.t.t.t.p.s.c.ConnectionManager - Getting connection by userId. [userId=a9876944-0518-4057-ba2b-5171c3a8bea7]
2026-10-03 12:33:40 [WebSocketWorker-17] INFO  c.t.t.t.p.s.c.ConnectionManager - Got connection by userId. [connectionId=096fcbe5-4714-4a55-91d3-ba3890075a9e] [userId=a9876944-0518-4057-ba2b-5171c3a8bea7]
2026-10-03 12:33:40 [WebSocketWorker-17] INFO  c.t.t.t.i.p.j.r.RoomJpaRepository - Room saved successfully. [RoomId=84f3bac0-97c7-4f11-aab3-bc45d7fffdef]
2026-10-03 12:33:40 [WebSocketWorker-17] INFO  c.t.t.t.a.service.RoomServiceImpl - Room created. [roomId=84f3bac0-97c7-4f11-aab3-bc45d7fffdef] [ownerId=a9876944-0518-4057-ba2b-5171c3a8bea7]
2026-10-03 12:33:40 [WebSocketWorker-17] INFO  c.t.t.t.p.socket.room.RoomManager - Room created. [RoomId=84f3bac0-97c7-4f11-aab3-bc45d7fffdef] [TotalRooms=1]
2026-10-03 12:33:40 [WebSocketWorker-17] INFO  c.t.t.t.p.socket.room.RoomManager - User joined room. [RoomId=84f3bac0-97c7-4f11-aab3-bc45d7fffdef] [UserId=a9876944-0518-4057-ba2b-5171c3a8bea7] [TotalUsers=1]
2026-10-03 12:33:40 [WebSocketWorker-17] INFO  c.t.t.t.p.socket.room.RoomManager - Broadcast sent. [RoomId=84f3bac0-97c7-4f11-aab3-bc45d7fffdef] [Recipients=1]
2026-10-03 12:33:41 [WebSocketWorker-17] INFO  c.t.t.t.p.s.c.ConnectionManager - Sending message on broadcast
2026-10-03 12:33:41 [WebSocketWorker-17] INFO  c.t.t.t.p.s.c.ConnectionManager - Send message to connection. [connectionId=096fcbe5-4714-4a55-91d3-ba3890075a9e] [userId=a9876944-0518-4057-ba2b-5171c3a8bea7]
2026-10-03 12:33:41 [WebSocketWorker-17] INFO  c.t.t.t.p.s.c.ConnectionManager - Send message to connection. [connectionId=8abe5586-2dd5-4067-afa2-a11af92ede73] [userId=64f51ab2-6a09-44f6-8606-bf4a0718d920]
2026-10-03 12:33:41 [WebSocketWorker-17] INFO  c.t.t.t.p.socket.room.RoomManager - Broadcast sent. [RoomId=84f3bac0-97c7-4f11-aab3-bc45d7fffdef] [Recipients=1]
2026-10-03 12:33:41 [WebSocketWorker-17] INFO  c.t.t.t.p.s.e.h.CreateRoomHandler - Room created and owner joined. [roomId=84f3bac0-97c7-4f11-aab3-bc45d7fffdef] [ownerId=a9876944-0518-4057-ba2b-5171c3a8bea7]
2026-10-03 12:33:53 [WebSocketWorker-18] INFO  c.t.t.t.p.s.c.ConnectionManager - Getting connection by websocket
2026-10-03 12:33:53 [WebSocketWorker-18] INFO  c.t.t.t.p.s.c.ConnectionManager - Got connection by websocket. [connectionId=8abe5586-2dd5-4067-afa2-a11af92ede73] [userId=64f51ab2-6a09-44f6-8606-bf4a0718d920]
2026-10-03 12:33:53 [WebSocketWorker-18] INFO  c.t.t.t.p.s.c.ConnectionManager - Getting connection by userId. [userId=64f51ab2-6a09-44f6-8606-bf4a0718d920]
2026-10-03 12:33:53 [WebSocketWorker-18] INFO  c.t.t.t.p.s.c.ConnectionManager - Got connection by userId. [connectionId=8abe5586-2dd5-4067-afa2-a11af92ede73] [userId=64f51ab2-6a09-44f6-8606-bf4a0718d920]
2026-10-03 12:33:53 [WebSocketWorker-18] INFO  c.t.t.t.a.s.RoomPlayerServiceImpl - RoomPlayer created. [roomPlayerId=54410b21-d531-4495-aaa7-7d964ed43cb1]
2026-10-03 12:33:53 [WebSocketWorker-18] INFO  c.t.t.t.p.socket.room.RoomManager - User joined room. [RoomId=84f3bac0-97c7-4f11-aab3-bc45d7fffdef] [UserId=64f51ab2-6a09-44f6-8606-bf4a0718d920] [TotalUsers=2]
2026-10-03 12:33:53 [WebSocketWorker-18] INFO  c.t.t.t.p.s.c.ConnectionManager - Sending message on broadcast
2026-10-03 12:33:53 [WebSocketWorker-18] INFO  c.t.t.t.p.s.c.ConnectionManager - Send message to connection. [connectionId=096fcbe5-4714-4a55-91d3-ba3890075a9e] [userId=a9876944-0518-4057-ba2b-5171c3a8bea7]
2026-10-03 12:33:53 [WebSocketWorker-18] INFO  c.t.t.t.p.s.c.ConnectionManager - Send message to connection. [connectionId=8abe5586-2dd5-4067-afa2-a11af92ede73] [userId=64f51ab2-6a09-44f6-8606-bf4a0718d920]
2026-10-03 12:33:53 [WebSocketWorker-18] INFO  c.t.t.t.p.socket.room.RoomManager - Broadcast sent. [RoomId=84f3bac0-97c7-4f11-aab3-bc45d7fffdef] [Recipients=2]
2026-10-03 12:34:34 [WebSocketWorker-18] INFO  c.t.t.t.p.s.c.ConnectionManager - Getting connection by websocket
2026-10-03 12:34:34 [WebSocketWorker-18] INFO  c.t.t.t.p.s.c.ConnectionManager - Got connection by websocket. [connectionId=8abe5586-2dd5-4067-afa2-a11af92ede73] [userId=64f51ab2-6a09-44f6-8606-bf4a0718d920]
2026-10-03 12:34:43 [WebSocketSelector-29] INFO  c.t.t.t.p.s.c.ConnectionManager - Getting connection by websocket
2026-10-03 12:34:43 [WebSocketSelector-29] INFO  c.t.t.t.p.s.c.ConnectionManager - Got connection by websocket. [connectionId=8abe5586-2dd5-4067-afa2-a11af92ede73] [userId=64f51ab2-6a09-44f6-8606-bf4a0718d920]
2026-10-03 12:34:43 [WebSocketSelector-29] INFO  c.t.t.t.p.s.c.ConnectionManager - Connection removed successfully. [connectionId=8abe5586-2dd5-4067-afa2-a11af92ede73] [userId=64f51ab2-6a09-44f6-8606-bf4a0718d920]
2026-10-03 12:34:43 [WebSocketSelector-29] INFO  c.t.t.t.p.socket.room.RoomManager - User left room. [RoomId=84f3bac0-97c7-4f11-aab3-bc45d7fffdef] [UserId=64f51ab2-6a09-44f6-8606-bf4a0718d920] [TotalUsers=1]
2026-10-03 12:34:43 [WebSocketSelector-29] INFO  c.t.t.t.i.p.j.r.RoomPlayerJpaRepository - RoomPlayer deleted successfully. [RoomPlayerId=54410b21-d531-4495-aaa7-7d964ed43cb1]
2026-10-03 12:34:43 [WebSocketSelector-29] INFO  c.t.t.t.p.s.c.ConnectionManager - Sending message on broadcast
2026-10-03 12:34:43 [WebSocketSelector-29] INFO  c.t.t.t.p.s.c.ConnectionManager - Send message to connection. [connectionId=096fcbe5-4714-4a55-91d3-ba3890075a9e] [userId=a9876944-0518-4057-ba2b-5171c3a8bea7]
2026-10-03 12:34:43 [WebSocketSelector-29] INFO  c.t.t.t.p.socket.room.RoomManager - Broadcast sent. [RoomId=84f3bac0-97c7-4f11-aab3-bc45d7fffdef] [Recipients=1]
2026-10-03 12:34:43 [WebSocketSelector-29] WARN  c.t.t.t.p.socket.SocketServer - Close connection. [connectionId=8abe5586-2dd5-4067-afa2-a11af92ede73] [userId=64f51ab2-6a09-44f6-8606-bf4a0718d920] [code=1000] [reason=Client initiated close]
2026-10-03 12:34:46 [WebSocketSelector-29] INFO  c.t.t.t.p.s.c.ConnectionManager - Getting connection by websocket
2026-10-03 12:34:46 [WebSocketSelector-29] INFO  c.t.t.t.p.s.c.ConnectionManager - Got connection by websocket. [connectionId=096fcbe5-4714-4a55-91d3-ba3890075a9e] [userId=a9876944-0518-4057-ba2b-5171c3a8bea7]
2026-10-03 12:34:46 [WebSocketSelector-29] INFO  c.t.t.t.p.s.c.ConnectionManager - Connection removed successfully. [connectionId=096fcbe5-4714-4a55-91d3-ba3890075a9e] [userId=a9876944-0518-4057-ba2b-5171c3a8bea7]
2026-10-03 12:34:46 [WebSocketSelector-29] INFO  c.t.t.t.p.socket.room.RoomManager - User left room. [RoomId=84f3bac0-97c7-4f11-aab3-bc45d7fffdef] [UserId=a9876944-0518-4057-ba2b-5171c3a8bea7] [TotalUsers=0]
2026-10-03 12:34:46 [WebSocketSelector-29] INFO  c.t.t.t.i.p.j.r.RoomPlayerJpaRepository - RoomPlayer deleted successfully. [RoomPlayerId=ce93abe3-4676-49c1-bcdc-1bc87a658bea]
2026-10-03 12:34:46 [WebSocketSelector-29] INFO  c.t.t.t.p.socket.room.RoomManager - Room removed by id. [RoomId=84f3bac0-97c7-4f11-aab3-bc45d7fffdef] [TotalRooms=0]
2026-10-03 12:34:46 [WebSocketSelector-29] INFO  c.t.t.t.i.p.j.r.RoomJpaRepository - Room deleted successfully. [RoomId=84f3bac0-97c7-4f11-aab3-bc45d7fffdef]
2026-10-03 12:34:46 [WebSocketSelector-29] INFO  c.t.t.t.a.service.RoomServiceImpl - Room deleted. [roomId=84f3bac0-97c7-4f11-aab3-bc45d7fffdef]
2026-10-03 12:34:46 [WebSocketSelector-29] INFO  c.t.t.t.p.s.c.ConnectionManager - Sending message on broadcast
2026-10-03 12:34:46 [WebSocketSelector-29] WARN  c.t.t.t.p.socket.SocketServer - Close connection. [connectionId=096fcbe5-4714-4a55-91d3-ba3890075a9e] [userId=a9876944-0518-4057-ba2b-5171c3a8bea7] [code=1000] [reason=Client initiated close]
2026-10-03 12:35:05 [main] INFO  c.t.t.t.i.config.Environment - Instance Environment initialized. [InstanceId=1516369375]
2026-10-03 12:35:05 [main] INFO  c.t.t.t.i.security.JwtService - Instance JwtService initialized. [InstanceId=1576861390]
2026-10-03 12:35:06 [main] INFO  c.t.t.t.i.persistence.jpa.JpaUtil - Instance JpaUtil initialized. [InstanceId=1156304131]
2026-10-03 12:35:06 [main] INFO  c.t.t.t.i.p.j.r.UserJpaRepository - Instance UserJpaRepository initialized. [InstanceId=1766505436]
2026-10-03 12:35:06 [main] INFO  c.t.t.t.i.p.j.r.RoomJpaRepository - Instance RoomJpaRepository initialized. [InstanceId=771775563]
2026-10-03 12:35:06 [main] INFO  c.t.t.t.i.p.j.r.RoomPlayerJpaRepository - Instance RoomPlayerJpaRepository initialized. [InstanceId=1164440413]
2026-10-03 12:35:06 [main] INFO  c.t.t.t.a.service.AuthServiceImpl - Instance AuthServiceImpl initialized. [InstanceId=1610525991]
2026-10-03 12:35:06 [main] INFO  c.t.t.t.a.service.UserServiceImpl - Instance UserServiceImpl initialized. [InstanceId=1666607455]
2026-10-03 12:35:06 [main] INFO  c.t.t.t.a.service.RoomServiceImpl - Instance RoomServiceImpl initialized. [InstanceId=1327006586]
2026-10-03 12:35:06 [main] INFO  c.t.t.t.a.s.RoomPlayerServiceImpl - Instance RoomPlayerServiceImpl initialized. [InstanceId=899644639]
2026-10-03 12:35:06 [main] INFO  c.t.t.t.p.h.m.AuthorizedHttpMiddleware - Instance AuthorizedHttpMiddleware initialized. [InstanceId=530737374]
2026-10-03 12:35:06 [main] INFO  c.t.t.t.p.h.c.AuthController - Instance AuthController initialized. [InstanceId=1332668132]
2026-10-03 12:35:06 [main] INFO  c.t.t.t.p.s.m.AuthorizedSocketMiddleware - Instance AuthorizedSocketMiddleware initialized. [InstanceId=1147580192]
2026-10-03 12:35:06 [main] INFO  c.t.t.t.p.s.c.ConnectionManager - Instance ConnectionManager initialized. [InstanceId=173099767]
2026-10-03 12:35:06 [main] INFO  c.t.t.t.p.socket.room.RoomManager - Instance RoomManager initialized. [InstanceId=112797691]
2026-10-03 12:35:06 [main] INFO  c.t.t.t.p.s.e.ExceptionSocketHandler - Instance ExceptionSocketHandler initialized. [InstanceId=1902237905]
2026-10-03 12:35:06 [main] INFO  c.t.t.t.p.s.e.h.GlobalMessageHandler - Instance GlobalMessageHandler initialized. [InstanceId=1715248762]
2026-10-03 12:35:06 [main] INFO  c.t.t.t.p.s.e.h.RoomsByStatusHandler - Instance RoomsByStatusHandler initialized. [InstanceId=2035616217]
2026-10-03 12:35:06 [main] INFO  c.t.t.t.p.s.e.h.CreateRoomHandler - Instance CreateRoomHandler initialized. [InstanceId=1363793720]
2026-10-03 12:35:06 [main] INFO  c.t.t.t.p.s.e.h.MessageRoomHandler - Instance MessageRoomHandler initialized. [InstanceId=980697799]
2026-10-03 12:35:06 [main] INFO  c.t.t.t.p.s.e.h.JoinRoomHandler - Instance JoinRoomHandler initialized. [InstanceId=1418555530]
2026-10-03 12:35:06 [main] INFO  c.t.t.t.p.s.e.h.InfoRoomHandler - Instance InfoRoomHandler initialized. [InstanceId=1408974251]
2026-10-03 12:35:06 [main] INFO  c.t.t.t.p.s.e.h.LeaveRoomHandler - Instance LeaveRoomHandler initialized. [InstanceId=856055143]
2026-10-03 12:35:06 [WebSocketSelector-29] INFO  c.t.t.t.p.socket.SocketServer - WebSocketServer started successfully. [port=8081] [url=ws://localhost:8081]
2026-10-03 12:35:06 [main] INFO  org.eclipse.jetty.util.log - Logging initialized @986ms to org.eclipse.jetty.util.log.Slf4jLog
2026-10-03 12:35:06 [main] INFO  io.javalin.Javalin - Starting Javalin ...
2026-10-03 12:35:06 [main] INFO  io.javalin.Javalin - You are running Javalin 4.6.8 (released May 4, 2023. Your Javalin version is 1248 days old. Consider checking for a newer version.).
2026-10-03 12:35:06 [main] INFO  io.javalin.Javalin - Listening on http://localhost:8080/
2026-10-03 12:35:06 [main] INFO  io.javalin.Javalin - Javalin started in 128ms \o/
2026-10-03 12:35:06 [main] INFO  c.t.t.t.presentation.http.HttpServer - Instance HttpServer initialized.
2026-10-03 12:35:06 [main] INFO  c.t.t.t.presentation.http.HttpServer - HttpServer started successfully. [port=8080] [url=http://localhost:8080]
2026-10-03 12:35:06 [main] INFO  com.tic.tac.toe.Application - Started Application
2026-10-03 12:35:24 [WebSocketWorker-17] INFO  c.t.t.t.p.s.c.ConnectionManager - A connection added on manager. [connectionId=d0a95951-a829-4cd4-b12f-e653876d5dd1] [userId=a9876944-0518-4057-ba2b-5171c3a8bea7]
2026-10-03 12:35:24 [WebSocketWorker-17] INFO  c.t.t.t.p.s.c.ConnectionManager - Getting connection by websocket
2026-10-03 12:35:24 [WebSocketWorker-17] INFO  c.t.t.t.p.s.c.ConnectionManager - Got connection by websocket. [connectionId=d0a95951-a829-4cd4-b12f-e653876d5dd1] [userId=a9876944-0518-4057-ba2b-5171c3a8bea7]
2026-10-03 12:35:24 [WebSocketWorker-17] INFO  c.t.t.t.p.s.c.ConnectionManager - Getting connection by userId. [userId=a9876944-0518-4057-ba2b-5171c3a8bea7]
2026-10-03 12:35:24 [WebSocketWorker-17] INFO  c.t.t.t.p.s.c.ConnectionManager - Got connection by userId. [connectionId=d0a95951-a829-4cd4-b12f-e653876d5dd1] [userId=a9876944-0518-4057-ba2b-5171c3a8bea7]
2026-10-03 12:35:25 [WebSocketWorker-17] INFO  c.t.t.t.i.p.j.r.RoomJpaRepository - Room saved successfully. [RoomId=8cf07d1c-15b9-42fa-ab75-f5e5882ae312]
2026-10-03 12:35:25 [WebSocketWorker-17] INFO  c.t.t.t.a.service.RoomServiceImpl - Room created. [roomId=8cf07d1c-15b9-42fa-ab75-f5e5882ae312] [ownerId=a9876944-0518-4057-ba2b-5171c3a8bea7]
2026-10-03 12:35:25 [WebSocketWorker-17] INFO  c.t.t.t.p.socket.room.RoomManager - Room created. [RoomId=8cf07d1c-15b9-42fa-ab75-f5e5882ae312] [TotalRooms=1]
2026-10-03 12:35:25 [WebSocketWorker-17] INFO  c.t.t.t.p.socket.room.RoomManager - User joined room. [RoomId=8cf07d1c-15b9-42fa-ab75-f5e5882ae312] [UserId=a9876944-0518-4057-ba2b-5171c3a8bea7] [TotalUsers=1]
2026-10-03 12:35:25 [WebSocketWorker-17] INFO  c.t.t.t.p.socket.room.RoomManager - Broadcast sent. [RoomId=8cf07d1c-15b9-42fa-ab75-f5e5882ae312] [Recipients=1]
2026-10-03 12:35:25 [WebSocketWorker-17] INFO  c.t.t.t.p.s.c.ConnectionManager - Sending message on broadcast
2026-10-03 12:35:25 [WebSocketWorker-17] INFO  c.t.t.t.p.s.c.ConnectionManager - Send message to connection. [connectionId=d0a95951-a829-4cd4-b12f-e653876d5dd1] [userId=a9876944-0518-4057-ba2b-5171c3a8bea7]
2026-10-03 12:35:25 [WebSocketWorker-17] INFO  c.t.t.t.p.socket.room.RoomManager - Broadcast sent. [RoomId=8cf07d1c-15b9-42fa-ab75-f5e5882ae312] [Recipients=1]
2026-10-03 12:35:25 [WebSocketWorker-17] INFO  c.t.t.t.p.s.e.h.CreateRoomHandler - Room created and owner joined. [roomId=8cf07d1c-15b9-42fa-ab75-f5e5882ae312] [ownerId=a9876944-0518-4057-ba2b-5171c3a8bea7]
2026-10-03 12:35:37 [WebSocketWorker-18] INFO  c.t.t.t.p.s.c.ConnectionManager - A connection added on manager. [connectionId=feb62a57-9125-4a25-b709-555cca6be055] [userId=64f51ab2-6a09-44f6-8606-bf4a0718d920]
2026-10-03 12:35:37 [WebSocketWorker-18] INFO  c.t.t.t.p.s.c.ConnectionManager - Getting connection by websocket
2026-10-03 12:35:37 [WebSocketWorker-18] INFO  c.t.t.t.p.s.c.ConnectionManager - Got connection by websocket. [connectionId=feb62a57-9125-4a25-b709-555cca6be055] [userId=64f51ab2-6a09-44f6-8606-bf4a0718d920]
2026-10-03 12:35:37 [WebSocketWorker-18] INFO  c.t.t.t.p.s.c.ConnectionManager - Getting connection by userId. [userId=64f51ab2-6a09-44f6-8606-bf4a0718d920]
2026-10-03 12:35:37 [WebSocketWorker-18] INFO  c.t.t.t.p.s.c.ConnectionManager - Got connection by userId. [connectionId=feb62a57-9125-4a25-b709-555cca6be055] [userId=64f51ab2-6a09-44f6-8606-bf4a0718d920]
2026-10-03 12:35:37 [WebSocketWorker-18] ERROR c.t.t.t.i.p.j.r.RoomJpaRepository - Error finding room by id=8cf07d1c-15b9-42fa-ab7f-5e5882ae312f; [error=Cannot refresh unmanaged object: null.]
2026-10-03 12:35:58 [WebSocketWorker-18] INFO  c.t.t.t.p.s.c.ConnectionManager - Getting connection by websocket
2026-10-03 12:35:58 [WebSocketWorker-18] INFO  c.t.t.t.p.s.c.ConnectionManager - Got connection by websocket. [connectionId=feb62a57-9125-4a25-b709-555cca6be055] [userId=64f51ab2-6a09-44f6-8606-bf4a0718d920]
2026-10-03 12:35:58 [WebSocketWorker-18] INFO  c.t.t.t.p.s.c.ConnectionManager - Getting connection by userId. [userId=64f51ab2-6a09-44f6-8606-bf4a0718d920]
2026-10-03 12:35:58 [WebSocketWorker-18] INFO  c.t.t.t.p.s.c.ConnectionManager - Got connection by userId. [connectionId=feb62a57-9125-4a25-b709-555cca6be055] [userId=64f51ab2-6a09-44f6-8606-bf4a0718d920]
2026-10-03 12:35:58 [WebSocketWorker-18] INFO  c.t.t.t.a.s.RoomPlayerServiceImpl - RoomPlayer created. [roomPlayerId=e0899017-8b9a-4d82-b578-a64343591d23]
2026-10-03 12:35:58 [WebSocketWorker-18] INFO  c.t.t.t.p.socket.room.RoomManager - User joined room. [RoomId=8cf07d1c-15b9-42fa-ab75-f5e5882ae312] [UserId=64f51ab2-6a09-44f6-8606-bf4a0718d920] [TotalUsers=2]
2026-10-03 12:35:58 [WebSocketWorker-18] INFO  c.t.t.t.p.s.c.ConnectionManager - Sending message on broadcast
2026-10-03 12:35:58 [WebSocketWorker-18] INFO  c.t.t.t.p.s.c.ConnectionManager - Send message to connection. [connectionId=d0a95951-a829-4cd4-b12f-e653876d5dd1] [userId=a9876944-0518-4057-ba2b-5171c3a8bea7]
2026-10-03 12:35:58 [WebSocketWorker-18] INFO  c.t.t.t.p.s.c.ConnectionManager - Send message to connection. [connectionId=feb62a57-9125-4a25-b709-555cca6be055] [userId=64f51ab2-6a09-44f6-8606-bf4a0718d920]
2026-10-03 12:35:58 [WebSocketWorker-18] INFO  c.t.t.t.p.socket.room.RoomManager - Broadcast sent. [RoomId=8cf07d1c-15b9-42fa-ab75-f5e5882ae312] [Recipients=2]
2026-10-03 12:36:19 [WebSocketWorker-18] INFO  c.t.t.t.p.s.c.ConnectionManager - Getting connection by websocket
2026-10-03 12:36:19 [WebSocketWorker-18] INFO  c.t.t.t.p.s.c.ConnectionManager - Got connection by websocket. [connectionId=feb62a57-9125-4a25-b709-555cca6be055] [userId=64f51ab2-6a09-44f6-8606-bf4a0718d920]
2026-10-03 12:36:19 [WebSocketWorker-18] INFO  c.t.t.t.p.s.c.ConnectionManager - Getting connection by userId. [userId=64f51ab2-6a09-44f6-8606-bf4a0718d920]
2026-10-03 12:36:19 [WebSocketWorker-18] INFO  c.t.t.t.p.s.c.ConnectionManager - Got connection by userId. [connectionId=feb62a57-9125-4a25-b709-555cca6be055] [userId=64f51ab2-6a09-44f6-8606-bf4a0718d920]
2026-10-03 12:36:19 [WebSocketWorker-18] INFO  c.t.t.t.p.socket.room.RoomManager - User left room. [RoomId=8cf07d1c-15b9-42fa-ab75-f5e5882ae312] [UserId=64f51ab2-6a09-44f6-8606-bf4a0718d920] [TotalUsers=1]
2026-10-03 12:36:19 [WebSocketWorker-18] INFO  c.t.t.t.i.p.j.r.RoomPlayerJpaRepository - RoomPlayer deleted successfully. [RoomPlayerId=e0899017-8b9a-4d82-b578-a64343591d23]
2026-10-03 12:36:19 [WebSocketWorker-18] INFO  c.t.t.t.p.s.c.ConnectionManager - Sending message on broadcast
2026-10-03 12:36:19 [WebSocketWorker-18] INFO  c.t.t.t.p.s.c.ConnectionManager - Send message to connection. [connectionId=d0a95951-a829-4cd4-b12f-e653876d5dd1] [userId=a9876944-0518-4057-ba2b-5171c3a8bea7]
2026-10-03 12:36:19 [WebSocketWorker-18] INFO  c.t.t.t.p.s.c.ConnectionManager - Send message to connection. [connectionId=feb62a57-9125-4a25-b709-555cca6be055] [userId=64f51ab2-6a09-44f6-8606-bf4a0718d920]
2026-10-03 12:36:19 [WebSocketWorker-18] INFO  c.t.t.t.p.socket.room.RoomManager - Broadcast sent. [RoomId=8cf07d1c-15b9-42fa-ab75-f5e5882ae312] [Recipients=1]
2026-10-03 12:36:33 [WebSocketSelector-29] INFO  c.t.t.t.p.s.c.ConnectionManager - Getting connection by websocket
2026-10-03 12:36:33 [WebSocketSelector-29] INFO  c.t.t.t.p.s.c.ConnectionManager - Got connection by websocket. [connectionId=d0a95951-a829-4cd4-b12f-e653876d5dd1] [userId=a9876944-0518-4057-ba2b-5171c3a8bea7]
2026-10-03 12:36:33 [WebSocketSelector-29] INFO  c.t.t.t.p.s.c.ConnectionManager - Connection removed successfully. [connectionId=d0a95951-a829-4cd4-b12f-e653876d5dd1] [userId=a9876944-0518-4057-ba2b-5171c3a8bea7]
2026-10-03 12:36:33 [WebSocketSelector-29] INFO  c.t.t.t.p.socket.room.RoomManager - User left room. [RoomId=8cf07d1c-15b9-42fa-ab75-f5e5882ae312] [UserId=a9876944-0518-4057-ba2b-5171c3a8bea7] [TotalUsers=0]
2026-10-03 12:36:33 [WebSocketSelector-29] INFO  c.t.t.t.i.p.j.r.RoomPlayerJpaRepository - RoomPlayer deleted successfully. [RoomPlayerId=58a7cad3-2743-438d-b126-0d6819ecfe3f]
2026-10-03 12:36:33 [WebSocketSelector-29] INFO  c.t.t.t.p.socket.room.RoomManager - Room removed by id. [RoomId=8cf07d1c-15b9-42fa-ab75-f5e5882ae312] [TotalRooms=0]
2026-10-03 12:36:33 [WebSocketSelector-29] INFO  c.t.t.t.i.p.j.r.RoomJpaRepository - Room deleted successfully. [RoomId=8cf07d1c-15b9-42fa-ab75-f5e5882ae312]
2026-10-03 12:36:33 [WebSocketSelector-29] INFO  c.t.t.t.a.service.RoomServiceImpl - Room deleted. [roomId=8cf07d1c-15b9-42fa-ab75-f5e5882ae312]
2026-10-03 12:36:33 [WebSocketSelector-29] INFO  c.t.t.t.p.s.c.ConnectionManager - Sending message on broadcast
2026-10-03 12:36:33 [WebSocketSelector-29] INFO  c.t.t.t.p.s.c.ConnectionManager - Send message to connection. [connectionId=feb62a57-9125-4a25-b709-555cca6be055] [userId=64f51ab2-6a09-44f6-8606-bf4a0718d920]
2026-10-03 12:36:33 [WebSocketSelector-29] WARN  c.t.t.t.p.socket.SocketServer - Close connection. [connectionId=d0a95951-a829-4cd4-b12f-e653876d5dd1] [userId=a9876944-0518-4057-ba2b-5171c3a8bea7] [code=1000] [reason=Client initiated close]
2026-10-03 12:36:40 [WebSocketSelector-29] INFO  c.t.t.t.p.s.c.ConnectionManager - Getting connection by websocket
2026-10-03 12:36:40 [WebSocketSelector-29] INFO  c.t.t.t.p.s.c.ConnectionManager - Got connection by websocket. [connectionId=feb62a57-9125-4a25-b709-555cca6be055] [userId=64f51ab2-6a09-44f6-8606-bf4a0718d920]
2026-10-03 12:36:40 [WebSocketSelector-29] INFO  c.t.t.t.p.s.c.ConnectionManager - Connection removed successfully. [connectionId=feb62a57-9125-4a25-b709-555cca6be055] [userId=64f51ab2-6a09-44f6-8606-bf4a0718d920]
2026-10-03 12:36:40 [WebSocketSelector-29] WARN  c.t.t.t.p.socket.SocketServer - Close connection. [connectionId=feb62a57-9125-4a25-b709-555cca6be055] [userId=64f51ab2-6a09-44f6-8606-bf4a0718d920] [code=1006] [reason=]
